"gene","mutated_samples","total_mutations"
"TP53",332,349
"PIK3CA",331,379
"TTN",206,368
"CDH1",131,137
"GATA3",127,129
"MUC16",127,169
"KMT2C",88,100
"MAP3K1",85,127
"RYR2",79,101
"HMCN1",69,89
"SYNE1",69,91
"FLG",64,75
"USH2A",61,67
"SPTA1",60,66
"RYR3",58,65
"ZFHX4",55,62
"MUC17",54,60
"DMD",53,68
"OBSCN",53,66
"PTEN",52,58
"DST",51,81
"NCOR1",51,56
"MACF1",50,61
"ABCA13",49,60
"NEB",46,57
"FAT3",45,54
"MUC5B",45,48
"APOB",44,52
"CSMD3",44,48
"PKHD1L1",44,52
"CSMD1",43,50
"LRP2",43,51
"SYNE2",43,64
"HUWE1",42,51
"NF1",42,44
"RYR1",42,46
"CACNA1E",41,44
"DNAH11",41,48
"RUNX1",41,45
"LRP1B",40,47
"MDN1",40,48
"PCLO",40,48
"ARID1A",39,41
"MAP2K4",39,39
"SPEN",39,54
"ADGRV1",38,49
"CSMD2",37,41
"XIRP2",37,52
"ASPM",36,43
"CUBN",36,42
"KMT2D",36,40
"MYCBP2",36,44
"DNAH9",35,41
"FAT1",35,36
"MXRA5",35,43
"PRKDC",35,44
"TBX3",35,36
"BIRC6",34,38
"DNAH17",34,39
"FMN2",34,37
"HERC2",34,43
"HYDIN",34,40
"LRP1",34,43
"PRUNE2",34,41
"RELN",34,37
"VPS13B",34,39
"AHNAK",33,48
"DNAH8",33,41
"MYH9",33,34
"CHD4",32,36
"FCGBP",32,37
"MED12",32,35
"PIK3R1",32,36
"SVEP1",32,36
"TENM1",32,35
"ANK2",31,38
"DNAH5",31,40
"DYNC1H1",31,33
"KIAA1109",31,37
"KMT2A",31,33
"LYST",31,38
"MAP1A",31,36
"USP34",31,33
"AKAP9",30,38
"CHD6",30,30
"DNAH10",30,40
"PKHD1",30,33
"PTPRD",30,33
"ADGRG4",29,33
"AHCTF1",29,34
"DCHS2",29,33
"DNAH2",29,34
"DNAH3",29,30
"DOCK11",29,34
"F8",29,33
"FOXA1",29,31
"TEX15",29,39
"TG",29,32
"UBR4",29,36
"AKT1",28,29
"ASXL3",28,29
"COL12A1",28,33
"DNAH7",28,36
"GON4L",28,33
"PAPPA2",28,35
"SRCAP",28,30
"USP9X",28,31
"UTRN",28,31
"VPS13C",28,33
"ANK3",27,37
"ASH1L",27,34
"ATM",27,29
"CACNA1A",27,28
"CACNA1F",27,27
"CMYA5",27,42
"COL6A3",27,29
"HERC1",27,34
"KIF4A",27,27
"LAMA1",27,28
"NOTCH2",27,29
"PDZD2",27,28
"PREX2",27,31
"RNF213",27,32
"SACS",27,38
"TAF1",27,28
"UNC13C",27,32
"ATRX",26,37
"BRWD1",26,28
"CBFB",26,28
"CEP350",26,32
"CHD7",26,28
"F5",26,32
"FAT4",26,30
"FLG2",26,29
"LCT",26,27
"MGAM",26,27
"PCNT",26,28
"RB1",26,28
"SPHKAP",26,31
"ZNF536",26,27
"AFF2",25,28
"BRCA1",25,25
"DMXL2",25,32
"DNAH1",25,29
"FBN1",25,29
"FLNA",25,29
"FREM1",25,27
"GRIN2A",25,25
"MYO10",25,29
"NEXMIF",25,26
"PLXNA4",25,28
"PTPRB",25,28
"SCN10A",25,29
"SSPOP",25,28
"TCHH",25,29
"TLN1",25,28
"UBR5",25,26
"VPS13D",25,30
"ZAN",25,26
"ZDBF2",25,31
"ABCA8",24,29
"AHNAK2",24,31
"ANKRD12",24,25
"BRCA2",24,27
"CACNA1C",24,25
"CENPE",24,27
"DYNC2H1",24,27
"ERBB2",24,26
"FRAS1",24,28
"FREM2",24,27
"GOLGB1",24,30
"HECW1",24,27
"MYH8",24,24
"MYO18B",24,26
"PCDH19",24,27
"PKD1L1",24,28
"RP1",24,26
"SCN2A",24,29
"THSD7B",24,24
"TNXB",24,27
"TPR",24,25
"ABCA12",23,25
"ALMS1",23,30
"ARID1B",23,23
"BAZ2B",23,28
"COL14A1",23,33
"CREBBP",23,25
"CTCF",23,23
"FAT2",23,29
"FLNC",23,26
"HTT",23,24
"ITPR2",23,24
"LRBA",23,25
"MEGF8",23,24
"MROH2B",23,27
"MTOR",23,24
"MUC2",23,24
"NIPBL",23,28
"PXDNL",23,24
"SDK1",23,28
"UNC5D",23,24
"VWF",23,23
"WDFY3",23,26
"ZNF292",23,29
"ASTN1",22,24
"ATP10B",22,24
"BOD1L1",22,26
"BSN",22,26
"CNTNAP5",22,25
"COL22A1",22,25
"CPAMD8",22,22
"CPLANE1",22,26
"DOCK10",22,25
"ERBB3",22,24
"FAM47C",22,23
"FLNB",22,23
"HSPG2",22,23
"ICE1",22,27
"IGSF10",22,22
"KIF26B",22,24
"LAMA2",22,25
"MAP2",22,25
"MGA",22,28
"MUC4",22,22
"MYH1",22,23
"MYH7",22,23
"MYLK",22,23
"MYO16",22,24
"NCOA6",22,23
"NRXN2",22,22
"PCDH15",22,25
"PLXNA2",22,25
"SEMA3D",22,23
"SMG1",22,28
"SPTB",22,22
"SVIL",22,24
"TACC2",22,27
"TAF1L",22,26
"TENM2",22,23
"TENM3",22,24
"THSD7A",22,25
"TRRAP",22,25
"TSHZ3",22,22
"ZFHX3",22,27
"ANK1",21,21
"ARHGEF11",21,24
"CFH",21,21
"CPS1",21,22
"DNAJC13",21,25
"DSCAM",21,24
"EPG5",21,24
"FASN",21,24
"FBN3",21,22
"FER1L6",21,23
"FN1",21,24
"FRMPD4",21,23
"HELZ",21,26
"HIVEP1",21,23
"HRNR",21,23
"KCNB2",21,21
"MKI67",21,25
"MRC1",21,23
"OTOGL",21,24
"PHKA2",21,21
"PIWIL1",21,21
"QSER1",21,23
"SETD2",21,24
"SI",21,22
"SNRNP200",21,22
"SPTBN2",21,21
"TRPM6",21,24
"VPS13A",21,27
"ZFPM2",21,21
"ZNF462",21,24
"ABCC9",20,21
"ARHGAP31",20,20
"ARHGAP35",20,22
"CDC42BPA",20,21
"CIT",20,21
"COL11A1",20,21
"COL6A6",20,20
"CSPP1",20,25
"DCHS1",20,24
"IGF2R",20,21
"KCNT2",20,21
"KDM6A",20,21
"KIAA1210",20,23
"LRRK2",20,22
"MICAL2",20,20
"NAV3",20,20
"NCKAP5",20,21
"PLEC",20,24
"RAD54B",20,22
"RIMBP2",20,21
"RLF",20,25
"ROS1",20,20
"SCN5A",20,22
"SHANK1",20,20
"TEP1",20,21
"TMEM132D",20,24
"UGGT2",20,21
"ZNF208",20,22
"ANKRD17",19,20
"ATAD2B",19,21
"ATP2B1",19,23
"ATP2B3",19,19
"CAD",19,22
"CEP170",19,19
"CEP250",19,21
"CHD8",19,23
"DMXL1",19,24
"DOCK4",19,20
"GCC2",19,20
"GRIA3",19,20
"H3C2",19,19
"HCFC1",19,20
"HECTD4",19,23
"ITPR1",19,21
"ITPR3",19,19
"KAT6B",19,21
"LRRK1",19,21
"MIA3",19,21
"MYH4",19,22
"MYH7B",19,21
"MYO3A",19,25
"MYO7A",19,20
"MYO7B",19,21
"MYOM2",19,22
"NBAS",19,21
"PCDH11X",19,20
"PEG3",19,22
"PLCB4",19,24
"PLCE1",19,20
"PLCH1",19,21
"RAPGEF6",19,19
"REV3L",19,22
"SCN1A",19,23
"SCN8A",19,20
"SETX",19,26
"TBC1D4",19,19
"TLR4",19,22
"TRIO",19,22
"TRPC5",19,20
"UTP20",19,19
"VCAN",19,23
"WNK1",19,23
"YLPM1",19,21
"ABCA9",18,20
"ACACA",18,21
"ADAMTS20",18,21
"ADAMTSL1",18,20
"ADAMTSL3",18,19
"ADCY8",18,18
"AFDN",18,23
"AFF3",18,18
"ANKRD11",18,22
"APC",18,28
"ARFGEF1",18,20
"C2ORF16",18,24
"CACNA1S",18,20
"CASP8",18,18
"CECR2",18,21
"CENPF",18,23
"CHD5",18,19
"CHD9",18,21
"CNOT1",18,20
"COL1A2",18,18
"COL7A1",18,19
"DCC",18,18
"DOCK7",18,19
"DSCAML1",18,18
"DSP",18,24
"EML5",18,18
"ERICH3",18,22
"GRIA1",18,19
"GRM3",18,18
"HDLBP",18,19
"HEATR1",18,21
"HECTD1",18,20
"JMJD1C",18,24
"KALRN",18,22
"KIAA0232",18,21
"KIF1B",18,18
"KMT2E",18,18
"LAMA3",18,19
"LTBP1",18,19
"MADD",18,19
"MAGI1",18,20
"MARF1",18,21
"MED12L",18,20
"MED23",18,18
"MIA2",18,19
"MYH10",18,21
"MYH11",18,21
"MYH13",18,18
"MYO5B",18,18
"NBEA",18,20
"NID1",18,19
"NLRC5",18,18
"NOS1",18,21
"PCNX2",18,20
"PHF3",18,21
"RANBP2",18,22
"RIMS2",18,20
"RTL9",18,20
"SCN3A",18,19
"SCN9A",18,24
"SHROOM2",18,26
"SPATA31D1",18,19
"TANC2",18,19
"TECTA",18,18
"TNN",18,22
"TNR",18,18
"UNC79",18,19
"WDR44",18,19
"WNK3",18,24
"ZNF687",18,19
"ZP4",18,19
"ABCB1",17,17
"AMER1",17,17
"ANKHD1-EIF4EBP3",17,17
"ANKRD26",17,19
"ARID4B",17,22
"ATAD2",17,20
"ATP7A",17,19
"ATR",17,20
"BCORL1",17,17
"BDP1",17,19
"BRWD3",17,19
"C2CD3",17,18
"CACNA1B",17,17
"CACNA1D",17,19
"CARD11",17,17
"CARMIL3",17,19
"CASP8AP2",17,18
"CDH23",17,17
"CDH8",17,17
"CNTLN",17,18
"COL5A1",17,18
"COL5A3",17,19
"CR1",17,18
"DIDO1",17,20
"DYSF",17,21
"EHMT1",17,18
"EP300",17,18
"EP400",17,19
"ESPL1",17,17
"FAM135B",17,18
"GCN1",17,19
"GRID1",17,19
"GRIK2",17,18
"GRIN2B",17,17
"HDAC6",17,17
"HIVEP2",17,18
"IGSF1",17,20
"IRS4",17,17
"KIAA1549L",17,20
"KIF13A",17,19
"KIF16B",17,18
"LAMA5",17,18
"MAP3K4",17,17
"MED13",17,24
"MYH14",17,17
"MYH15",17,21
"MYO15A",17,19
"MYO18A",17,19
"MYT1L",17,17
"NALCN",17,20
"NAV1",17,18
"NEDD9",17,17
"NHS",17,18
"NIN",17,20
"NRK",17,18
"NUP210L",17,18
"PAPPA",17,18
"PDE4DIP",17,21
"PIK3C2B",17,19
"PRRC2C",17,19
"SAGE1",17,18
"SCN11A",17,18
"SCN4A",17,20
"SCN7A",17,18
"SLITRK2",17,18
"SMARCA4",17,17
"STAG2",17,19
"TASOR2",17,22
"TDRD6",17,19
"TET1",17,22
"THADA",17,20
"TJP1",17,19
"TNC",17,18
"TNRC6B",17,17
"WWC3",17,17
"XRN1",17,18
"ZMYM3",17,17
"ZNF592",17,19
"ZNFX1",17,20
"ABCA4",16,18
"ABCC12",16,16
"ADCY10",16,18
"ADCY2",16,17
"AKAP13",16,18
"AKAP6",16,19
"ARID2",16,18
"ASXL2",16,20
"ATP1A4",16,16
"ATP9A",16,16
"ATXN2",16,18
"BACH2",16,16
"BCL9",16,17
"BRINP1",16,16
"CADPS",16,16
"CASR",16,16
"CCNB3",16,17
"CD163L1",16,20
"CDH9",16,18
"CDK12",16,18
"CDK5RAP2",16,16
"CEP162",16,18
"CNTN1",16,16
"CNTNAP2",16,16
"COL19A1",16,16
"COL4A4",16,16
"COL4A5",16,18
"COL4A6",16,17
"CRB1",16,16
"CRNKL1",16,16
"CTNNA2",16,16
"DLG1",16,16
"DOCK3",16,19
"EVPL",16,18
"FBXW7",16,16
"HIVEP3",16,21
"IQGAP3",16,17
"IREB2",16,16
"ITGAX",16,18
"LAMA4",16,19
"MYH6",16,18
"NAV2",16,16
"NFASC",16,17
"NLRC4",16,18
"NSD1",16,20
"NUP188",16,19
"OTOF",16,18
"PCDHB1",16,16
"PHF20L1",16,17
"PLCL2",16,18
"PLXNA3",16,19
"PPP1R3A",16,18
"PTCHD4",16,16
"PTPRZ1",16,17
"RALGAPA2",16,18
"RIF1",16,16
"ROBO1",16,18
"SALL1",16,16
"SAMD9",16,17
"SETDB1",16,16
"SF3B1",16,17
"SLIT2",16,17
"SPAG17",16,19
"SRGAP1",16,18
"SRRM2",16,22
"ST18",16,18
"STAG1",16,23
"STAT4",16,17
"SUCO",16,20
"SYBU",16,16
"SYCP2",16,17
"TENM4",16,18
"TNIK",16,16
"TP53BP1",16,18
"TRIP11",16,17
"UBC",16,16
"UNC13A",16,16
"USP15",16,16
"VCPIP1",16,17
"WDR17",16,17
"ABCA3",15,18
"ABCB11",15,18
"ACACB",15,18
"ACE",15,15
"ACTN2",15,18
"ADCY9",15,18
"ADGRB3",15,17
"ADGRF5",15,17
"AK9",15,16
"ALK",15,16
"AP000769.3",15,18
"ARFGEF3",15,16
"ATP11C",15,15
"BLM",15,20
"BPTF",15,15
"BRINP3",15,16
"CACNA1G",15,22
"CDC42BPB",15,16
"CDH12",15,15
"CDH26",15,17
"CELSR1",15,15
"CELSR3",15,16
"CFAP47",15,16
"CNTN6",15,15
"CTTNBP2",15,16
"CUL7",15,16
"DENND4B",15,16
"DENND5B",15,15
"DGKD",15,15
"DIP2C",15,17
"DOCK2",15,16
"EGFR",15,15
"EPHB1",15,16
"ERBB4",15,16
"ERCC6",15,21
"FAM47A",15,16
"FCRL5",15,16
"FHOD3",15,17
"FNDC1",15,17
"FOCAD",15,19
"FRY",15,16
"FRYL",15,18
"GRIK1",15,15
"HEATR5B",15,15
"HECW2",15,17
"HEG1",15,16
"ITIH6",15,15
"ITSN1",15,17
"KCNH7",15,16
"KDM5B",15,16
"KIAA2026",15,18
"KIF5C",15,16
"LAMC1",15,15
"LCOR",15,18
"LPA",15,16
"LRRC7",15,18
"LRRIQ1",15,16
"MAGEA12",15,15
"MAP3K13",15,15
"MORC1",15,16
"MYO9A",15,16
"NLRP7",15,17
"NPHP4",15,16
"NUP160",15,19
"NWD1",15,15
"PARP1",15,16
"PATJ",15,17
"PCARE",15,16
"PDE3A",15,18
"PIKFYVE",15,16
"PLEKHH2",15,16
"PLXNB2",15,17
"POLA1",15,19
"POLQ",15,15
"PRDM10",15,15
"PRKG2",15,15
"PTPRF",15,17
"RALGAPB",15,20
"RASGRF1",15,20
"RBBP6",15,16
"RGS7",15,17
"RIMS1",15,15
"RPGR",15,18
"RUNX1T1",15,15
"SAMD9L",15,19
"SDK2",15,20
"SIPA1L1",15,16
"SIPA1L2",15,18
"SMCHD1",15,16
"STAB1",15,15
"STAB2",15,18
"SYMPK",15,15
"SZT2",15,23
"TEK",15,18
"TMPRSS15",15,16
"TNRC6A",15,17
"TNRC6C",15,16
"TRAPPC9",15,16
"TRPS1",15,16
"UBR2",15,16
"UHRF1BP1L",15,16
"USF3",15,16
"WDR7",15,16
"WSCD2",15,16
"XPO1",15,19
"ZNF831",15,15
"ABCA10",14,16
"ABCA6",14,16
"ABCB4",14,17
"ADAMTS2",14,14
"ADGRA3",14,14
"AKAP4",14,14
"ANKRD30A",14,16
"ANO4",14,17
"ATP11A",14,16
"BCOR",14,15
"BRIP1",14,15
"C5",14,17
"CCDC144A",14,16
"CDH10",14,15
"CFAP61",14,14
"CFTR",14,17
"CHD3",14,16
"CKAP5",14,14
"COL18A1",14,14
"COL27A1",14,16
"COPA",14,16
"CPED1",14,16
"CPSF1",14,14
"CTNND2",14,15
"DIP2A",14,15
"DISP1",14,18
"DLC1",14,14
"DMBT1",14,15
"DNM3",14,15
"ECPAS",14,16
"EEA1",14,15
"EPHA5",14,14
"FAM47B",14,14
"FGFR2",14,16
"GLI3",14,15
"GNAS",14,15
"GRM8",14,14
"GTF3C1",14,16
"HDX",14,15
"HTATSF1",14,16
"IARS1",14,14
"IKBKE",14,15
"ITGA10",14,14
"KCNA4",14,15
"KCNH6",14,15
"KIAA0100",14,15
"KIAA0319",14,14
"KIF14",14,16
"KIF20B",14,14
"KIF21B",14,17
"LAMB4",14,15
"LEPR",14,14
"LRP4",14,15
"MAGED1",14,14
"MAGI2",14,14
"MARK1",14,14
"MMRN1",14,15
"MROH1",14,17
"MTM1",14,17
"MYOF",14,17
"MYOM1",14,14
"NBEAL1",14,17
"NEDD4L",14,14
"NES",14,17
"NLGN4X",14,14
"NLRP11",14,15
"NLRP2",14,14
"NRXN1",14,15
"NRXN3",14,15
"NUP98",14,15
"PCDH10",14,15
"PCDHA10",14,16
"PCDHA13",14,16
"PCDHA4",14,17
"PCDHA8",14,15
"PCDHB7",14,16
"PCDHGA1",14,17
"PCDHGA3",14,14
"PCDHGB6",14,15
"PCSK5",14,14
"PHIP",14,14
"PKD1",14,15
"PKDREJ",14,21
"PLEKHA6",14,21
"PMFBP1",14,14
"POGZ",14,14
"POLR1A",14,15
"PPEF1",14,15
"PPFIA2",14,16
"PPP1R9A",14,15
"PREX1",14,15
"PRX",14,16
"QRICH2",14,17
"RASAL2",14,14
"RB1CC1",14,14
"RIC1",14,14
"RICTOR",14,14
"SBF2",14,15
"SHROOM4",14,16
"SIGLEC1",14,14
"SIPA1L3",14,14
"SLC12A5",14,15
"SLC4A2",14,17
"SLCO1C1",14,14
"SMARCC1",14,14
"SMG8",14,18
"SORCS1",14,15
"SPG11",14,14
"SPICE1",14,14
"SPIDR",14,14
"SPTAN1",14,17
"SPTBN1",14,14
"SUPT5H",14,15
"TBC1D8",14,14
"TGS1",14,15
"TNS3",14,16
"TOGARAM1",14,18
"TP53BP2",14,16
"TRIOBP",14,15
"TRIP12",14,17
"TRPA1",14,15
"TRPC7",14,16
"TSHZ2",14,14
"UMODL1",14,18
"UPF2",14,16
"WWP2",14,15
"XPOT",14,15
"ZBBX",14,14
"ZEB2",14,15
"ZFC3H1",14,14
"ZMYM4",14,14
"ZNF648",14,14
"ZRANB3",14,14
"AARS1",13,13
"ABCC1",13,13
"ABI3BP",13,16
"ABR",13,13
"ADGRE3",13,13
"ADGRL3",13,14
"ADNP",13,17
"AFF1",13,14
"AGBL1",13,14
"AKAP12",13,14
"AMBRA1",13,14
"ANO2",13,13
"ARHGAP5",13,16
"ATAD5",13,13
"ATG2A",13,16
"ATP10A",13,13
"BCAS1",13,13
"CACNA1H",13,13
"CAMSAP1",13,16
"CARMIL1",13,15
"CBLB",13,15
"CCDC180",13,16
"CDKL5",13,13
"CEP152",13,17
"CEP192",13,16
"CEP95",13,15
"CHD2",13,16
"CLIP1",13,17
"CNKSR2",13,16
"CNTRL",13,18
"COL5A2",13,15
"CPXM1",13,14
"CUX1",13,14
"CYP2A13",13,13
"DAB1",13,13
"DAPK1",13,13
"DCDC1",13,14
"DGKG",13,15
"DNMT1",13,13
"DOCK8",13,14
"DOCK9",13,15
"DPP10",13,16
"DSE",13,15
"DUOX2",13,14
"DYNC1I1",13,13
"EFCAB5",13,14
"EHD1",13,13
"EIF4A2",13,15
"ELP1",13,15
"ENPP2",13,16
"EPHA7",13,13
"EPRS1",13,15
"ESYT1",13,13
"FBN2",13,14
"FGD6",13,14
"FRMPD1",13,14
"GALNTL5",13,13
"GOLGA3",13,14
"GPR158",13,15
"GPR179",13,14
"GPRASP1",13,15
"GPRASP2",13,14
"GREB1",13,14
"GRIPAP1",13,13
"GUCY2C",13,14
"IFT122",13,14
"IL1RAPL1",13,17
"IPO8",13,15
"ITGA11",13,14
"ITGA8",13,17
"ITGB2",13,13
"KCNQ3",13,13
"KCNQ5",13,15
"KCNU1",13,13
"KDM3A",13,13
"KDM4C",13,13
"KLHL1",13,14
"KMT2B",13,15
"L1CAM",13,13
"LINGO2",13,14
"MAP3K15",13,14
"MAST1",13,14
"MAST4",13,13
"MCTP2",13,13
"MECOM",13,15
"MELTF",13,13
"MRC2",13,13
"MROH5",13,15
"MTUS2",13,14
"MUSK",13,13
"MYH2",13,13
"MYO5A",13,13
"MYPN",13,16
"NCAN",13,13
"NCL",13,14
"NINL",13,14
"NLGN3",13,13
"NLRP12",13,14
"NRCAM",13,15
"NYNRIN",13,15
"PCDH9",13,14
"PCDHA1",13,14
"PCDHA12",13,15
"PCDHA9",13,13
"PCDHB12",13,14
"PCDHB2",13,13
"PCDHB5",13,13
"PCDHGA7",13,14
"PCDHGB4",13,16
"PCNX1",13,14
"PHF8",13,16
"PKP4",13,16
"PLCB1",13,18
"PLEKHG2",13,16
"PLXNA1",13,13
"PPL",13,13
"PPRC1",13,14
"PRKCB",13,14
"PRPF8",13,13
"PTCHD1",13,14
"PTPRM",13,13
"RAB3GAP2",13,14
"RC3H1",13,13
"RFX6",13,16
"RGS22",13,16
"RPTN",13,14
"SEC16B",13,13
"SEC24B",13,15
"SELP",13,13
"SFMBT1",13,13
"SGSM1",13,14
"SIDT2",13,14
"SLC30A5",13,13
"SLC4A4",13,14
"SLC4A5",13,14
"SLC9C1",13,15
"SMARCA2",13,13
"SNCAIP",13,13
"SORBS1",13,13
"SUPT6H",13,13
"TANC1",13,15
"TBC1D31",13,13
"TCF4",13,13
"TDRD5",13,13
"THSD4",13,13
"TIAM2",13,14
"TLR7",13,13
"TMEM131",13,14
"TOPBP1",13,14
"TRDN",13,13
"TRPM2",13,14
"TRPM3",13,16
"TSPOAP1",13,14
"TUT7",13,15
"UBA1",13,14
"UBE3C",13,16
"UGT1A6",13,14
"USP32",13,18
"VIRMA",13,15
"WDR33",13,14
"WDR72",13,13
"WRN",13,14
"XKR4",13,14
"ZC3H11A",13,14
"ZNF106",13,15
"ZNF318",13,13
"A2ML1",12,14
"ABCA5",12,15
"ABCC4",12,13
"ABCC8",12,14
"ACVR2A",12,12
"ADAM29",12,12
"ADAMTS1",12,12
"ADAMTS13",12,12
"ADAMTS16",12,12
"ADAMTS17",12,12
"ADAMTS19",12,12
"ADGRL2",12,13
"ADGRL4",12,13
"ALPK2",12,14
"AMPD1",12,12
"ANKFN1",12,13
"ANKRD28",12,14
"AP3B1",12,12
"APBA2",12,12
"APOBR",12,17
"ARAP3",12,12
"ARHGAP21",12,12
"ARHGEF40",12,12
"ASXL1",12,17
"ATG2B",12,12
"ATP10D",12,14
"ATP13A4",12,12
"ATP8B2",12,12
"BAZ1B",12,18
"BIVM-ERCC5",12,12
"BMPR2",12,12
"C3",12,14
"CABIN1",12,14
"CACNA2D3",12,13
"CADPS2",12,13
"CCDC7",12,12
"CCDC80",12,12
"CCDC88A",12,19
"CELSR2",12,20
"CFAP44",12,13
"CFAP74",12,12
"CGNL1",12,12
"CLTC",12,15
"CNTN4",12,14
"CNTNAP1",12,13
"CNTNAP3",12,14
"COL4A2",12,12
"COL4A3",12,14
"CR2",12,12
"CSPG4",12,15
"DAAM2",12,13
"DDR2",12,12
"DENND1A",12,13
"DHX9",12,12
"DIAPH2",12,12
"DICER1",12,13
"DLGAP2",12,12
"DNMBP",12,12
"DOCK5",12,12
"DOP1A",12,12
"DOP1B",12,14
"DSEL",12,12
"DYRK1A",12,15
"EIF5B",12,12
"ELMO1",12,13
"ESR1",12,12
"EXO1",12,12
"EXPH5",12,13
"FAM171A1",12,13
"FAM171B",12,12
"FAM91A1",12,12
"FANCD2",12,14
"FCRL3",12,12
"FGD5",12,14
"FGFR1",12,13
"FMN1",12,12
"FMR1",12,13
"FRMPD2",12,12
"GABBR2",12,12
"GANAB",12,12
"GBA3",12,12
"GEMIN5",12,12
"GFPT2",12,13
"GIMAP8",12,12
"GNPTAB",12,12
"GOLGA4",12,15
"GPS2",12,12
"GRIN2C",12,12
"HAS2",12,14
"HEPH",12,13
"IFT172",12,14
"INPPL1",12,12
"INTS1",12,15
"INTS6",12,13
"ITGA1",12,13
"ITGB4",12,12
"ITSN2",12,13
"JAK3",12,14
"KAT6A",12,12
"KCNH1",12,12
"KDM5A",12,13
"KDR",12,13
"KIAA1217",12,18
"KIF21A",12,13
"KNL1",12,14
"KRIT1",12,12
"LAMB1",12,13
"LAMB2",12,12
"LIFR",12,12
"LMTK2",12,14
"LRP6",12,14
"MAGI3",12,14
"MAML2",12,12
"MAMLD1",12,12
"MAP3K5",12,13
"MBD5",12,12
"MEFV",12,14
"MEP1A",12,15
"MKRN3",12,12
"MLH3",12,12
"MLLT10",12,12
"MPDZ",12,16
"MROH7",12,13
"MTHFD1",12,13
"MUC6",12,13
"MYO6",12,12
"NBPF11",12,12
"NCKAP1",12,15
"NCOA3",12,14
"NLRP3",12,12
"NLRP5",12,12
"NOTCH3",12,12
"NPAS4",12,14
"NRIP1",12,12
"NSD3",12,14
"NUP153",12,12
"NUP205",12,15
"OAS2",12,14
"OBSL1",12,14
"OGDH",12,12
"PALM2AKAP2",12,14
"PC",12,14
"PCDHA11",12,14
"PCDHA2",12,14
"PCDHA6",12,12
"PCDHB8",12,13
"PCDHB9",12,13
"PCDHGA12",12,13
"PCDHGA2",12,13
"PCDHGA9",12,12
"PCDHGB1",12,13
"PDIA5",12,13
"PI4KA",12,15
"PJA1",12,17
"PLA2G4A",12,14
"PLCG1",12,13
"PLG",12,13
"POLE",12,13
"POM121",12,13
"PROX1",12,12
"PRRC2B",12,14
"PRTG",12,14
"PTCH1",12,13
"PTPN13",12,17
"PTPRC",12,13
"PTPRT",12,15
"RANBP6",12,12
"RAPGEF1",12,12
"RFC1",12,14
"ROBO2",12,15
"ROCK2",12,13
"ROR1",12,12
"RP1L1",12,12
"RPTOR",12,13
"RREB1",12,12
"RTTN",12,13
"SBNO1",12,12
"SCYL3",12,12
"SEL1L3",12,13
"SERPINE1",12,13
"SHANK2",12,15
"SLC1A6",12,13
"SLC26A4",12,13
"SLC26A9",12,14
"SLC8A1",12,12
"SLC9A8",12,13
"SLC9C2",12,13
"SLCO2A1",12,14
"SLITRK3",12,15
"SMC1A",12,14
"SNTG1",12,12
"SON",12,15
"SPTBN4",12,12
"SRGAP2",12,12
"STON1",12,13
"STXBP5",12,13
"STYXL2",12,12
"SUPT16H",12,13
"SYCP1",12,13
"TARBP1",12,13
"TBX18",12,12
"TEX14",12,13
"THOC2",12,13
"TMEM132E",12,13
"TRANK1",12,13
"TRHDE",12,12
"TRPV2",12,12
"TTC21A",12,13
"TTC21B",12,12
"UBE4B",12,12
"ULK4",12,12
"UNC13B",12,15
"VWA3A",12,12
"ZC3H12B",12,14
"ZGRF1",12,15
"ZKSCAN7",12,13
"ZMYM2",12,14
"ZNF217",12,12
"ZNF407",12,12
"ZNF423",12,12
"ZSWIM8",12,13
"ZZEF1",12,13
"A2M",11,11
"ABCA1",11,12
"ABCB5",11,13
"ADAM19",11,12
"ADAM23",11,11
"ADAMTS7",11,11
"ADAMTS9",11,12
"ADCY7",11,13
"ADD2",11,13
"ADGRE2",11,11
"ADGRG2",11,14
"AKAP11",11,13
"ALDH1L1",11,11
"ALDH1L2",11,11
"ANAPC1",11,12
"AOX1",11,13
"AP1B1",11,12
"APBA1",11,11
"AR",11,11
"ARHGAP24",11,12
"ARHGAP29",11,13
"ARHGAP6",11,12
"ARHGEF1",11,12
"ARHGEF15",11,13
"ARPP21",11,11
"ASCC2",11,11
"ASCC3",11,13
"ASIC3",11,12
"ATN1",11,12
"ATP2A1",11,11
"ATP2B4",11,13
"ATXN1",11,11
"BAP1",11,11
"BAZ1A",11,12
"CAMSAP2",11,14
"CCDC136",11,11
"CCDC150",11,14
"CD109",11,13
"CDH20",11,12
"CDKN1B",11,13
"CEMIP",11,11
"CEP290",11,13
"CFAP251",11,13
"CGN",11,13
"CHD1",11,14
"CLASP2",11,12
"COG1",11,12
"COL17A1",11,12
"COL1A1",11,15
"COL2A1",11,11
"COL3A1",11,12
"COL6A2",11,11
"CRAT",11,12
"CTNNA3",11,11
"CUL3",11,11
"CUL4B",11,11
"CUL9",11,11
"CYP4F11",11,11
"DCAF6",11,11
"DEPDC5",11,14
"DIP2B",11,12
"DLG5",11,11
"DLGAP1",11,11
"DMGDH",11,11
"DNM1",11,11
"DOCK6",11,12
"DUOX1",11,11
"EEF1AKMT4-ECE2",11,12
"EFCAB6",11,11
"EGFLAM",11,11
"EHBP1",11,11
"EIF2AK4",11,12
"ELAPOR2",11,12
"EPB41L2",11,11
"EPHB2",11,13
"EPHB3",11,12
"ERN2",11,11
"EXOC2",11,13
"FAM120C",11,13
"FAM13C",11,11
"FAM184A",11,13
"FANCI",11,11
"FKBP15",11,12
"FMO1",11,11
"FRMD4A",11,11
"GBF1",11,11
"GJA8",11,11
"GLDC",11,11
"GRIA4",11,11
"GUCY2F",11,11
"HDAC1",11,11
"HEATR5A",11,13
"HIPK2",11,12
"HPS3",11,11
"IFI16",11,11
"IFT140",11,11
"IGF1R",11,13
"INSR",11,12
"INSRR",11,11
"IQSEC2",11,11
"ITGAV",11,12
"ITK",11,11
"ITPKC",11,11
"JADE3",11,14
"JAK1",11,12
"KANK1",11,12
"KCNA5",11,12
"KCND2",11,12
"KCNK18",11,12
"KCTD3",11,11
"KDM3B",11,11
"KDM5C",11,15
"KIAA1549",11,13
"KIAA1755",11,13
"KIF1A",11,11
"KIF27",11,15
"KIF2B",11,11
"KIFC1",11,11
"LARP1",11,13
"LCA5L",11,11
"LDB2",11,11
"LHCGR",11,12
"LHX9",11,11
"LPO",11,12
"LRCH3",11,11
"LRP12",11,11
"LRPPRC",11,14
"LRRTM1",11,11
"LTBP2",11,12
"MAP10",11,11
"MAP4K4",11,13
"MBD6",11,11
"MED13L",11,12
"MEN1",11,14
"MERTK",11,11
"MID1",11,12
"MIS18BP1",11,12
"MLPH",11,12
"MOV10",11,12
"MOV10L1",11,11
"MTHFD1L",11,11
"MTMR4",11,11
"MTSS1",11,11
"MTTP",11,11
"MYB",11,11
"MYO5C",11,12
"MYOM3",11,12
"NCAM1",11,11
"NCAM2",11,11
"NCF2",11,11
"NEK10",11,12
"NEK5",11,11
"NELL1",11,14
"NFE2L3",11,11
"NOS3",11,11
"NOTCH1",11,13
"NPC1",11,12
"NRAP",11,13
"NTRK2",11,12
"NUAK1",11,11
"NUMA1",11,14
"NUP155",11,13
"NUP210",11,12
"OGDHL",11,11
"OGT",11,14
"OR4C15",11,12
"OVCH1",11,11
"PARP14",11,13
"PCDHA5",11,12
"PCDHB11",11,11
"PCDHB13",11,12
"PCDHB16",11,13
"PCDHB6",11,11
"PCDHGA6",11,11
"PDE4B",11,12
"PDE5A",11,12
"PEAK1",11,12
"PER2",11,12
"PEX1",11,11
"PGM5",11,11
"PHACTR1",11,11
"PHF12",11,11
"PIK3CB",11,12
"PLD1",11,11
"PLEKHA4",11,11
"PLEKHG1",11,12
"PLEKHG4B",11,12
"PMS2",11,12
"PPFIA1",11,13
"PPIP5K2",11,13
"PRKCE",11,12
"PRKD3",11,12
"PRPF4B",11,11
"PTCHD3",11,12
"PTK2",11,11
"PTPN22",11,12
"PTPN23",11,12
"PTPRG",11,14
"PTPRH",11,11
"PZP",11,11
"RADX",11,11
"RALGAPA1",11,14
"RAPGEF2",11,11
"RARB",11,11
"RBFOX1",11,11
"RBL1",11,12
"RBM12",11,11
"RBM26",11,11
"RBM6",11,11
"RET",11,11
"RFX3",11,11
"RFX4",11,12
"ROCK1",11,13
"RPS6KA3",11,13
"SATB1",11,12
"SCAF4",11,12
"SCYL2",11,11
"SEC24A",11,13
"SEC31A",11,11
"SEMA3C",11,12
"SEMA4F",11,12
"SEMA5A",11,12
"SEMA5B",11,11
"SH3PXD2A",11,11
"SH3PXD2B",11,11
"SHPRH",11,13
"SIK3",11,11
"SLC44A5",11,11
"SLITRK1",11,11
"SLITRK4",11,13
"SMARCA1",11,12
"SMC1B",11,11
"SORCS3",11,11
"SP3",11,11
"SPAG5",11,12
"SPAG9",11,12
"SPEF2",11,13
"SPEG",11,11
"SRRM4",11,11
"STAT5A",11,12
"SUPT20HL1",11,11
"SYNPO2",11,11
"SYT16",11,11
"SYT2",11,11
"TAOK2",11,11
"TBC1D25",11,12
"TET3",11,11
"TFE3",11,12
"TLL1",11,11
"TLN2",11,13
"TMC2",11,13
"TMEM131L",11,11
"TMEM132B",11,11
"TNFAIP3",11,11
"TNKS1BP1",11,12
"TNRC18",11,13
"TRABD2A",11,11
"TRAK2",11,14
"TRAPPC8",11,13
"TRIM33",11,12
"TRIM42",11,12
"TRPC3",11,11
"TRPC6",11,12
"TRPM8",11,12
"TSC2",11,11
"TTC3",11,13
"TUBGCP6",11,11
"UPF3B",11,12
"USO1",11,12
"USP53",11,11
"USP54",11,11
"USPL1",11,16
"VCAM1",11,13
"WAS",11,11
"WDR76",11,11
"WWC1",11,11
"XPC",11,12
"YEATS2",11,11
"ZBED4",11,14
"ZC3HAV1",11,12
"ZEB1",11,12
"ZFP36L1",11,11
"ZFYVE26",11,13
"ZNF180",11,14
"ZNF429",11,11
"ZNF532",11,12
"ZNF608",11,13
"ZNF711",11,11
"ZNF804B",11,11
"AAK1",10,11
"ABCA7",10,10
"ABCC10",10,11
"ABCC3",10,10
"AC008397.2",10,10
"ACIN1",10,10
"ACSBG1",10,11
"ACTN3",10,12
"ACTN4",10,11
"ADAM12",10,12
"ADAM21",10,11
"ADAMTS3",10,11
"ADCY5",10,12
"ADNP2",10,11
"AFF4",10,12
"AGO1",10,11
"AHI1",10,11
"ALPK1",10,10
"ANGPT1",10,10
"ANKAR",10,10
"ANKS1B",10,10
"ANO5",10,11
"APP",10,11
"ARFGEF2",10,11
"ARHGAP28",10,12
"ARHGEF10L",10,10
"ARHGEF12",10,13
"ARHGEF6",10,11
"ARHGEF7",10,10
"ARMC4",10,10
"ARMCX5",10,10
"ASAP1",10,12
"ATP2B2",10,13
"ATP2C1",10,10
"ATP2C2",10,11
"ATP7B",10,10
"AUTS2",10,12
"AXIN1",10,10
"BAZ2A",10,11
"BBS9",10,12
"BEST3",10,12
"BMPR1B",10,10
"BNC2",10,10
"BRPF3",10,11
"C6",10,10
"C9ORF43",10,10
"CA11",10,11
"CACNA2D2",10,10
"CALD1",10,11
"CAMSAP3",10,10
"CAMTA1",10,12
"CAPRIN2",10,10
"CARD6",10,12
"CASK",10,10
"CASZ1",10,10
"CATSPERE",10,12
"CCAR1",10,13
"CCDC39",10,11
"CCDC60",10,10
"CCDC88C",10,12
"CCPG1",10,10
"CD1E",10,11
"CD5L",10,10
"CDC5L",10,10
"CDH17",10,10
"CDH7",10,12
"CDHR2",10,12
"CEP126",10,15
"CEP70",10,11
"CEP72",10,11
"CFAP43",10,11
"CFAP58",10,10
"CFAP65",10,10
"CHD1L",10,10
"CHGB",10,10
"CHI3L1",10,11
"CHRM2",10,10
"CHRNB2",10,10
"CLASP1",10,10
"CLCA1",10,11
"CLCN5",10,10
"CLEC16A",10,11
"CNGA2",10,10
"CNGA3",10,10
"COBLL1",10,11
"COL4A1",10,12
"CORIN",10,10
"CPEB2",10,10
"CPT1C",10,12
"CROCC",10,10
"CRYBG1",10,12
"CSTF3",10,11
"CYFIP1",10,10
"CYFIP2",10,10
"CYP11B2",10,10
"CYP2S1",10,10
"DALRD3",10,10
"DCAF1",10,11
"DCLK2",10,11
"DDX3X",10,10
"DENND1B",10,11
"DGKK",10,14
"DNA2",10,11
"DNAJC14",10,10
"DNHD1",10,10
"DOCK1",10,13
"DOT1L",10,12
"DPP6",10,11
"DPYSL5",10,10
"DROSHA",10,11
"EFCAB13",10,13
"EPB41L3",10,10
"EPC1",10,11
"EPHA4",10,12
"EPPK1",10,11
"ERBIN",10,15
"ESYT3",10,10
"EXOC3",10,10
"FAM193A",10,10
"FAM214A",10,10
"FAM71B",10,10
"FILIP1",10,12
"FKBP8",10,11
"FLAD1",10,10
"FMNL3",10,10
"FNDC3A",10,12
"FOXP1",10,11
"FRG2C",10,10
"FSHR",10,10
"FYCO1",10,10
"GABRA4",10,10
"GALNT17",10,10
"GALNT5",10,10
"GBE1",10,10
"GLI2",10,10
"GNL3L",10,10
"GP6",10,10
"GPATCH8",10,11
"GPC5",10,10
"GPSM2",10,10
"GRHL2",10,10
"GRIN3A",10,10
"GRK1",10,11
"GRM1",10,11
"HDAC4",10,10
"HEPHL1",10,11
"HERC6",10,12
"HOOK1",10,11
"HRC",10,11
"HSP90AB1",10,11
"IARS2",10,11
"IGSF3",10,11
"IGSF9",10,12
"IL1RL2",10,11
"IL4R",10,10
"IMPG1",10,10
"INTS6L",10,14
"INTS7",10,10
"INTS8",10,11
"ITGA2",10,10
"ITIH4",10,10
"JAK2",10,10
"KCNA1",10,11
"KCND3",10,10
"KCNH5",10,10
"KCNN3",10,10
"KCNQ2",10,10
"KCNV1",10,10
"KDM2A",10,10
"KDM4A",10,10
"KIAA1614",10,11
"KIDINS220",10,12
"KIF17",10,11
"KIRREL1",10,10
"KIT",10,11
"KLHL4",10,11
"KMT5B",10,10
"KNTC1",10,11
"KPRP",10,10
"KRT2",10,10
"KSR2",10,10
"KTN1",10,10
"LAMB3",10,10
"LETM1",10,10
"LIG3",10,12
"LMTK3",10,10
"LRCH1",10,10
"LRGUK",10,12
"LRRC41",10,10
"LRRC8C",10,12
"LTBP4",10,10
"LTN1",10,11
"MACO1",10,13
"MAGEC1",10,11
"MAGEC3",10,10
"MAN2A1",10,12
"MAN2B1",10,14
"MAP4K1",10,10
"MAPKBP1",10,11
"MCF2L",10,10
"MCM4",10,10
"MED24",10,12
"MEGF10",10,11
"MET",10,12
"MIB1",10,12
"MICAL3",10,10
"MROH8",10,11
"MSH6",10,13
"MTR",10,11
"MYBPC1",10,11
"MYBPC2",10,11
"MYBPC3",10,13
"MYO1E",10,10
"MYO3B",10,13
"N4BP2",10,11
"NBEAL2",10,10
"NCAPD3",10,10
"NCKAP1L",10,11
"NCOR2",10,10
"NEUROD6",10,12
"NFE2L1",10,11
"NID2",10,13
"NLRP1",10,11
"NLRP9",10,10
"NOL8",10,12
"NOTCH4",10,11
"NPR2",10,11
"NRDC",10,10
"NUP107",10,11
"NUTM2F",10,11
"NXF1",10,10
"OLFML2B",10,12
"OR2G3",10,11
"OR2L13",10,10
"OR5L1",10,10
"OR5T1",10,11
"OSBPL1A",10,10
"OSMR",10,11
"OTUD7B",10,10
"PALB2",10,10
"PALLD",10,12
"PAXBP1",10,10
"PBRM1",10,11
"PCDHA7",10,11
"PCDHAC2",10,10
"PCF11",10,11
"PCNX3",10,11
"PDCD11",10,10
"PDE10A",10,12
"PDGFRB",10,10
"PDXDC1",10,10
"PDZRN3",10,11
"PDZRN4",10,10
"PFKP",10,10
"PHLDB1",10,12
"PHLDB2",10,10
"PITPNM1",10,10
"PLA2G6",10,10
"PLCG2",10,10
"PLK2",10,10
"PMS1",10,10
"POLR3A",10,10
"POP1",10,10
"PPP2R3A",10,11
"PRDM2",10,11
"PREPL",10,10
"PROS1",10,10
"PSMD1",10,10
"PTGS2",10,13
"PTPRN2",10,10
"PTPRU",10,12
"PUM2",10,10
"PYGB",10,10
"PYHIN1",10,10
"RABGAP1",10,10
"RAD50",10,14
"RAI2",10,10
"RBM25",10,10
"RBM27",10,12
"RBM33",10,12
"RESF1",10,12
"RNF43",10,10
"ROBO3",10,10
"RPS6KA2",10,12
"RUBCN",10,12
"RUFY1",10,10
"RXRG",10,11
"SALL4",10,11
"SCAPER",10,11
"SCLT1",10,10
"SDCCAG8",10,10
"SEC24C",10,12
"SEMA4D",10,11
"SEMA6A",10,11
"SENP7",10,12
"SETBP1",10,12
"SGIP1",10,11
"SH3KBP1",10,10
"SH3RF1",10,10
"SHOC1",10,13
"SIGLEC9",10,11
"SLC15A1",10,11
"SLC22A6",10,10
"SLC43A1",10,10
"SLC4A3",10,10
"SLC9A2",10,12
"SLCO1B3",10,11
"SLITRK6",10,11
"SMC4",10,11
"SMYD3",10,10
"SORBS2",10,11
"SORL1",10,11
"SOX6",10,10
"SPINK5",10,11
"SPTBN5",10,10
"SRBD1",10,13
"SSH3",10,10
"ST6GALNAC1",10,10
"STAT3",10,10
"STAT6",10,14
"STK10",10,10
"STK31",10,10
"SYCP2L",10,12
"SYNCRIP",10,11
"SYTL2",10,11
"TAB3",10,10
"TAOK3",10,11
"TARS2",10,12
"TBC1D8B",10,10
"TBL1XR1",10,12
"TCF20",10,11
"TEX55",10,10
"THBS2",10,12
"TINAG",10,10
"TMC5",10,11
"TMCC3",10,10
"TPO",10,10
"TPTE",10,11
"TRIM24",10,10
"TRIM67",10,11
"TRO",10,10
"TRPM1",10,13
"TRPM4",10,10
"TSHZ1",10,10
"TTC29",10,10
"TTC37",10,10
"TTC7A",10,10
"TTF2",10,12
"TTLL4",10,10
"TUT4",10,12
"UBN2",10,10
"USP31",10,12
"UTP25",10,10
"VANGL2",10,10
"VIL1",10,11
"VPS8",10,11
"VWA8",10,13
"WASHC4",10,12
"WASHC5",10,11
"WDR93",10,11
"WWP1",10,10
"XDH",10,10
"XPO5",10,13
"YTHDF1",10,11
"ZBTB41",10,10
"ZC3H7A",10,11
"ZHX2",10,14
"ZNF251",10,10
"ZNF415",10,10
"ZNF425",10,12
"ZNF546",10,10
"ZNF565",10,11
"ZNF578",10,12
"ZNF638",10,11
"ZNF644",10,10
"ZNF658",10,10
"ZNF721",10,11
"ZNF75D",10,10
"ZNF780A",10,10
"ZNF91",10,11
"ZNF99",10,10
"A1CF",9,9
"ABCB7",9,9
"ABCC2",9,11
"ABCF2",9,9
"ABCG1",9,9
"ABL2",9,9
"ACSL4",9,9
"ACSS3",9,11
"ACVR1B",9,10
"ADAMTS12",9,11
"ADAMTS14",9,9
"ADAMTS5",9,11
"ADARB2",9,10
"ADGRB1",9,10
"AGAP1",9,9
"AGL",9,10
"AKT3",9,9
"ALDH1A1",9,9
"ALDH1A3",9,9
"AMOTL1",9,9
"ANKLE2",9,9
"ANKS6",9,9
"ANPEP",9,9
"AP1G2",9,9
"AP4E1",9,9
"APLF",9,9
"ARAF",9,11
"ARHGAP11A",9,10
"ARHGAP26",9,9
"ARHGAP39",9,10
"ARSL",9,9
"ASTN2",9,9
"ATF6",9,9
"ATG7",9,9
"ATP11B",9,11
"ATP13A1",9,9
"ATP13A3",9,12
"ATP1A1",9,9
"ATP1A3",9,9
"ATP8B3",9,9
"ATRN",9,10
"ATXN2L",9,9
"B3GLCT",9,11
"BAAT",9,12
"BAIAP2L1",9,9
"BBS10",9,9
"BCAN",9,11
"BCAR3",9,10
"BCHE",9,9
"BCL9L",9,9
"BCLAF3",9,10
"BNC1",9,10
"BTRC",9,9
"C12ORF40",9,10
"C4BPA",9,9
"CARS1",9,9
"CAST",9,9
"CATSPERD",9,9
"CC2D1B",9,9
"CCDC146",9,9
"CCDC50",9,9
"CCP110",9,9
"CD19",9,9
"CD22",9,9
"CDH19",9,9
"CDK18",9,9
"CEP128",9,11
"CEP89",9,9
"CES5A",9,9
"CFAP54",9,10
"CFAP70",9,9
"CILK1",9,10
"CILP",9,9
"CLCN3",9,9
"CNBD1",9,9
"CNGB3",9,9
"CNOT3",9,9
"CNTN2",9,10
"CNTN3",9,10
"COG2",9,11
"COG3",9,9
"COL16A1",9,10
"COL24A1",9,10
"COL6A1",9,9
"COL9A1",9,9
"COL9A3",9,9
"COPG1",9,10
"CRIM1",9,9
"CRTAC1",9,9
"CRYBG3",9,10
"CXCR3",9,9
"CYP7B1",9,9
"DAAM1",9,11
"DAB2",9,9
"DAB2IP",9,9
"DCAF4L2",9,9
"DCAF8L1",9,9
"DCTN1",9,11
"DDX27",9,11
"DDX42",9,10
"DDX5",9,9
"DENND3",9,9
"DENND5A",9,9
"DHTKD1",9,9
"DIAPH1",9,10
"DISP3",9,9
"DNAI1",9,9
"DNMT3A",9,11
"DPP8",9,9
"DSG4",9,9
"DSPP",9,9
"DZANK1",9,9
"EDAR",9,9
"EEF1A1",9,9
"EEF2",9,9
"EFCAB12",9,10
"EFEMP1",9,10
"EIF4ENIF1",9,10
"EIF4G3",9,9
"ELK1",9,9
"EMSY",9,11
"ENPP7",9,9
"ENTHD1",9,9
"EPAS1",9,10
"EPB41L1",9,9
"EPHA3",9,9
"EPS15",9,10
"ESRP1",9,9
"ESRRG",9,9
"ETV1",9,9
"EWSR1",9,9
"FADS2",9,9
"FAM13B",9,11
"FAP",9,9
"FBF1",9,10
"FBXO21",9,9
"FERMT3",9,9
"FLRT2",9,9
"FMNL2",9,10
"FNDC3B",9,9
"FOLH1",9,9
"FPGT-TNNI3K",9,9
"FRMD3",9,11
"FSIP2",9,9
"FSTL5",9,9
"FTSJ3",9,10
"GAB3",9,9
"GABRQ",9,9
"GALNT2",9,9
"GBP4",9,9
"GCM2",9,9
"GLYR1",9,9
"GNPAT",9,9
"GORAB",9,9
"GPATCH1",9,10
"GPC6",9,10
"GPR101",9,10
"GPR156",9,9
"GRID2",9,10
"GRM6",9,9
"GSAP",9,9
"GSDMC",9,9
"GSE1",9,9
"H2BC4",9,9
"HACE1",9,9
"HAUS5",9,9
"HAUS6",9,10
"HCN1",9,9
"HCN4",9,9
"HIF3A",9,9
"HIP1",9,10
"HPS4",9,9
"HSD17B4",9,9
"HSPA5",9,9
"HYOU1",9,9
"IFT52",9,9
"IGF2BP2",9,10
"IGSF8",9,9
"IMPG2",9,10
"ING1",9,10
"INO80D",9,11
"INPP5B",9,9
"INTS3",9,11
"IQGAP2",9,11
"ITGAM",9,9
"ITPRID2",9,10
"IWS1",9,9
"JCAD",9,9
"KANK2",9,9
"KANSL1",9,11
"KASH5",9,12
"KCND1",9,9
"KCNH3",9,9
"KCNH8",9,11
"KIAA0319L",9,9
"KIF2A",9,9
"KIF5B",9,9
"KIR3DL2",9,10
"KLHL41",9,9
"KLHL7",9,10
"KSR1",9,9
"LARP4B",9,11
"LGR6",9,9
"LIMA1",9,9
"LMOD1",9,9
"LONP2",9,9
"LOXL3",9,9
"LPP",9,9
"LRIF1",9,9
"LRP5",9,11
"LRRC32",9,9
"LRRC37A3",9,10
"LRRC66",9,10
"LRRIQ4",9,9
"LRRTM4",9,9
"LSR",9,9
"LY75",9,9
"MAEL",9,10
"MAMDC2",9,9
"MAN1A1",9,10
"MAN2A2",9,9
"MAN2B2",9,10
"MANBA",9,9
"MAP1B",9,11
"MAP3K19",9,10
"MAP3K21",9,9
"MAPK4",9,9
"MAPT",9,9
"MARCHF6",9,9
"MASP1",9,9
"MATN2",9,10
"MBTPS2",9,9
"MCM10",9,9
"MCM3AP",9,10
"MCM7",9,10
"MDGA1",9,10
"MDGA2",9,9
"MDM1",9,12
"MED15",9,9
"MEI1",9,10
"MORN1",9,10
"MRTFB",9,10
"MSH3",9,10
"MSH5",9,9
"MSN",9,10
"MYCBPAP",9,11
"MYH3",9,10
"MYO1A",9,10
"NAALADL2",9,11
"NDUFS1",9,9
"NEDD4",9,9
"NFAT5",9,9
"NFX1",9,9
"NHSL2",9,9
"NLN",9,9
"NLRC3",9,10
"NOMO1",9,10
"NOS2",9,13
"NOX3",9,9
"NPAS3",9,9
"NPC1L1",9,10
"NPHS1",9,9
"NRP2",9,9
"NUDCD1",9,10
"NUP214",9,10
"OCRL",9,10
"ODF2",9,9
"OPA1",9,9
"OR14C36",9,10
"OR7D2",9,9
"ORC2",9,9
"OSBPL3",9,9
"OSBPL8",9,9
"OTUD4",9,9
"P2RY10",9,9
"P3H2",9,9
"PAK5",9,9
"PAN2",9,10
"PARD3",9,11
"PARP4",9,12
"PARP8",9,11
"PARP9",9,10
"PASK",9,10
"PCDH18",9,11
"PCDHA3",9,9
"PCDHAC1",9,11
"PCDHB10",9,9
"PCDHB14",9,9
"PCDHGA11",9,10
"PCDHGA4",9,10
"PCDHGA5",9,10
"PDE11A",9,9
"PDE1C",9,10
"PDE4D",9,9
"PDE6A",9,10
"PDE6C",9,9
"PDILT",9,9
"PDS5B",9,9
"PER3",9,12
"PFKM",9,9
"PGAP1",9,11
"PHC3",9,9
"PI4KB",9,9
"PIK3C2A",9,9
"PIK3C2G",9,9
"PIWIL2",9,10
"PIWIL3",9,10
"PKN2",9,10
"PLA2R1",9,11
"PLCZ1",9,11
"PLD5",9,9
"PLVAP",9,10
"PLXNC1",9,9
"PMEL",9,9
"POU3F4",9,10
"POU6F2",9,9
"PPAN-P2RY11",9,9
"PPARGC1A",9,10
"PPFIA3",9,9
"PPFIBP2",9,10
"PPP1R12A",9,9
"PPP4R4",9,12
"PRAM1",9,9
"PRDM1",9,9
"PRDM14",9,9
"PRDM15",9,9
"PRKAA1",9,9
"PRKCA",9,9
"PRKCQ",9,10
"PRKD1",9,9
"PRR12",9,9
"PSD2",9,9
"PSG6",9,9
"PTBP1",9,10
"PTK2B",9,9
"PTK7",9,9
"PTPN14",9,9
"PTPRA",9,9
"PTPRJ",9,9
"PXDN",9,9
"PYGM",9,11
"RABEP2",9,10
"RASAL3",9,10
"RASGRF2",9,12
"RASGRP2",9,9
"RBP3",9,9
"RC3H2",9,9
"RELCH",9,11
"REV1",9,10
"RIN3",9,9
"RMND1",9,9
"RNF10",9,9
"RNF123",9,9
"RNF19A",9,9
"RNF20",9,9
"RO60",9,9
"RPGRIP1",9,9
"RPGRIP1L",9,9
"RPS6KA6",9,9
"RPS6KC1",9,9
"RTN4",9,9
"RUFY2",9,9
"SCAF11",9,9
"SCAF8",9,10
"SCARB2",9,9
"SEC16A",9,12
"SEC24D",9,9
"SEMA3A",9,9
"SIGLEC7",9,9
"SIM1",9,9
"SIN3A",9,9
"SIRPG",9,9
"SLC13A3",9,11
"SLC16A6",9,9
"SLC20A2",9,9
"SLC22A2",9,9
"SLC24A4",9,9
"SLC35B2",9,9
"SLC39A12",9,9
"SLCO3A1",9,10
"SLMAP",9,9
"SLX4",9,9
"SMAD4",9,9
"SMC5",9,9
"SMC6",9,11
"SMO",9,9
"SMTN",9,10
"SNAP91",9,9
"SNX25",9,9
"SP100",9,9
"SP4",9,9
"SPAG6",9,9
"SPAM1",9,9
"SPECC1L",9,9
"SPTY2D1",9,11
"SSTR4",9,11
"STAG3",9,9
"STAT2",9,9
"SUGP1",9,9
"SWT1",9,12
"SYN1",9,9
"SYNE3",9,9
"SYT11",9,9
"SYT17",9,9
"TAF3",9,9
"TAOK1",9,9
"TCF12",9,10
"TDRD1",9,10
"TEKT5",9,10
"TGM7",9,9
"THAP12",9,9
"THBS1",9,9
"THRAP3",9,10
"TIAM1",9,11
"TIMELESS",9,10
"TLR3",9,10
"TLR5",9,10
"TLR8",9,9
"TMCO4",9,9
"TMEM67",9,10
"TMEM94",9,9
"TNKS2",9,10
"TNPO3",9,10
"TPH2",9,12
"TRAF3IP3",9,10
"TRERF1",9,9
"TRIM28",9,11
"TRIM55",9,9
"TRPC4",9,9
"TRPM5",9,9
"TSC22D1",9,10
"TSHR",9,10
"TSPYL2",9,10
"TTC7B",9,10
"TUBGCP2",9,9
"TWNK",9,10
"TYRP1",9,10
"UACA",9,11
"UBTF",9,9
"UGGT1",9,12
"UGT8",9,11
"UHRF1BP1",9,9
"USP1",9,9
"USP24",9,10
"UTP14A",9,9
"VIT",9,10
"VPS39",9,9
"WASHC2A",9,9
"WDR11",9,10
"WDR13",9,9
"WDR49",9,9
"WLS",9,10
"WNT7A",9,10
"WTAP",9,9
"XIRP1",9,9
"XPO6",9,9
"YTHDF3",9,9
"ZBTB11",9,9
"ZBTB40",9,9
"ZC3H12C",9,11
"ZC3H13",9,15
"ZC3H7B",9,9
"ZCWPW1",9,11
"ZFR",9,9
"ZIM3",9,11
"ZNF112",9,10
"ZNF229",9,9
"ZNF236",9,10
"ZNF350",9,10
"ZNF41",9,10
"ZNF432",9,12
"ZNF528",9,11
"ZNF540",9,9
"ZNF560",9,10
"ZNF585B",9,9
"ZNF587",9,9
"ZNF609",9,9
"ZNF623",9,10
"ZNF629",9,9
"ZNF710",9,9
"ZNF780B",9,10
"ZNF835",9,9
"ZSWIM4",9,9
"ZXDB",9,9
"ABCB6",8,10
"ABCC11",8,8
"ABCC5",8,8
"ABCC6",8,8
"ABCF1",8,9
"ABCF3",8,8
"ABL1",8,8
"AC006059.2",8,8
"ACAD10",8,8
"ACAD11",8,8
"ACAN",8,8
"ACP3",8,8
"ACSM2A",8,8
"ACSM5",8,8
"ADAMTS18",8,8
"ADAMTSL4",8,8
"ADAR",8,10
"ADCY1",8,8
"ADCYAP1R1",8,8
"ADGRD1",8,8
"ADGRE1",8,9
"ADGRE5",8,8
"AEBP1",8,10
"AGFG2",8,8
"AGO3",8,8
"AGO4",8,8
"AGT",8,8
"AGTPBP1",8,9
"AKAP3",8,8
"AKNA",8,8
"ALCAM",8,8
"ALG13",8,8
"ALOXE3",8,8
"AMPH",8,8
"ANAPC5",8,8
"ANGPT4",8,8
"ANKFY1",8,8
"ANKRD24",8,8
"ANKRD27",8,9
"ANKRD35",8,8
"ANO6",8,8
"AOPEP",8,10
"AP2A1",8,8
"APLP1",8,10
"ARHGAP12",8,8
"ARHGAP18",8,8
"ARHGEF2",8,8
"ARHGEF28",8,8
"ARHGEF9",8,8
"ARID5B",8,9
"ARL6IP6",8,8
"ARMC3",8,9
"ARMCX2",8,11
"ARMH4",8,8
"ATF7IP",8,8
"ATP13A5",8,8
"ATP6V0A1",8,9
"ATP6V0A4",8,8
"ATP8A2",8,8
"ATXN7",8,8
"AVL9",8,8
"BAHCC1",8,8
"BANK1",8,9
"BBX",8,8
"BEND2",8,9
"BEND3",8,8
"BICC1",8,8
"BMX",8,8
"BOC",8,9
"BRSK2",8,8
"BTK",8,8
"C10ORF71",8,9
"C2CD5",8,8
"C2ORF78",8,8
"C7",8,8
"C9",8,9
"CACNA2D1",8,11
"CACNB2",8,8
"CAPN1",8,8
"CAPN2",8,9
"CC2D2A",8,9
"CCDC102B",8,9
"CCDC138",8,8
"CCDC170",8,8
"CCDC171",8,8
"CCDC185",8,8
"CCDC87",8,8
"CCNT1",8,9
"CCT3",8,8
"CCT6B",8,8
"CD1D",8,8
"CDC73",8,9
"CDCA2",8,8
"CDCP1",8,8
"CDH24",8,8
"CDH4",8,8
"CDH6",8,8
"CDK11A",8,9
"CDK11B",8,8
"CDK13",8,9
"CDK19",8,9
"CDRT1",8,8
"CENPJ",8,8
"CENPO",8,8
"CEP112",8,10
"CEP120",8,8
"CFHR5",8,9
"CFP",8,8
"CHL1",8,8
"CHN1",8,9
"CLCN4",8,8
"CLMN",8,9
"CLOCK",8,9
"CLSTN2",8,8
"CLUH",8,9
"CNGB1",8,8
"CNTN5",8,8
"CNTNAP4",8,9
"COL20A1",8,8
"COL6A5",8,8
"COL8A1",8,8
"COPB2",8,9
"CP",8,9
"CPA1",8,8
"CPNE5",8,8
"CPNE8",8,9
"CPQ",8,8
"CPT1A",8,8
"CRAMP1",8,10
"CREB5",8,8
"CRMP1",8,10
"CRTC2",8,8
"CSRNP3",8,9
"CUL1",8,8
"CWH43",8,10
"CXORF58",8,10
"CYLC1",8,8
"CYP24A1",8,8
"CYP4A11",8,8
"CYRIB",8,8
"DACH2",8,9
"DAP3",8,8
"DCAF12L1",8,8
"DCBLD2",8,8
"DCLK1",8,9
"DCLRE1C",8,8
"DDB1",8,8
"DDX21",8,8
"DDX43",8,8
"DDX60",8,11
"DDX60L",8,10
"DENND2B",8,8
"DENND4A",8,8
"DGKI",8,8
"DHX15",8,10
"DHX29",8,8
"DHX57",8,12
"DHX8",8,9
"DLEC1",8,10
"DLG2",8,9
"DLG3",8,8
"DLGAP4",8,8
"DNAH6",8,10
"DNAJC10",8,8
"DNTT",8,9
"DNTTIP2",8,8
"DOK5",8,9
"DPP4",8,9
"DPYSL3",8,9
"DUSP16",8,9
"ECE1",8,9
"EEF2K",8,8
"EFHC2",8,8
"EFTUD2",8,9
"EGFL6",8,8
"EHHADH",8,10
"EIF3I",8,8
"EIF4G1",8,10
"ELF4",8,10
"ELFN2",8,8
"ELL2",8,8
"ELOA2",8,10
"ENAH",8,9
"ENAM",8,8
"ENG",8,8
"ENTPD7",8,8
"EPHA1",8,9
"EPHA6",8,10
"ERAP2",8,8
"ERC1",8,9
"ERCC6L",8,8
"ERG",8,8
"ERN1",8,8
"ESF1",8,9
"ETS1",8,9
"EXOC6",8,11
"EXT1",8,9
"EYA4",8,9
"F13A1",8,9
"FAAH",8,9
"FAAH2",8,8
"FAM13A",8,8
"FAM160A2",8,8
"FAN1",8,8
"FANCA",8,9
"FBH1",8,8
"FBXL18",8,8
"FERMT1",8,8
"FGD2",8,9
"FGD4",8,8
"FGF18",8,8
"FGG",8,8
"FHDC1",8,8
"FLII",8,9
"FLT1",8,8
"FLYWCH1",8,8
"FMO2",8,8
"FMO4",8,9
"FOXO4",8,8
"FRRS1",8,8
"FSTL4",8,8
"FXR1",8,8
"FYB2",8,8
"GAB4",8,8
"GABRA3",8,10
"GABRA5",8,8
"GABRG1",8,8
"GABRG3",8,8
"GABRR3",8,8
"GALNT1",8,8
"GALNT8",8,8
"GAPVD1",8,9
"GARNL3",8,8
"GARS1",8,8
"GBP7",8,8
"GDF9",8,9
"GIMAP1",8,8
"GJA10",8,9
"GLCE",8,8
"GNE",8,8
"GPLD1",8,8
"GPNMB",8,8
"GPR142",8,8
"GPR161",8,8
"GPR39",8,9
"GRHL3",8,8
"GRIP1",8,8
"GRIP2",8,9
"GSPT2",8,8
"GYS2",8,8
"H2AC20",8,9
"H3C13",8,9
"HCFC2",8,8
"HCN3",8,8
"HERC2P3",8,10
"HGS",8,8
"HHIPL2",8,8
"HIRA",8,8
"HLF",8,8
"HLX",8,8
"HMGCR",8,9
"HMGCS1",8,9
"HNRNPU",8,9
"HNRNPUL1",8,8
"HOOK3",8,8
"HSPA12A",8,8
"HSPA4",8,9
"HSPA8",8,8
"HSPD1",8,8
"HTR2A",8,9
"IBTK",8,8
"IGDCC3",8,8
"IGSF9B",8,11
"IKBKB",8,9
"IL13RA2",8,8
"IL1RAP",8,9
"IL6ST",8,10
"ILF3",8,8
"INO80",8,8
"INPP5D",8,8
"INPP5F",8,9
"INTS2",8,11
"INTS4",8,10
"INTU",8,8
"IP6K3",8,8
"IQCA1",8,9
"IQSEC3",8,8
"IRAK2",8,8
"ITGA4",8,9
"ITGA6",8,10
"ITGAL",8,8
"ITGB5",8,8
"ITGB6",8,9
"JUP",8,8
"KATNIP",8,9
"KBTBD4",8,8
"KCNB1",8,9
"KCNH2",8,9
"KCNJ15",8,8
"KCNK2",8,8
"KCNK9",8,8
"KCNMA1",8,9
"KCNT1",8,9
"KCNV2",8,8
"KIAA0586",8,8
"KIF11",8,9
"KIF13B",8,8
"KIF24",8,8
"KIF4B",8,8
"KIF6",8,8
"KIFAP3",8,9
"KIR2DL4",8,9
"KIRREL2",8,8
"KLF15",8,9
"KLHL31",8,8
"KMO",8,8
"KRT19",8,9
"L3MBTL2",8,9
"L3MBTL3",8,11
"L3MBTL4",8,8
"LAMP2",8,10
"LARP7",8,8
"LAS1L",8,8
"LATS1",8,10
"LGR5",8,8
"LIG1",8,8
"LILRA1",8,10
"LILRB5",8,9
"LIPN",8,9
"LMAN1L",8,8
"LMO7",8,8
"LNX1",8,8
"LRFN2",8,8
"LRFN5",8,8
"LRRC4B",8,8
"LRRC8A",8,9
"LRRCC1",8,9
"LRRN3",8,8
"LRSAM1",8,8
"LTK",8,9
"LY9",8,8
"LZTS1",8,8
"MACROD2",8,8
"MAGEA8",8,8
"MAGEB1",8,8
"MAGEB4",8,9
"MAGEE1",8,8
"MAML3",8,8
"MAP3K10",8,8
"MAP7",8,9
"MBTD1",8,8
"MC3R",8,8
"MCAM",8,8
"MCF2L2",8,10
"MCM6",8,8
"MCOLN3",8,8
"MDC1",8,9
"MED14",8,10
"MEPCE",8,8
"MGAT4A",8,8
"MGAT5B",8,9
"MKS1",8,10
"MLH1",8,9
"MMP16",8,8
"MORC4",8,8
"MPHOSPH9",8,9
"MPO",8,8
"MTCL1",8,8
"MTIF2",8,8
"MTMR12",8,8
"MTO1",8,9
"MX1",8,8
"MYO1H",8,10
"MYO9B",8,8
"MYT1",8,8
"N4BP2L2",8,8
"NAT10",8,9
"NCAPH",8,8
"NCOA2",8,10
"NCOA5",8,8
"NEBL",8,8
"NECAB1",8,8
"NEK11",8,9
"NEK8",8,8
"NEO1",8,8
"NEURL4",8,8
"NFATC2",8,8
"NFATC3",8,9
"NFATC4",8,9
"NFKB2",8,10
"NFKBIZ",8,9
"NMT2",8,8
"NOBOX",8,9
"NPAT",8,10
"NPHP1",8,9
"NR1H4",8,8
"NR4A3",8,8
"NRDE2",8,10
"NRG1",8,8
"NRP1",8,9
"NUTM1",8,8
"NXF5",8,9
"OR10J1",8,9
"OR10R2",8,8
"OR10Z1",8,8
"OR2L2",8,9
"OR2U1P",8,8
"OR2W5",8,8
"OR4A15",8,8
"OR5A1",8,8
"OR5H1",8,11
"OR5I1",8,8
"OR6B1",8,10
"OR8H1",8,11
"OR8H2",8,8
"OR8K1",8,9
"OSBPL10",8,8
"OSBPL9",8,9
"OSCP1",8,9
"OXR1",8,11
"P3H1",8,8
"PAM",8,9
"PBXIP1",8,8
"PCBP2",8,10
"PCDH17",8,10
"PCDHGA8",8,9
"PCDHGB2",8,9
"PCDHGB3",8,9
"PCDHGB7",8,9
"PCM1",8,8
"PDGFRA",8,8
"PDS5A",8,8
"PEAR1",8,8
"PELP1",8,8
"PER1",8,13
"PEX5L",8,9
"PHEX",8,8
"PHF2",8,8
"PHLPP1",8,9
"PIK3CD",8,8
"PIK3CG",8,8
"PIK3R4",8,10
"PIP4K2C",8,9
"PIP5K1A",8,8
"PKD1L2",8,9
"PKP2",8,9
"PLA1A",8,9
"PLCXD2",8,8
"PLIN4",8,8
"PLXNB1",8,8
"PLXNB3",8,8
"PNPLA6",8,8
"PNPT1",8,8
"POLR2A",8,8
"POSTN",8,8
"PPEF2",8,8
"PPFIA4",8,8
"PPM1E",8,9
"PPP1R12B",8,8
"PPP2R3C",8,9
"PPP2R5D",8,9
"PPP4R3A",8,9
"PPP4R3B",8,9
"PRAMEF14",8,8
"PRAMEF2",8,8
"PREP",8,9
"PRICKLE2",8,8
"PRKCG",8,8
"PRKG1",8,9
"PRMT3",8,9
"PRMT5",8,9
"PROM2",8,8
"PROSER1",8,9
"PRRX1",8,8
"PSIP1",8,8
"PSME4",8,8
"PTBP3",8,8
"PTGIS",8,10
"PTPRO",8,10
"RAB11FIP1",8,9
"RABEP1",8,9
"RAD51AP2",8,9
"RAG1",8,8
"RAI1",8,10
"RBM44",8,8
"REC8",8,8
"RERE",8,8
"RFTN2",8,10
"RGS3",8,9
"RGS9",8,9
"RHBDF2",8,9
"RHOT1",8,9
"RIN2",8,9
"RIPOR3",8,9
"RNF113A",8,8
"RNF17",8,9
"RNF32",8,8
"RNF6",8,8
"ROR2",8,8
"RPS6KA5",8,8
"RSBN1",8,8
"SAFB2",8,8
"SAMD14",8,8
"SARDH",8,8
"SASH1",8,10
"SEC31B",8,10
"SEMG2",8,9
"SENP1",8,9
"SEPTIN4",8,10
"SETD5",8,10
"SEZ6",8,8
"SEZ6L2",8,8
"SF3B3",8,10
"SFI1",8,10
"SFMBT2",8,9
"SGSM2",8,8
"SGSM3",8,9
"SH2B1",8,8
"SH3BP4",8,8
"SH3TC1",8,8
"SHE",8,8
"SIDT1",8,8
"SIGLEC6",8,8
"SIGLEC8",8,8
"SKIV2L",8,9
"SKOR1",8,8
"SLC13A1",8,9
"SLC22A25",8,8
"SLC24A3",8,8
"SLC25A12",8,8
"SLC30A10",8,8
"SLC35F3",8,8
"SLC38A4",8,10
"SLC38A9",8,8
"SLC45A2",8,8
"SLC5A6",8,8
"SLC6A14",8,8
"SLC7A14",8,9
"SLC9A7",8,9
"SLCO6A1",8,8
"SLFN13",8,9
"SLITRK5",8,9
"SLTM",8,8
"SMARCA5",8,9
"SMARCAL1",8,9
"SMARCC2",8,9
"SMC2",8,8
"SMCR8",8,8
"SMG5",8,8
"SMG7",8,9
"SMYD1",8,8
"SOGA1",8,8
"SOX13",8,8
"SPANXN2",8,8
"SPART",8,8
"SPATA31A1",8,8
"SPPL3",8,9
"SRRT",8,8
"SSH2",8,8
"SSRP1",8,8
"STARD8",8,8
"STK11IP",8,8
"STRA6",8,9
"SULF1",8,8
"SULF2",8,8
"SUOX",8,10
"SUPT20HL2",8,8
"SYNJ2",8,10
"SYNM",8,8
"TACR1",8,8
"TARS1",8,9
"TASOR",8,8
"TASP1",8,8
"TBC1D32",8,9
"TBX22",8,8
"TC2N",8,9
"TCERG1",8,9
"TCHHL1",8,8
"TEC",8,8
"TECPR2",8,8
"TET2",8,8
"TEX11",8,9
"TF",8,8
"TFAP2A",8,9
"TGFBI",8,8
"TGM1",8,8
"TGM2",8,10
"THBS4",8,8
"TICRR",8,8
"TMC3",8,9
"TMEM74",8,8
"TMPRSS7",8,8
"TMTC1",8,8
"TMTC4",8,10
"TPM3",8,8
"TPP1",8,9
"TPP2",8,8
"TRAPPC10",8,8
"TRIM23",8,8
"TRIM46",8,9
"TRIM6",8,8
"TRPV3",8,8
"TRPV6",8,9
"TSC1",8,8
"TTBK2",8,9
"TTLL5",8,9
"TTLL7",8,10
"TUBB4A",8,8
"TUBGCP5",8,8
"TULP4",8,10
"TXNDC11",8,8
"TYR",8,8
"UBN1",8,8
"UBR1",8,9
"UCK2",8,8
"UCP2",8,9
"UFL1",8,8
"URB2",8,8
"USH1C",8,9
"USP12",8,10
"USP13",8,11
"USP20",8,8
"USP25",8,10
"USP28",8,9
"USP29",8,8
"USP36",8,8
"USP40",8,8
"USP47",8,10
"VAV2",8,8
"VCL",8,8
"VN1R5",8,8
"VNN2",8,8
"VPS35L",8,8
"VWA3B",8,9
"WAC",8,8
"WASF4P",8,9
"WASHC2C",8,10
"WDR6",8,9
"WDR62",8,11
"WNK4",8,9
"XPO7",8,8
"ZC3H6",8,8
"ZCCHC2",8,8
"ZFAND4",8,8
"ZFP30",8,8
"ZFP37",8,9
"ZFP64",8,8
"ZFYVE16",8,9
"ZFYVE28",8,8
"ZKSCAN4",8,8
"ZMIZ1",8,8
"ZNF131",8,8
"ZNF148",8,9
"ZNF233",8,8
"ZNF235",8,8
"ZNF280C",8,8
"ZNF330",8,8
"ZNF334",8,9
"ZNF347",8,8
"ZNF366",8,9
"ZNF43",8,8
"ZNF438",8,8
"ZNF445",8,8
"ZNF454",8,10
"ZNF470",8,9
"ZNF473",8,8
"ZNF486",8,8
"ZNF518A",8,8
"ZNF521",8,10
"ZNF544",8,10
"ZNF548",8,8
"ZNF572",8,9
"ZNF582",8,8
"ZNF611",8,8
"ZNF613",8,8
"ZNF619",8,9
"ZNF652",8,8
"ZNF658B",8,8
"ZNF681",8,9
"ZNF700",8,9
"ZNF770",8,9
"ZNF804A",8,9
"ZNF816",8,9
"ZNF85",8,8
"ZSCAN21",8,9
"ZZZ3",8,8
"AACS",7,7
"AASDH",7,7
"ABCA2",7,8
"ABCB10",7,9
"ABRA",7,7
"ABTB2",7,7
"AC004922.1",7,7
"ACCSL",7,7
"ACO2",7,8
"ACTG1",7,7
"ACTG2",7,7
"ADAD1",7,7
"ADAM15",7,7
"ADCY4",7,7
"ADGRA1",7,8
"ADGRG7",7,7
"ADGRL1",7,9
"ADPRH",7,8
"ADRA1A",7,7
"AFTPH",7,7
"AGGF1",7,7
"AGO2",7,7
"AL645922.1",7,7
"ALAS2",7,8
"ALDH18A1",7,7
"ALG10B",7,7
"ALPK3",7,8
"AMBN",7,7
"ANAPC4",7,7
"ANGPTL5",7,8
"ANLN",7,9
"AOC3",7,8
"AP000769.5",7,7
"AP1G1",7,7
"APAF1",7,10
"APLP2",7,7
"AQR",7,7
"ARAP1",7,7
"ARAP2",7,8
"ARHGAP17",7,7
"ARHGAP20",7,8
"ARHGAP30",7,7
"ARHGAP32",7,7
"ARHGAP36",7,7
"ARHGAP45",7,7
"ARHGEF26",7,7
"ARHGEF4",7,7
"ARHGEF5",7,7
"ARID4A",7,7
"ARMC5",7,9
"ASAP2",7,8
"ASB17",7,7
"ASL",7,7
"ASMTL",7,7
"ASPH",7,9
"ATF2",7,7
"ATG16L1",7,8
"ATP12A",7,8
"ATP13A2",7,7
"ATP1A2",7,7
"ATP1B4",7,7
"ATP4A",7,8
"ATRNL1",7,9
"B4GALNT1",7,7
"BABAM2",7,7
"BAIAP3",7,8
"BCKDK",7,7
"BCL11B",7,7
"BCO1",7,7
"BICD1",7,7
"BICRAL",7,7
"BMP3",7,7
"BRAF",7,7
"BRINP2",7,8
"BROX",7,7
"BRPF1",7,8
"BTBD3",7,8
"BTBD7",7,7
"BTN3A2",7,7
"BUB1",7,7
"BUD23",7,7
"C1ORF112",7,7
"C20ORF194",7,7
"C3ORF20",7,7
"C9ORF131",7,10
"CA9",7,7
"CABYR",7,7
"CACHD1",7,7
"CACNA1I",7,7
"CADM3",7,7
"CALCOCO1",7,8
"CALR3",7,7
"CAPN12",7,7
"CAPN3",7,7
"CAPN6",7,8
"CARD14",7,7
"CARD9",7,7
"CASS4",7,8
"CATSPERB",7,9
"CAVIN2",7,9
"CBL",7,9
"CCDC142",7,7
"CCDC173",7,8
"CCDC178",7,7
"CCDC191",7,8
"CCDC40",7,8
"CCDC57",7,7
"CCDC62",7,9
"CCIN",7,7
"CD4",7,8
"CD93",7,7
"CDC20B",7,8
"CDH11",7,7
"CDHR1",7,7
"CDK14",7,7
"CDK17",7,7
"CDKL1",7,7
"CDKL3",7,7
"CEACAM20",7,10
"CEP131",7,7
"CEP164",7,7
"CEP68",7,7
"CEP85",7,7
"CFAP69",7,7
"CFAP91",7,7
"CHAF1A",7,7
"CHEK2",7,7
"CHML",7,7
"CHRD",7,7
"CHRM3",7,7
"CHTF18",7,7
"CIC",7,7
"CIITA",7,7
"CKAP2",7,7
"CLCN6",7,7
"CLIP2",7,7
"CLPX",7,7
"CLSPN",7,8
"CLTCL1",7,7
"CMAS",7,7
"CNGA4",7,8
"COASY",7,8
"COL11A2",7,7
"COL15A1",7,7
"COL23A1",7,7
"COL25A1",7,7
"COPG2",7,8
"CPEB1",7,8
"CPN2",7,8
"CPSF3",7,7
"CPT1B",7,7
"CPT2",7,7
"CPXM2",7,7
"CRACD",7,7
"CREBRF",7,7
"CRTAM",7,7
"CSE1L",7,7
"CSTF2T",7,8
"CTAGE1",7,7
"CTAGE6",7,7
"CTC1",7,7
"CTCFL",7,8
"CTNNA1",7,7
"CTTNBP2NL",7,7
"CYP26B1",7,7
"CYP2C19",7,7
"CYP2D6",7,7
"CYP3A7",7,7
"CYP4X1",7,7
"CYSLTR1",7,8
"DACH1",7,7
"DARS2",7,7
"DCAF11",7,8
"DCAF12L2",7,7
"DCP1A",7,7
"DCT",7,8
"DDX20",7,7
"DDX31",7,7
"DDX4",7,7
"DDX55",7,7
"DENND2A",7,7
"DEPDC1",7,7
"DEPDC4",7,8
"DGKB",7,7
"DHX32",7,7
"DISC1",7,7
"DNAJB13",7,7
"DNAJC16",7,8
"DNAJC6",7,7
"DONSON",7,8
"DPEP3",7,7
"DPPA2",7,7
"DPY19L4",7,8
"DPYD",7,7
"DRC7",7,7
"DSG3",7,7
"DUSP10",7,7
"DYRK3",7,8
"DZIP3",7,8
"ECEL1",7,7
"EGF",7,7
"EHD2",7,7
"ELAC2",7,8
"ELMO2",7,9
"ELOA",7,8
"ELP2",7,7
"EMC1",7,8
"EML2",7,7
"EML4",7,7
"ENPEP",7,8
"ENPP4",7,7
"EPB41L4A",7,7
"EPC2",7,7
"EPHA2",7,7
"EPHB4",7,7
"EPHX4",7,8
"EPS15L1",7,7
"EPS8",7,7
"ERC2",7,8
"ERCC4",7,9
"ERICH6",7,7
"ERMAP",7,7
"ETS2",7,7
"EVC2",7,7
"EVI5",7,7
"EXOC1",7,9
"EXOC4",7,7
"EXOC7",7,8
"EXOSC9",7,8
"EXT2",7,7
"F13B",7,7
"FAM111A",7,7
"FAM117B",7,7
"FAM120A",7,8
"FAM135A",7,8
"FAM155A",7,7
"FAM71A",7,8
"FAM83B",7,11
"FAM98A",7,7
"FANCB",7,7
"FANCM",7,7
"FARP1",7,7
"FARP2",7,7
"FBLN2",7,8
"FBXL13",7,7
"FBXL7",7,7
"FBXO33",7,7
"FBXW10",7,7
"FBXW8",7,7
"FCGR1A",7,9
"FCN1",7,7
"FCRL2",7,8
"FDPS",7,8
"FER",7,7
"FGFR4",7,7
"FIGN",7,7
"FLRT3",7,7
"FLT3",7,7
"FOXM1",7,7
"FRMPD3",7,7
"FXR2",7,7
"G3BP1",7,7
"G3BP2",7,7
"GABRB2",7,7
"GABRG2",7,7
"GAD2",7,7
"GALNT11",7,7
"GALNT7",7,7
"GALNTL6",7,7
"GANC",7,7
"GAS6",7,7
"GBA2",7,7
"GBP5",7,9
"GFM1",7,7
"GFOD1",7,8
"GIGYF1",7,7
"GIGYF2",7,7
"GIMAP2",7,8
"GIN1",7,7
"GJA5",7,7
"GLA",7,7
"GLT8D1",7,7
"GNL3",7,7
"GOLGA1",7,8
"GOLIM4",7,8
"GPATCH2",7,7
"GPC2",7,7
"GPC3",7,7
"GPR149",7,7
"GRAMD1B",7,8
"GRB7",7,7
"GRIK3",7,8
"GRK4",7,7
"GRK7",7,7
"GSPT1",7,7
"GTF2IRD2",7,7
"GTSE1",7,8
"GUCY1A2",7,7
"GYS1",7,8
"H1-2",7,9
"H2AC15",7,7
"H2BC21",7,7
"HAND2",7,7
"HCRTR2",7,7
"HDAC5",7,7
"HDAC9",7,7
"HEATR4",7,7
"HEATR6",7,7
"HELB",7,7
"HELZ2",7,8
"HERC4",7,7
"HERC5",7,7
"HIPK1",7,7
"HIPK3",7,7
"HK1",7,7
"HLTF",7,7
"HMGN5",7,7
"HNF4A",7,7
"HNRNPA2B1",7,8
"HNRNPH2",7,7
"HNRNPK",7,7
"HNRNPR",7,7
"HOOK2",7,8
"HPD",7,7
"HS3ST4",7,7
"HSD3B2",7,7
"HTR2C",7,7
"IFIH1",7,7
"IFT80",7,7
"IGHMBP2",7,8
"IGSF22",7,7
"IKZF3",7,7
"IL11RA",7,8
"IL16",7,8
"IL17RD",7,9
"IL18R1",7,7
"IL1R2",7,8
"IL27RA",7,7
"IL9R",7,8
"ILF2",7,7
"IMPDH1",7,7
"INMT",7,7
"IPO9",7,7
"IQGAP1",7,10
"IQUB",7,7
"IRAG1",7,7
"IRAK3",7,9
"ITGA3",7,8
"ITIH1",7,7
"ITIH2",7,7
"ITIH5",7,7
"ITLN2",7,8
"ITPKB",7,7
"IVNS1ABP",7,7
"JADE2",7,7
"JAG1",7,7
"JAKMIP3",7,7
"KCNA6",7,9
"KCNC2",7,7
"KCNF1",7,8
"KERA",7,9
"KHDC4",7,7
"KIAA0408",7,8
"KIAA1328",7,8
"KIF15",7,8
"KIF18A",7,7
"KIF19",7,7
"KIF5A",7,7
"KIR2DL1",7,7
"KIRREL3",7,7
"KL",7,7
"KLB",7,7
"KNDC1",7,7
"KPNB1",7,7
"KRAS",7,7
"KRT1",7,7
"KRT85",7,7
"KRT9",7,11
"KRTAP10-9",7,7
"L3MBTL1",7,8
"LAMC2",7,7
"LAMC3",7,7
"LARGE1",7,7
"LARS1",7,9
"LBR",7,7
"LGI1",7,7
"LGR4",7,7
"LILRB3",7,7
"LNPK",7,8
"LONRF2",7,7
"LONRF3",7,7
"LRIG2",7,8
"LRP8",7,7
"LRRC31",7,8
"LRRC8E",7,7
"LRRFIP1",7,7
"LRRN1",7,8
"LSG1",7,7
"LUC7L2",7,7
"LUZP4",7,7
"LYN",7,8
"MAGEB3",7,8
"MAGEB6B",7,7
"MAN2C1",7,7
"MAP3K6",7,7
"MAP4",7,8
"MAP6",7,7
"MAPKAP1",7,7
"MARCHF7",7,7
"MARK2",7,7
"MARS1",7,9
"MAS1L",7,9
"MAST2",7,7
"MAZ",7,8
"MBD1",7,8
"MCC",7,7
"MCHR2",7,7
"MECP2",7,7
"MED1",7,7
"MEIOC",7,7
"MEIS2",7,8
"MFSD11",7,8
"MFSD8",7,7
"MICALL1",7,7
"MICU1",7,7
"MMEL1",7,7
"MMS19",7,8
"MNDA",7,8
"MOAP1",7,7
"MOCOS",7,9
"MON2",7,8
"MORC2",7,7
"MPP7",7,7
"MR1",7,7
"MS4A14",7,8
"MSL3",7,9
"MTBP",7,8
"MTMR8",7,7
"MYCT1",7,8
"MYLK2",7,8
"MYNN",7,7
"MYO1F",7,7
"MYRIP",7,7
"NAALAD2",7,7
"NCAPD2",7,7
"NDNF",7,7
"NDST1",7,7
"NDST3",7,7
"NEK9",7,7
"NELFCD",7,7
"NELL2",7,7
"NEUROD1",7,7
"NGEF",7,12
"NHLRC2",7,7
"NIBAN3",7,7
"NKAPL",7,7
"NKTR",7,9
"NLRP10",7,8
"NLRP13",7,9
"NLRP14",7,9
"NLRP4",7,8
"NLRP8",7,7
"NLRX1",7,7
"NOL10",7,8
"NOL11",7,7
"NOL12",7,7
"NOL6",7,11
"NR3C2",7,7
"NRG3",7,8
"NSDHL",7,7
"NT5C1B",7,7
"NTNG1",7,7
"NUP133",7,7
"NXF3",7,8
"OASL",7,8
"OFCC1",7,7
"OFD1",7,7
"OLFML3",7,9
"OPRM1",7,7
"OR10G4",7,7
"OR10J3",7,7
"OR10K2",7,7
"OR13C8",7,9
"OR14I1",7,7
"OR2G6",7,7
"OR2L3",7,8
"OR2L8",7,7
"OR2T1",7,7
"OR2T3",7,8
"OR2T34",7,7
"OR4A5",7,7
"OR4S2",7,7
"OR52J3",7,7
"OR52K2",7,7
"OR5D16",7,7
"OR5L2",7,7
"OR5M1",7,7
"OR5R1",7,7
"OR6K2",7,7
"OR6K3",7,7
"OR6N1",7,7
"OR6S1",7,7
"OR9G1",7,7
"ORC1",7,8
"OTOA",7,9
"OTUD7A",7,7
"PABPC4",7,7
"PADI3",7,7
"PANK4",7,9
"PASD1",7,7
"PCDH1",7,7
"PCDHB15",7,7
"PCDHB4",7,7
"PCDHGB5",7,7
"PCED1B",7,7
"PCK1",7,7
"PDE1A",7,7
"PELI2",7,7
"PGR",7,8
"PHACTR4",7,7
"PHF20",7,7
"PHKA1",7,7
"PHRF1",7,7
"PIGG",7,7
"PIGR",7,7
"PIK3R3",7,8
"PITRM1",7,8
"PJA2",7,7
"PKD2L1",7,7
"PKN1",7,7
"PKP1",7,8
"PLA2G4D",7,7
"PLA2G4F",7,8
"PLB1",7,8
"PLCB2",7,8
"PLCB3",7,7
"PLEKHA8",7,7
"PLEKHH1",7,7
"PLK4",7,7
"PLS3",7,8
"PLXND1",7,7
"PM20D1",7,8
"PNPLA7",7,7
"POF1B",7,8
"POLA2",7,7
"POLR1B",7,7
"POLR2B",7,7
"POMT2",7,7
"POTEA",7,7
"POU4F2",7,8
"PPARGC1B",7,7
"PPFIBP1",7,8
"PPIG",7,7
"PPP1R21",7,7
"PPP2R1A",7,7
"PPP3CA",7,7
"PRAMEF4",7,10
"PRDM4",7,7
"PRMT2",7,7
"PRMT9",7,7
"PRODH2",7,7
"PROX2",7,8
"PRPF3",7,7
"PRPF6",7,7
"PRR14",7,7
"PRUNE1",7,7
"PSMB11",7,7
"PTCD1",7,7
"PTDSS1",7,10
"PTPN12",7,7
"PTPN21",7,8
"PTPN3",7,7
"PTPRE",7,9
"PTPRK",7,8
"PUS10",7,9
"QSOX1",7,7
"RACK1",7,7
"RAD21",7,8
"RAD54L",7,7
"RANBP17",7,7
"RASA3",7,10
"RASSF5",7,7
"RBAK",7,8
"RBBP8",7,7
"RBM15",7,7
"RBM19",7,8
"RBMS3",7,7
"RFX5",7,7
"RFX7",7,7
"RGS12",7,7
"RGS20",7,7
"RHOBTB2",7,8
"RIC8A",7,9
"RIPK1",7,7
"RNF182",7,8
"RNF207",7,7
"RNF40",7,8
"ROBO4",7,7
"RORC",7,7
"RPAP2",7,8
"RPH3A",7,8
"RPL22",7,7
"RPS6",7,7
"RPS6KB1",7,7
"RPS6KB2",7,7
"RRN3",7,8
"RRP12",7,7
"RSF1",7,7
"RSL1D1",7,7
"RSPH6A",7,7
"RTEL1",7,7
"S1PR3",7,8
"SARM1",7,7
"SARS1",7,9
"SATB2",7,9
"SBF1",7,10
"SCFD2",7,7
"SCMH1",7,7
"SCML1",7,7
"SCML2",7,7
"SCRIB",7,9
"SCUBE1",7,8
"SCUBE2",7,7
"SCYL1",7,7
"SDR16C5",7,7
"SEC23B",7,7
"SEC61A1",7,7
"SECISBP2L",7,8
"SEMA6D",7,7
"SENP6",7,7
"SERPINC1",7,7
"SETD1A",7,7
"SETD7",7,7
"SEZ6L",7,7
"SF1",7,8
"SFSWAP",7,7
"SH3D19",7,7
"SHCBP1L",7,7
"SHMT2",7,7
"SIN3B",7,7
"SLC12A2",7,8
"SLC12A9",7,8
"SLC13A2",7,7
"SLC16A1",7,9
"SLC16A2",7,8
"SLC17A6",7,7
"SLC22A14",7,8
"SLC22A16",7,8
"SLC22A7",7,8
"SLC24A1",7,7
"SLC25A13",7,7
"SLC26A3",7,7
"SLC2A12",7,8
"SLC30A1",7,7
"SLC36A1",7,7
"SLC38A2",7,7
"SLC39A6",7,7
"SLC44A1",7,7
"SLC4A1",7,7
"SLC4A10",7,7
"SLC4A7",7,9
"SLC5A12",7,7
"SLC6A3",7,7
"SLC6A4",7,7
"SLC6A5",7,7
"SLC7A3",7,7
"SLC8A3",7,8
"SLCO5A1",7,7
"SMAD1",7,7
"SMC3",7,7
"SOS1",7,7
"SOS2",7,8
"SOX5",7,7
"SOX9",7,7
"SP140",7,7
"SPARCL1",7,7
"SPECC1",7,8
"SPG7",7,7
"SPOP",7,7
"SPOUT1",7,7
"SPRY3",7,7
"SRPK2",7,7
"SRPRA",7,10
"SRSF11",7,7
"SSH1",7,10
"ST6GAL2",7,7
"ST8SIA2",7,9
"STAC2",7,7
"STAP2",7,7
"STAT5B",7,7
"STOX1",7,7
"STRN3",7,7
"STXBP2",7,7
"SUGP2",7,7
"SUSD4",7,7
"SUSD5",7,7
"SUZ12",7,7
"SYNPO",7,7
"SYT14",7,8
"SYT6",7,8
"SYT9",7,7
"SYTL3",7,7
"TAAR2",7,8
"TAF4B",7,8
"TAF5",7,7
"TARBP2",7,7
"TAS2R16",7,7
"TBC1D21",7,7
"TBC1D22B",7,7
"TBC1D23",7,7
"TBC1D2B",7,7
"TBCC",7,8
"TBL1X",7,7
"TBX5",7,8
"TCF7L2",7,7
"TCTN2",7,9
"TDRD10",7,7
"TDRKH",7,7
"TERT",7,7
"THOC1",7,7
"TJP3",7,7
"TKFC",7,7
"TM7SF3",7,7
"TMEM117",7,8
"TMEM87B",7,7
"TMF1",7,7
"TMTC2",7,7
"TNKS",7,9
"TNS1",7,7
"TOPORS",7,7
"TOX2",7,7
"TOX4",7,7
"TPCN1",7,8
"TPM2",7,7
"TPTE2",7,8
"TRA2B",7,7
"TRAF7",7,7
"TRAFD1",7,7
"TRIM60",7,7
"TRIML1",7,7
"TRPC1",7,10
"TRPM7",7,7
"TSPEAR",7,7
"TTBK1",7,7
"TTC17",7,7
"TTC23",7,7
"TTC23L",7,7
"TTI1",7,8
"TTYH2",7,8
"TUBA1C",7,7
"TXNDC5",7,7
"TYW1",7,7
"UAP1",7,7
"UBA6",7,7
"UBAP2",7,9
"UBE2O",7,7
"UBE3B",7,7
"UBE4A",7,7
"UBQLN4",7,8
"UGT1A1",7,10
"ULK2",7,7
"UNC13D",7,8
"USP11",7,7
"USP37",7,8
"USP39",7,8
"USP45",7,7
"USP6",7,7
"USP7",7,8
"UVSSA",7,7
"VANGL1",7,7
"VCP",7,7
"VLDLR",7,7
"VPS33B",7,7
"VSTM4",7,7
"VWCE",7,7
"WDHD1",7,7
"WDR35",7,9
"WDR46",7,7
"WDR47",7,7
"WDR75",7,7
"WNK2",7,7
"WT1",7,8
"WWC2",7,7
"XKR6",7,7
"XPNPEP3",7,7
"XPO4",7,8
"XRCC4",7,8
"XRRA1",7,7
"XYLT1",7,7
"XYLT2",7,7
"YY1AP1",7,7
"ZBED1",7,7
"ZBED9",7,7
"ZBTB20",7,7
"ZBTB49",7,7
"ZBTB5",7,7
"ZC3H12A",7,7
"ZDHHC17",7,7
"ZFAT",7,7
"ZFP82",7,7
"ZFP91",7,7
"ZHX1",7,7
"ZIC4",7,7
"ZKSCAN1",7,7
"ZKSCAN2",7,7
"ZMYND8",7,10
"ZNF12",7,7
"ZNF135",7,8
"ZNF142",7,7
"ZNF160",7,8
"ZNF215",7,7
"ZNF224",7,7
"ZNF267",7,8
"ZNF281",7,7
"ZNF286A",7,8
"ZNF300",7,7
"ZNF335",7,8
"ZNF34",7,7
"ZNF35",7,7
"ZNF394",7,7
"ZNF431",7,8
"ZNF440",7,7
"ZNF451",7,8
"ZNF483",7,10
"ZNF496",7,7
"ZNF518B",7,7
"ZNF527",7,7
"ZNF564",7,9
"ZNF595",7,8
"ZNF606",7,9
"ZNF625",7,7
"ZNF626",7,9
"ZNF646",7,7
"ZNF669",7,7
"ZNF675",7,8
"ZNF676",7,7
"ZNF692",7,7
"ZNF695",7,7
"ZNF777",7,7
"ZNF786",7,8
"ZNF791",7,8
"ZNF799",7,8
"ZNF800",7,7
"ZNF808",7,8
"ZNF827",7,7
"ZNF875",7,10
"ZNRF4",7,8
"ZPLD1",7,7
"ZSWIM3",7,7
"ABAT",6,7
"ABCB8",6,6
"ABCD3",6,6
"AC024940.1",6,8
"ACER3",6,6
"ACLY",6,7
"ACOX3",6,6
"ACP5",6,8
"ACSBG2",6,7
"ACSL5",6,7
"ACSL6",6,6
"ACSM2B",6,6
"ACTB",6,6
"ACTRT1",6,6
"ADAM2",6,6
"ADAM30",6,6
"ADD1",6,6
"ADGRB2",6,8
"ADGRF1",6,6
"ADGRF3",6,6
"ADGRG3",6,6
"ADGRG6",6,6
"ADH1C",6,7
"ADH5",6,6
"ADSL",6,6
"AGAP3",6,6
"AGAP7P",6,6
"AGRN",6,6
"AHRR",6,6
"AIFM1",6,7
"AK5",6,6
"AK7",6,7
"AKAP1",6,7
"AKAP17A",6,6
"AKR1C1",6,6
"AKR1C2",6,6
"AL031777.2",6,6
"AL121899.2",6,6
"AL353804.4",6,6
"AL353804.7",6,6
"ALDH3B1",6,6
"ALDH5A1",6,6
"ALDOA",6,6
"ALG5",6,6
"ALOX15B",6,6
"ALS2",6,8
"ALX4",6,6
"AMDHD1",6,6
"AMER3",6,7
"AMPD3",6,6
"AMZ2",6,6
"ANAPC7",6,6
"ANGEL2",6,6
"ANGPTL1",6,7
"ANKIB1",6,6
"ANKK1",6,6
"ANKRD50",6,6
"ANKRD6",6,6
"ANO10",6,8
"ANO3",6,6
"ANO9",6,6
"AOC2",6,7
"AP2A2",6,6
"AP3M1",6,6
"AP4B1",6,6
"AP4M1",6,6
"APBB1IP",6,8
"APEX2",6,7
"API5",6,6
"APLNR",6,6
"APMAP",6,6
"APTX",6,6
"ARHGAP15",6,6
"ARHGEF17",6,7
"ARMCX1",6,7
"ARMCX5-GPRASP2",6,6
"ARNT",6,7
"ARSK",6,6
"ASAH2",6,6
"ASB7",6,6
"ASH2L",6,6
"ATG4A",6,6
"ATG4D",6,7
"ATP6V0A2",6,6
"ATP6V1B1",6,6
"ATP6V1C1",6,6
"ATP8A1",6,6
"ATP8B1",6,6
"ATP8B4",6,8
"ATP9B",6,6
"AVPR1B",6,7
"AXDND1",6,6
"AXIN2",6,7
"AXL",6,6
"BCAS3",6,7
"BCAT1",6,7
"BCAT2",6,6
"BCL6",6,6
"BDH1",6,6
"BID",6,6
"BMPER",6,6
"BORA",6,7
"BPIFB1",6,7
"BPIFC",6,6
"BRAP",6,9
"BRD7",6,6
"BRD8",6,6
"BRD9",6,6
"BRDT",6,6
"BRS3",6,6
"BSDC1",6,6
"BTBD1",6,6
"BTD",6,6
"BTN2A3P",6,6
"BTN3A1",6,6
"BTN3A3",6,6
"BTNL8",6,6
"C10ORF120",6,6
"C12ORF50",6,6
"C14ORF39",6,9
"C14ORF93",6,7
"C15ORF39",6,7
"C19ORF44",6,6
"C1S",6,6
"C2CD6",6,6
"C2ORF42",6,7
"C4ORF17",6,6
"C6ORF118",6,6
"C7ORF31",6,6
"CACNA2D4",6,6
"CADM1",6,6
"CADM2",6,6
"CAMK2D",6,6
"CAND1",6,8
"CAND2",6,6
"CAP2",6,6
"CARD10",6,6
"CARF",6,6
"CARMIL2",6,6
"CASQ1",6,6
"CASQ2",6,6
"CATSPER3",6,6
"CATSPER4",6,6
"CAV1",6,6
"CAVIN1",6,6
"CBX8",6,7
"CC2D1A",6,7
"CCDC120",6,6
"CCDC14",6,6
"CCDC141",6,6
"CCDC148",6,6
"CCDC63",6,6
"CCDC73",6,6
"CCDC82",6,7
"CCDC93",6,6
"CCNL2",6,6
"CCSER2",6,8
"CD101",6,6
"CD177",6,6
"CD1B",6,6
"CD200R1",6,7
"CD200R1L",6,6
"CD300LD",6,6
"CD33",6,6
"CD44",6,6
"CD46",6,6
"CD72",6,8
"CD84",6,6
"CD96",6,6
"CDC25B",6,6
"CDC25C",6,7
"CDC27",6,7
"CDH15",6,6
"CDH16",6,6
"CDHR3",6,6
"CDK5RAP1",6,6
"CDKAL1",6,6
"CDYL",6,6
"CELA3B",6,6
"CELF1",6,6
"CELF2",6,6
"CEMIP2",6,7
"CENPC",6,8
"CEP63",6,6
"CERKL",6,6
"CFAP20DC",6,6
"CFAP46",6,6
"CFAP92",6,7
"CFAP97",6,6
"CHAMP1",6,6
"CHRNA1",6,6
"CHST15",6,6
"CHSY1",6,6
"CHSY3",6,6
"CIP2A",6,6
"CKAP2L",6,7
"CLCA2",6,7
"CLCN7",6,6
"CLCNKA",6,8
"CLDN16",6,6
"CLPTM1L",6,6
"CLSTN3",6,6
"CMTR2",6,6
"CNDP1",6,8
"CNKSR1",6,8
"CNST",6,6
"COG7",6,6
"COL28A1",6,6
"COLQ",6,6
"COMP",6,6
"COP1",6,7
"COPB1",6,6
"CORO2A",6,6
"CPD",6,10
"CPZ",6,6
"CRNN",6,6
"CROT",6,6
"CRP",6,6
"CSF2RB",6,6
"CSF3R",6,6
"CTNNBL1",6,6
"CTNND1",6,6
"CTPS2",6,6
"CTR9",6,6
"CTSS",6,7
"CUL5",6,8
"CWC22",6,6
"CXCR1",6,7
"CYBB",6,6
"CYLD",6,7
"CYP11B1",6,6
"CYP3A4",6,6
"CYP4F2",6,7
"CYP7A1",6,6
"CYTIP",6,6
"DAXX",6,6
"DBN1",6,6
"DCAF17",6,6
"DCST1",6,6
"DCTN4",6,6
"DDI1",6,7
"DDR1",6,6
"DDX10",6,6
"DDX11",6,6
"DDX18",6,7
"DDX23",6,6
"DDX24",6,6
"DDX49",6,6
"DDX50",6,6
"DDX53",6,7
"DENND10P1",6,6
"DENND2C",6,6
"DENND2D",6,6
"DENND4C",6,7
"DGAT2L6",6,6
"DGCR8",6,6
"DGKE",6,6
"DHCR24",6,6
"DHDDS",6,6
"DHX30",6,6
"DHX36",6,7
"DHX38",6,7
"DIS3",6,6
"DISP2",6,6
"DNAI3",6,6
"DNAJA4",6,6
"DNAJC3",6,6
"DNAJC9",6,6
"DOC2A",6,7
"DOK1",6,6
"DPY19L2",6,6
"DRAM1",6,7
"DRD5",6,6
"DSC2",6,10
"DSC3",6,7
"DTNB",6,6
"DTX4",6,6
"DVL3",6,6
"DYNC2I1",6,6
"DYRK2",6,6
"E2F1",6,6
"E2F8",6,8
"EBF1",6,6
"ECD",6,6
"ECHDC1",6,6
"ECM1",6,6
"EFR3A",6,6
"EIF2AK1",6,6
"EIF2AK3",6,6
"EIF2B4",6,6
"EIF2B5",6,6
"EIF3A",6,7
"EIF3E",6,6
"EIF3L",6,7
"EIF4A3",6,6
"EIPR1",6,6
"ELAVL1",6,6
"ELF1",6,7
"ELL",6,6
"ELN",6,6
"ELOVL5",6,6
"EMC2",6,6
"EME1",6,6
"EML1",6,8
"EML3",6,6
"ENOX1",6,6
"ENPP1",6,6
"ENPP3",6,7
"ENPP5",6,6
"EPB41",6,6
"EPB41L5",6,7
"EPHB6",6,6
"EPM2AIP1",6,7
"EPN1",6,8
"EPS8L1",6,6
"EPX",6,6
"ERCC3",6,6
"ERCC6L2",6,6
"ERMP1",6,6
"ESRP2",6,6
"ESS2",6,8
"ESYT2",6,6
"ETAA1",6,7
"ETV5",6,6
"ETV6",6,8
"EXTL3",6,6
"EYS",6,6
"EZHIP",6,6
"F2",6,6
"F2R",6,8
"FADS1",6,6
"FAM122B",6,6
"FAM124A",6,6
"FAM153B",6,6
"FAM160B1",6,6
"FAM161A",6,9
"FAM169A",6,6
"FAM193B",6,6
"FAM83A",6,6
"FAM83C",6,6
"FAR1",6,6
"FARSB",6,6
"FBXL5",6,6
"FBXO43",6,6
"FCAR",6,6
"FCER1A",6,7
"FCHO1",6,6
"FCHSD1",6,7
"FCRL4",6,7
"FCSK",6,7
"FER1L5",6,6
"FERD3L",6,6
"FES",6,6
"FGL2",6,7
"FHOD1",6,7
"FILIP1L",6,6
"FIP1L1",6,6
"FLI1",6,7
"FMR1NB",6,6
"FOXP3",6,6
"FRMD6",6,6
"FRMD7",6,6
"FSCB",6,6
"FSD2",6,8
"FUBP1",6,6
"FUT11",6,6
"FYB1",6,6
"GABRA1",6,8
"GABRA6",6,6
"GALNT12",6,6
"GALNT13",6,7
"GALNT14",6,6
"GALNT6",6,6
"GART",6,7
"GBP1",6,6
"GBP3",6,6
"GBP6",6,6
"GDAP1",6,6
"GDI1",6,6
"GDPD1",6,6
"GFAP",6,6
"GFM2",6,6
"GGA1",6,7
"GJB3",6,6
"GK2",6,6
"GLB1L3",6,6
"GLCCI1",6,6
"GLG1",6,7
"GMEB1",6,6
"GNAI2",6,6
"GP2",6,6
"GPA33",6,6
"GPAM",6,7
"GPKOW",6,6
"GPM6B",6,6
"GPR12",6,7
"GPR139",6,7
"GPR174",6,6
"GPR75",6,6
"GPRC6A",6,6
"GPRIN3",6,6
"GRAMD4",6,6
"GRIK5",6,6
"GRK2",6,6
"GSDME",6,6
"GTF2I",6,6
"GTF2IRD2B",6,7
"GTF3C4",6,7
"GUCA1C",6,6
"GUCY2D",6,6
"GYG2",6,7
"HAP1",6,6
"HAUS7",6,6
"HBP1",6,6
"HCAR2",6,7
"HDAC8",6,6
"HECTD2",6,8
"HELQ",6,6
"HEPACAM2",6,6
"HGF",6,6
"HGSNAT",6,6
"HHLA2",6,6
"HIF1A",6,8
"HIRIP3",6,6
"HMG20A",6,6
"HMGCLL1",6,8
"HMMR",6,6
"HNRNPDL",6,6
"HOMER2",6,6
"HORMAD1",6,9
"HP1BP3",6,6
"HPSE",6,6
"HRG",6,6
"HRH2",6,6
"HROB",6,6
"HS3ST2",6,7
"HS6ST2",6,6
"HSP90AA1",6,6
"HSPA14",6,6
"HSPH1",6,6
"HTR1A",6,7
"HTR1B",6,6
"HTR5A",6,6
"HUNK",6,6
"IBSP",6,6
"ICA1L",6,6
"IDE",6,6
"IDH1",6,8
"IFI44",6,6
"IFIT1",6,6
"IFT88",6,6
"IGDCC4",6,6
"IGF2BP3",6,6
"IGKV3D-20",6,8
"IL1RAPL2",6,6
"IL31RA",6,6
"IL5RA",6,6
"IL7R",6,6
"INCENP",6,7
"INF2",6,6
"INHBA",6,6
"INPP4A",6,6
"INSIG2",6,7
"INTS10",6,6
"INTS12",6,6
"IQCB1",6,6
"IQCG",6,6
"IQCH",6,6
"IQSEC1",6,6
"IRF3",6,6
"IRS1",6,7
"ISLR",6,8
"ITGAE",6,7
"ITGB1",6,6
"ITGB3BP",6,6
"ITIH3",6,6
"ITLN1",6,7
"ITM2A",6,6
"ITPRID1",6,6
"ITPRIPL1",6,6
"KANK3",6,6
"KANK4",6,6
"KANSL3",6,6
"KAT2B",6,7
"KBTBD12",6,6
"KCNA2",6,6
"KCNC1",6,6
"KCNG1",6,6
"KCNG4",6,6
"KCNH4",6,6
"KCNJ16",6,7
"KCNN2",6,6
"KCNQ1",6,6
"KCNQ4",6,6
"KCTD19",6,6
"KCTD21",6,6
"KDM2B",6,7
"KDM6B",6,6
"KIAA1522",6,6
"KIAA1841",6,6
"KIF23",6,6
"KIF3C",6,6
"KIFBP",6,6
"KIFC3",6,6
"KITLG",6,6
"KLC2",6,6
"KLF11",6,6
"KLHL12",6,6
"KLHL13",6,6
"KLHL14",6,6
"KLHL6",6,6
"KLHL9",6,6
"KLK5",6,6
"KNG1",6,6
"KPNA2",6,6
"KPNA3",6,6
"KPNA5",6,6
"KRI1",6,9
"KRT25",6,6
"KRT27",6,6
"KRT34",6,6
"KRT35",6,6
"KRTAP10-4",6,6
"LANCL2",6,6
"LARGE2",6,6
"LCK",6,6
"LCTL",6,6
"LDB3",6,6
"LGI2",6,7
"LHX4",6,6
"LILRA4",6,6
"LILRB1",6,6
"LILRB2",6,6
"LIN54",6,6
"LIN9",6,6
"LIPE",6,7
"LIPG",6,6
"LIPH",6,6
"LPIN1",6,6
"LPIN2",6,6
"LRCH2",6,7
"LRIG3",6,6
"LRRC1",6,7
"LRRC36",6,7
"LRRIQ3",6,6
"LRRN2",6,6
"LRRTM3",6,6
"LRTM1",6,6
"LYSMD4",6,6
"LZTR1",6,6
"MAD1L1",6,6
"MAG",6,6
"MAGEA11",6,6
"MAGEB10",6,6
"MAGEB16",6,7
"MAGEB18",6,6
"MAGEC2",6,7
"MAGED2",6,6
"MAGEE2",6,6
"MAGEL2",6,6
"MAIP1",6,6
"MAK",6,6
"MAMDC4",6,6
"MAML1",6,6
"MAN1A2",6,7
"MAP3K20",6,7
"MAP3K9",6,6
"MAP7D3",6,6
"MAPK10",6,7
"MAPK6",6,6
"MAPK8IP3",6,7
"MAPRE3",6,6
"MARCHF1",6,6
"MARCHF10",6,6
"MARCO",6,6
"MASTL",6,6
"MBOAT7",6,6
"MBTPS1",6,7
"MCF2",6,7
"MCOLN1",6,6
"MDH1B",6,6
"ME2",6,6
"ME3",6,6
"MEF2C",6,7
"MEGF11",6,6
"MGAT4B",6,6
"MGAT5",6,6
"MINDY1",6,6
"MINDY4",6,6
"MIPEP",6,6
"MME",6,7
"MMP15",6,6
"MMS22L",6,6
"MPEG1",6,6
"MRE11",6,6
"MRGPRX1",6,7
"MROH9",6,6
"MSH2",6,6
"MSH4",6,6
"MST1R",6,6
"MTA2",6,6
"MTA3",6,7
"MTERF2",6,6
"MTF1",6,7
"MTMR14",6,6
"MUC7",6,7
"MYBL1",6,6
"MYF6",6,6
"MYO1D",6,6
"MYOCD",6,9
"N4BP1",6,7
"NAA15",6,6
"NAA16",6,8
"NAA25",6,6
"NAALADL1",6,6
"NACA",6,6
"NARF",6,6
"NARS2",6,6
"NASP",6,6
"NBN",6,6
"NCOA1",6,6
"NCR1",6,6
"NCSTN",6,7
"NDST4",6,6
"NDUFS2",6,7
"NECTIN3",6,6
"NEIL1",6,6
"NEK1",6,7
"NEMF",6,7
"NETO1",6,6
"NFIA",6,6
"NFKB1",6,7
"NFRKB",6,6
"NGF",6,6
"NGLY1",6,6
"NIBAN2",6,6
"NIPAL4",6,6
"NKAP",6,6
"NLGN2",6,6
"NME7",6,6
"NME8",6,8
"NMI",6,6
"NMUR2",6,8
"NNT",6,6
"NOA1",6,7
"NOC3L",6,7
"NOD1",6,6
"NOS1AP",6,6
"NOX4",6,6
"NPAP1",6,7
"NPAS2",6,7
"NPFFR2",6,7
"NPY1R",6,6
"NR1D1",6,6
"NR4A1",6,6
"NR5A2",6,7
"NRBP1",6,6
"NRROS",6,6
"NSUN5",6,7
"NT5DC3",6,6
"NT5E",6,6
"NTRK1",6,6
"NTRK3",6,6
"NTSR2",6,6
"NUGGC",6,6
"NUMB",6,6
"NUP58",6,6
"NVL",6,7
"OBI1",6,8
"OPLAH",6,7
"OR10AG1",6,7
"OR10H4",6,6
"OR10J5",6,6
"OR10K1",6,6
"OR10S1",6,6
"OR11L1",6,7
"OR13C9",6,6
"OR13G1",6,6
"OR14A16",6,6
"OR2AG1",6,6
"OR2F1",6,8
"OR2T10",6,7
"OR4B1",6,6
"OR4C16",6,6
"OR4C46",6,6
"OR4D10",6,8
"OR4E2",6,6
"OR4K2",6,6
"OR4K5",6,6
"OR4M1",6,7
"OR51E2",6,7
"OR51Q1",6,6
"OR5AS1",6,6
"OR5D14",6,6
"OR5H6",6,6
"OR5K2",6,6
"OR5P2",6,7
"OR5T2",6,6
"OR6A2",6,6
"OR6K6",6,6
"OR6X1",6,6
"OR7A5",6,6
"OR7C1",6,7
"OR9G4",6,6
"OS9",6,7
"OSBPL5",6,7
"OSBPL7",6,6
"OTC",6,6
"OTOP2",6,6
"OVGP1",6,7
"P2RY1",6,6
"PABPC1L",6,6
"PABPC3",6,6
"PACS1",6,6
"PACS2",6,7
"PACSIN2",6,6
"PAK2",6,6
"PAK3",6,6
"PALD1",6,6
"PALMD",6,6
"PARD3B",6,6
"PAX3",6,7
"PAX5",6,6
"PBDC1",6,6
"PCCA",6,6
"PCDHB3",6,8
"PCDHGA10",6,6
"PCDHGC3",6,6
"PCDHGC5",6,6
"PCID2",6,6
"PCK2",6,6
"PCMTD2",6,6
"PCOLCE2",6,6
"PCSK1",6,6
"PCSK2",6,6
"PCSK4",6,6
"PCYOX1",6,6
"PDCD4",6,6
"PDIK1L",6,6
"PDP1",6,7
"PDYN",6,6
"PDZD4",6,6
"PDZD7",6,6
"PGAP2",6,6
"PGBD5",6,7
"PGK1",6,6
"PGLYRP3",6,6
"PHACTR2",6,6
"PHF14",6,9
"PIAS4",6,6
"PIGQ",6,6
"PIGW",6,6
"PIK3C3",6,7
"PINK1",6,6
"PIWIL4",6,6
"PKD2",6,7
"PKLR",6,6
"PLAT",6,6
"PLCH2",6,7
"PLCL1",6,7
"PLEKHM1",6,6
"PLK1",6,6
"PLOD2",6,6
"PNKP",6,6
"PNLIPRP1",6,6
"PNLIPRP3",6,6
"PNN",6,6
"POLG",6,6
"POPDC2",6,6
"POTEF",6,8
"POU2F2",6,7
"PPARG",6,6
"PPM1B",6,6
"PPP1R10",6,6
"PPP1R1A",6,7
"PPP1R3F",6,6
"PPP2R3B",6,7
"PPP2R5B",6,10
"PPP2R5C",6,6
"PPP5C",6,6
"PPP6R3",6,7
"PQBP1",6,7
"PRAG1",6,6
"PRAMEF15",6,7
"PRAMEF20",6,6
"PRB2",6,6
"PRDM16",6,6
"PRELP",6,6
"PRF1",6,7
"PRG4",6,7
"PRICKLE3",6,6
"PRKACA",6,6
"PRKACG",6,6
"PRKAG2",6,6
"PRKAR1A",6,6
"PRKD2",6,6
"PRKX",6,6
"PROCR",6,6
"PROM1",6,6
"PRPF19",6,6
"PRPF38B",6,6
"PRSS12",6,6
"PRSS35",6,6
"PSG11",6,6
"PSG3",6,6
"PSG8",6,6
"PSMC4",6,7
"PSMD3",6,6
"PSMD4",6,6
"PTCD3",6,6
"PTGDR",6,6
"PTPDC1",6,8
"PTPN4",6,7
"PTPN9",6,6
"PUM1",6,6
"PUS7",6,6
"RAB40A",6,6
"RAB40AL",6,6
"RAB9B",6,7
"RAI14",6,6
"RANBP3",6,8
"RAPGEF4",6,6
"RAPGEF5",6,8
"RARG",6,8
"RARS2",6,6
"RASAL1",6,6
"RASEF",6,6
"RASGRP3",6,6
"RASGRP4",6,6
"RBM42",6,6
"RBM47",6,6
"RBMX",6,7
"RCN1",6,6
"RECQL",6,8
"RECQL4",6,6
"RECQL5",6,7
"REXO5",6,6
"RFC4",6,6
"RFX1",6,6
"RHOA",6,6
"RHOBTB3",6,6
"RIPK2",6,6
"RIPOR1",6,8
"RLN2",6,6
"RMI1",6,6
"RNASEL",6,6
"RNF103",6,6
"RNF14",6,6
"RNF214",6,6
"RNF31",6,6
"RNF8",6,6
"RPAP1",6,6
"RPL4",6,6
"RPS5",6,6
"RRM1",6,6
"RRM2",6,6
"RRP1",6,6
"RSAD1",6,6
"RSPH4A",6,7
"RTL5",6,6
"RTN2",6,6
"RTN3",6,7
"RUNX2",6,6
"SAE1",6,6
"SAMD15",6,6
"SAXO1",6,6
"SBNO2",6,6
"SCAI",6,7
"SCFD1",6,6
"SCRN2",6,6
"SEC14L5",6,6
"SEL1L2",6,6
"SELENOP",6,6
"SEMA3E",6,6
"SEMA4A",6,7
"SEPTIN6",6,6
"SERAC1",6,7
"SERINC5",6,6
"SERPINA1",6,6
"SERPINA10",6,6
"SERPINA12",6,6
"SF3B2",6,6
"SGCE",6,6
"SGK2",6,7
"SHROOM3",6,8
"SIMC1",6,6
"SIRPA",6,7
"SIRPB1",6,6
"SKIL",6,6
"SLC10A5",6,6
"SLC10A6",6,6
"SLC12A3",6,6
"SLC12A6",6,6
"SLC12A7",6,6
"SLC13A4",6,6
"SLC16A14",6,6
"SLC17A2",6,7
"SLC17A7",6,6
"SLC18A3",6,6
"SLC1A7",6,6
"SLC22A12",6,6
"SLC25A14",6,6
"SLC25A25",6,6
"SLC25A32",6,6
"SLC28A3",6,7
"SLC29A4",6,6
"SLC2A9",6,6
"SLC34A2",6,6
"SLC35A2",6,6
"SLC39A5",6,6
"SLC39A7",6,6
"SLC3A2",6,6
"SLC44A2",6,6
"SLC45A4",6,6
"SLC4A11",6,7
"SLC5A5",6,6
"SLC5A7",6,6
"SLC5A9",6,6
"SLC6A20",6,8
"SLC6A6",6,6
"SLC6A8",6,6
"SLC7A9",6,6
"SLC9A6",6,6
"SLCO1A2",6,7
"SLCO1B3-SLCO1B7",6,8
"SLCO4C1",6,6
"SLFN11",6,6
"SLIT1",6,6
"SMAD2",6,6
"SMARCAD1",6,6
"SMPDL3A",6,6
"SMTNL1",6,6
"SMURF2",6,6
"SMYD4",6,7
"SNAP25",6,6
"SNAPC1",6,6
"SND1",6,6
"SNTG2",6,6
"SNX13",6,6
"SNX17",6,6
"SNX29",6,6
"SNX7",6,6
"SOAT1",6,6
"SOBP",6,6
"SORT1",6,6
"SOX14",6,6
"SP1",6,6
"SPATA16",6,6
"SPATA17",6,7
"SPATA2",6,6
"SPINDOC",6,6
"SPON1",6,6
"SPPL2C",6,6
"SPRED1",6,6
"SPRTN",6,6
"SREBF2",6,6
"SREK1",6,6
"SRGAP3",6,6
"SRRM1",6,6
"SS18",6,6
"SSBP2",6,8
"ST3GAL3",6,6
"STAM2",6,6
"STARD13",6,6
"STIL",6,6
"STK35",6,6
"STK4",6,6
"STKLD1",6,6
"STON2",6,7
"STOX2",6,6
"STRBP",6,6
"STRIP1",6,6
"STT3B",6,6
"STX17",6,6
"STX6",6,7
"STXBP5L",6,8
"SUSD2",6,6
"SVOP",6,6
"SWI5",6,6
"SYDE1",6,7
"SYDE2",6,6
"SYN3",6,6
"SYNGAP1",6,6
"SYNJ1",6,6
"TACC1",6,7
"TAF2",6,8
"TAF5L",6,7
"TAS2R1",6,6
"TAS2R3",6,6
"TBC1D1",6,6
"TBC1D15",6,6
"TBC1D2",6,7
"TBC1D5",6,7
"TBCD",6,6
"TBCE",6,6
"TCHP",6,6
"TCP11L2",6,6
"TCTN1",6,6
"TEAD2",6,6
"TENT5D",6,7
"TESK2",6,6
"TEX2",6,7
"TFAP4",6,6
"TFCP2",6,6
"TFDP2",6,6
"TFIP11",6,7
"TGFBR2",6,6
"TGFBR3",6,6
"TGM5",6,6
"THNSL1",6,6
"TLE3",6,6
"TLE6",6,6
"TLK2",6,6
"TLL2",6,7
"TLR2",6,7
"TLR9",6,6
"TM6SF2",6,6
"TM9SF2",6,6
"TM9SF4",6,6
"TMC7",6,10
"TMEM145",6,6
"TMEM214",6,6
"TMEM245",6,7
"TMEM270",6,6
"TMEM63A",6,6
"TMEM68",6,6
"TMIGD2",6,6
"TMPRSS6",6,7
"TOGARAM2",6,6
"TOP1",6,6
"TRAF3",6,7
"TRAF5",6,6
"TRAF6",6,7
"TRAK1",6,9
"TRAM1L1",6,7
"TRAM2",6,7
"TRIM13",6,8
"TRIM21",6,6
"TRIM25",6,8
"TRIM38",6,6
"TRIM41",6,6
"TRIM58",6,6
"TRIM9",6,6
"TRIP10",6,6
"TRMT2B",6,7
"TROAP",6,6
"TRPC4AP",6,6
"TSC22D3",6,6
"TSEN54",6,6
"TSNARE1",6,6
"TSPAN12",6,6
"TSR1",6,7
"TSSK1B",6,6
"TTC14",6,6
"TTC30B",6,6
"TTK",6,6
"TTLL3",6,7
"TUBA3C",6,7
"TUBA3E",6,6
"TUBD1",6,7
"TXNIP",6,6
"TYK2",6,7
"TYRO3",6,8
"UBA2",6,6
"UBAP2L",6,7
"UBASH3A",6,7
"UBE2Q1",6,6
"UBE3A",6,6
"UBR3",6,6
"UBR7",6,6
"UGT2B10",6,7
"UGT2B4",6,6
"UMOD",6,6
"UNC5B",6,7
"UNC5C",6,6
"UNC93B1",6,6
"UNK",6,6
"UPB1",6,6
"UPRT",6,6
"URI1",6,6
"USHBP1",6,6
"USP26",6,7
"USP33",6,6
"USP4",6,6
"USP48",6,8
"USP8",6,6
"UST",6,6
"UXS1",6,6
"VAV1",6,6
"VEPH1",6,6
"VMP1",6,7
"VN1R10P",6,7
"VPS11",6,7
"VPS18",6,6
"VPS33A",6,6
"VPS41",6,6
"VPS45",6,7
"VPS4B",6,6
"VPS50",6,7
"VPS53",6,6
"VPS54",6,6
"VRK3",6,7
"VSIG10",6,6
"WASL",6,6
"WDPCP",6,6
"WDR3",6,6
"WDR90",6,7
"WIZ",6,6
"WNT2B",6,6
"XAB2",6,6
"YME1L1",6,6
"YTHDC1",6,6
"ZAP70",6,6
"ZBED8",6,6
"ZBTB10",6,7
"ZBTB14",6,6
"ZBTB2",6,6
"ZBTB22",6,7
"ZBTB24",6,6
"ZC2HC1A",6,6
"ZC3H14",6,6
"ZC3H15",6,6
"ZDHHC5",6,6
"ZDHHC9",6,6
"ZFP28",6,7
"ZFP69",6,6
"ZFYVE19",6,6
"ZGPAT",6,6
"ZMYM5",6,6
"ZMYM6",6,7
"ZNF124",6,6
"ZNF16",6,6
"ZNF17",6,6
"ZNF175",6,6
"ZNF181",6,6
"ZNF185",6,6
"ZNF189",6,6
"ZNF200",6,8
"ZNF22",6,6
"ZNF227",6,6
"ZNF239",6,6
"ZNF26",6,7
"ZNF263",6,6
"ZNF274",6,6
"ZNF28",6,6
"ZNF285",6,6
"ZNF418",6,6
"ZNF420",6,6
"ZNF441",6,8
"ZNF461",6,9
"ZNF48",6,6
"ZNF485",6,6
"ZNF502",6,7
"ZNF510",6,7
"ZNF549",6,6
"ZNF551",6,6
"ZNF569",6,6
"ZNF577",6,7
"ZNF585A",6,6
"ZNF586",6,6
"ZNF618",6,6
"ZNF655",6,6
"ZNF665",6,6
"ZNF671",6,7
"ZNF677",6,6
"ZNF7",6,6
"ZNF71",6,6
"ZNF714",6,6
"ZNF718",6,7
"ZNF749",6,7
"ZNF761",6,7
"ZNF790",6,6
"ZNF813",6,6
"ZNF823",6,7
"ZNF836",6,6
"ZNF84",6,6
"ZNF878",6,6
"ZNRF3",6,7
"ZSCAN2",6,6
"ZSCAN5A",6,8
"ZSWIM2",6,7
"ZSWIM5",6,8
"AADAC",5,5
"AADACL4",5,5
"AARS2",5,5
"AATK",5,5
"ABCE1",5,5
"ABCG4",5,5
"ABCG5",5,5
"ABCG8",5,6
"ABHD13",5,5
"ABHD2",5,5
"ABLIM1",5,5
"ABLIM3",5,5
"AC005833.1",5,5
"AC013489.1",5,5
"AC024598.1",5,5
"AC092718.9",5,5
"AC244197.3",5,5
"ACAD9",5,5
"ACADSB",5,6
"ACAP1",5,5
"ACBD3",5,5
"ACBD5",5,5
"ACKR3",5,5
"ACOX1",5,6
"ACSF2",5,5
"ACSM3",5,6
"ACTA1",5,5
"ACTL7A",5,5
"ACTL9",5,5
"ACTR6",5,5
"ACTR8",5,5
"ADAM20",5,5
"ADAM32",5,5
"ADAMDEC1",5,5
"ADAMTS15",5,5
"ADAMTSL2",5,5
"ADCK2",5,6
"ADCY3",5,5
"ADGRF2",5,5
"ADH7",5,5
"ADORA1",5,5
"ADORA2A",5,6
"ADSS2",5,5
"AEBP2",5,6
"AFAP1L1",5,5
"AGAP2",5,5
"AGBL2",5,6
"AGBL4",5,5
"AGXT2",5,5
"AHCY",5,5
"AIM2",5,5
"AKT2",5,5
"AL035461.3",5,5
"AL109984.1",5,5
"AL136295.1",5,5
"AL590867.2",5,5
"ALAS1",5,5
"ALDH8A1",5,5
"ALDH9A1",5,5
"ALG10",5,5
"ALOX12B",5,6
"ALOX15",5,6
"AMY2B",5,5
"AMZ1",5,5
"ANKH",5,5
"ANKMY1",5,5
"ANKRD34B",5,6
"ANKS1A",5,5
"ANO1",5,5
"ANOS1",5,5
"ANP32E",5,5
"ANXA1",5,5
"ANXA6",5,5
"AOAH",5,5
"AP1M2",5,5
"AP2B1",5,5
"AP2M1",5,5
"APOA1",5,5
"APPL2",5,5
"AREL1",5,5
"ARHGAP22",5,5
"ARHGAP9",5,6
"ARHGEF10",5,6
"ARHGEF18",5,5
"ARHGEF39",5,6
"ARID3B",5,7
"ARIH1",5,5
"ARMC8",5,5
"ARNTL",5,5
"ARSF",5,5
"ARSG",5,5
"ARVCF",5,6
"ASAP3",5,5
"ASB11",5,5
"ASB12",5,5
"ASB5",5,5
"ASIC2",5,7
"ASNS",5,5
"ASPA",5,5
"ASPHD2",5,5
"ASZ1",5,5
"ATF3",5,7
"ATF4",5,5
"ATF7IP2",5,5
"ATG16L2",5,5
"ATL3",5,6
"ATOH1",5,5
"ATP1B1",5,6
"ATXN3",5,5
"AVIL",5,5
"AVPR2",5,5
"AWAT1",5,5
"AWAT2",5,5
"B3GALT4",5,5
"B4GALNT2",5,7
"B4GALNT3",5,5
"B4GALT5",5,5
"BAG6",5,5
"BARHL2",5,5
"BBS2",5,5
"BBS7",5,5
"BCAP31",5,5
"BCAR1",5,5
"BCCIP",5,5
"BCL10",5,5
"BCL11A",5,5
"BCL2L1",5,5
"BCL2L11",5,5
"BCO2",5,6
"BDKRB1",5,5
"BEST1",5,5
"BEST2",5,5
"BFSP1",5,5
"BGN",5,5
"BHMT2",5,5
"BIRC8",5,5
"BLK",5,5
"BLVRA",5,5
"BMP15",5,5
"BMP2K",5,5
"BMP5",5,8
"BMS1",5,5
"BNIP5",5,5
"BNIPL",5,5
"BPIFB4",5,5
"BRCC3",5,5
"BRD1",5,5
"BRIX1",5,5
"BSND",5,5
"BSX",5,5
"BTAF1",5,5
"BTBD6",5,5
"BTN1A1",5,5
"BTN2A2",5,7
"BTNL3",5,6
"BTNL9",5,5
"BVES",5,5
"C10ORF90",5,5
"C11ORF24",5,5
"C12ORF71",5,5
"C17ORF80",5,5
"C1GALT1",5,5
"C1RL",5,5
"C3P1",5,5
"C4ORF51",5,5
"C5ORF51",5,5
"CA14",5,6
"CABLES1",5,5
"CACNB1",5,5
"CACNG3",5,5
"CACTIN",5,5
"CALCA",5,5
"CALCR",5,5
"CALCRL",5,5
"CALML3",5,5
"CAMK2G",5,5
"CAMKMT",5,5
"CAMTA2",5,5
"CANX",5,6
"CAPN10",5,5
"CAPN13",5,5
"CAPRIN1",5,5
"CAPS",5,5
"CAPZA2",5,5
"CARD8",5,6
"CARM1",5,5
"CARNS1",5,6
"CASP1",5,5
"CASP5",5,5
"CATSPER2",5,5
"CCAR2",5,5
"CCDC110",5,5
"CCDC112",5,5
"CCDC158",5,6
"CCDC172",5,6
"CCDC18",5,5
"CCDC181",5,7
"CCDC183",5,7
"CCDC22",5,5
"CCDC30",5,5
"CCDC66",5,5
"CCDC78",5,5
"CCDC85A",5,5
"CCN4",5,5
"CCNA2",5,5
"CCNF",5,5
"CCNK",5,5
"CCNQ",5,5
"CCNQP1",5,5
"CCR2",5,6
"CCT8L2",5,5
"CD163",5,5
"CD1A",5,5
"CD248",5,5
"CD300A",5,5
"CD300LG",5,5
"CD36",5,5
"CD47",5,5
"CD5",5,5
"CDADC1",5,5
"CDC123",5,5
"CDC14A",5,5
"CDC6",5,6
"CDC7",5,5
"CDCA7",5,6
"CDH18",5,5
"CDH22",5,5
"CDK16",5,6
"CDS1",5,5
"CDYL2",5,5
"CEACAM18",5,5
"CEP135",5,6
"CEP20",5,5
"CEP41",5,5
"CEP78",5,5
"CFAP45",5,5
"CFAP94",5,5
"CFHR4",5,5
"CHAT",5,5
"CHM",5,5
"CHORDC1",5,5
"CHRDL1",5,5
"CHRNA4",5,6
"CHRNB4",5,5
"CHST1",5,5
"CHST11",5,5
"CHST2",5,6
"CHST9",5,5
"CHUK",5,8
"CKMT2",5,5
"CLASRP",5,5
"CLDN17",5,5
"CLEC1A",5,5
"CLIC6",5,5
"CLIP4",5,5
"CLK2",5,5
"CLK3",5,5
"CLK4",5,6
"CLN3",5,5
"CMTR1",5,5
"CNGA1",5,5
"CNKSR3",5,5
"CNOT2",5,6
"CNOT6",5,7
"CNP",5,5
"CNTFR",5,5
"CNTROB",5,5
"COBL",5,5
"COG5",5,7
"COIL",5,5
"COL10A1",5,5
"COPS3",5,6
"COQ8A",5,5
"COX10",5,5
"CPEB3",5,5
"CPNE4",5,5
"CPSF2",5,5
"CPSF4",5,5
"CPSF6",5,5
"CR1L",5,5
"CREB3L3",5,6
"CRISPLD1",5,6
"CRLF3",5,5
"CRYGC",5,6
"CSAD",5,5
"CSDE1",5,5
"CSF1",5,6
"CSF1R",5,5
"CSNK1A1L",5,6
"CTNNB1",5,5
"CUL2",5,5
"CUL4A",5,5
"CX3CR1",5,5
"CXORF65",5,5
"CYB5R4",5,5
"CYP1A2",5,5
"CYP39A1",5,5
"CYP4B1",5,5
"CYRIA",5,5
"CYTH3",5,5
"DAND5",5,5
"DAZAP1",5,5
"DBX1",5,5
"DBX2",5,5
"DCAF5",5,5
"DCP1B",5,5
"DCST2",5,5
"DDHD1",5,9
"DDIAS",5,5
"DDX17",5,5
"DDX41",5,6
"DDX58",5,5
"DDX59",5,6
"DEF6",5,5
"DEGS1",5,5
"DENND6A",5,5
"DEPDC7",5,5
"DEUP1",5,5
"DGKH",5,5
"DHPS",5,5
"DHRS13",5,5
"DHX16",5,5
"DHX34",5,5
"DHX37",5,5
"DHX40",5,6
"DIAPH3",5,5
"DIS3L",5,6
"DKC1",5,6
"DKK4",5,5
"DLGAP5",5,5
"DMAC2",5,5
"DNAAF3",5,6
"DNAAF4",5,5
"DNAJC2",5,5
"DNAJC7",5,6
"DNASE1L3",5,5
"DNM2",5,5
"DPH2",5,5
"DPY19L1",5,5
"DPY19L3",5,5
"DPYS",5,5
"DRP2",5,5
"DSTYK",5,5
"DTX1",5,5
"DTX3L",5,8
"DUSP19",5,6
"DYNC1LI2",5,5
"E2F3",5,6
"EAPP",5,5
"EBF3",5,5
"ECT2",5,5
"ECT2L",5,5
"EDA",5,5
"EDA2R",5,5
"EDC4",5,5
"EDDM3A",5,5
"EDEM2",5,5
"EDEM3",5,5
"EDN1",5,5
"EED",5,6
"EEPD1",5,5
"EFCAB3",5,5
"EFCAB7",5,6
"EFHB",5,5
"EGR1",5,5
"EHD4",5,6
"EIF4A1",5,5
"ELAPOR1",5,6
"ELF2",5,5
"ELOVL4",5,5
"EMILIN2",5,5
"EMILIN3",5,5
"ENTPD6",5,5
"EOLA2",5,5
"EOMES",5,5
"EPHX2",5,5
"EPYC",5,5
"ERMARD",5,5
"ESPN",5,5
"EVC",5,6
"EXOC6B",5,5
"EYA1",5,5
"EYA2",5,5
"EZH2",5,5
"F7",5,5
"FABP5P3",5,5
"FAM111B",5,5
"FAM114A2",5,5
"FAM131B",5,5
"FAM151A",5,5
"FAM166A",5,5
"FAM186B",5,5
"FAM189A2",5,5
"FAM20A",5,5
"FAM217B",5,5
"FAM227B",5,5
"FAM234B",5,5
"FAM53C",5,5
"FAM81B",5,6
"FAM90A1",5,5
"FAM98B",5,5
"FANCG",5,5
"FAR2",5,5
"FARSA",5,5
"FASTK",5,5
"FASTKD1",5,5
"FASTKD2",5,5
"FBP1",5,6
"FBXL14",5,5
"FBXL19",5,5
"FBXL2",5,5
"FBXO11",5,5
"FBXO24",5,5
"FBXO28",5,5
"FBXO30",5,5
"FBXO38",5,6
"FBXW2",5,6
"FBXW4",5,6
"FEZF2",5,7
"FGA",5,6
"FGF13",5,5
"FGF23",5,5
"FGGY",5,5
"FKTN",5,5
"FLOT2",5,6
"FLVCR1",5,7
"FMO3",5,6
"FMO5",5,6
"FNBP4",5,6
"FNIP1",5,5
"FOXA2",5,5
"FOXG1",5,5
"FOXN1",5,5
"FPGS",5,5
"FRG1",5,6
"FRMD4B",5,5
"FRMD5",5,5
"FUBP3",5,6
"FURIN",5,5
"FUS",5,5
"FZD3",5,5
"FZD6",5,5
"G2E3",5,6
"G6PD",5,5
"GAA",5,6
"GAB1",5,5
"GABBR1",5,5
"GABPB2",5,5
"GABRB1",5,6
"GABRB3",5,5
"GAK",5,5
"GALNT18",5,5
"GAP43",5,5
"GAREM1",5,5
"GARRE1",5,5
"GAS2L3",5,5
"GCNA",5,6
"GDA",5,5
"GDPD5",5,5
"GEMIN4",5,5
"GFRA3",5,5
"GGA3",5,5
"GIMAP5",5,5
"GINS4",5,5
"GIPR",5,5
"GJA1",5,6
"GK",5,9
"GLB1L2",5,5
"GLE1",5,5
"GLI1",5,6
"GLIS3",5,5
"GLMP",5,6
"GLP2R",5,5
"GLRA3",5,5
"GLS",5,5
"GLUD2",5,5
"GLUL",5,5
"GMDS",5,5
"GMIP",5,6
"GNA14",5,5
"GNL2",5,5
"GP1BA",5,6
"GPAA1",5,5
"GPATCH4",5,5
"GPHN",5,5
"GPR108",5,5
"GPR137B",5,5
"GPR141",5,10
"GPR143",5,5
"GPR153",5,6
"GPR155",5,6
"GPR173",5,5
"GPR22",5,7
"GPR42",5,5
"GPR55",5,5
"GPR61",5,6
"GPSM1",5,5
"GPT2",5,5
"GRB10",5,5
"GRIA2",5,5
"GRIN2D",5,5
"GRM2",5,6
"GRM5",5,5
"GRXCR1",5,5
"GSDMB",5,5
"GTDC1",5,5
"GTF2H3",5,5
"GTF3C2",5,6
"GTF3C3",5,5
"GTPBP3",5,5
"GUF1",5,5
"GUSB",5,6
"GYG1",5,5
"GZF1",5,5
"GZMA",5,5
"H2AC12",5,7
"H2AC8",5,5
"H2BC12",5,5
"H2BC8",5,6
"H2BC9",5,6
"H2BW1",5,5
"H3C7",5,5
"H4C13",5,5
"H4C5",5,5
"HACL1",5,5
"HAO1",5,6
"HAVCR1",5,5
"HBS1L",5,6
"HCLS1",5,5
"HDAC3",5,5
"HEATR3",5,5
"HEY1",5,5
"HEYL",5,5
"HFM1",5,5
"HGD",5,5
"HHATL",5,5
"HIP1R",5,5
"HJURP",5,5
"HK2",5,7
"HKDC1",5,5
"HMGB4",5,5
"HNF1A",5,5
"HNF1B",5,5
"HOMEZ",5,5
"HOXB2",5,5
"HOXB3",5,5
"HPS1",5,5
"HPS5",5,5
"HRAS",5,5
"HRH3",5,5
"HSDL2",5,5
"HSPBAP1",5,5
"HTR1E",5,5
"HTRA1",5,5
"HYAL2",5,5
"ICA1",5,5
"ICE2",5,6
"IDS",5,5
"IER5",5,5
"IFIT5",5,5
"IFNA17",5,6
"IFNA2",5,5
"IFNAR1",5,6
"IFRD1",5,7
"IGF2BP1",5,5
"IGFN1",5,5
"IGHA1",5,5
"IGHG1",5,5
"IGKV1D-16",5,6
"IHH",5,6
"IKZF1",5,5
"IL12RB1",5,6
"IL12RB2",5,5
"IL18RAP",5,5
"IL1R1",5,5
"IL1RL1",5,5
"IL23R",5,5
"IL6R",5,5
"ILVBL",5,5
"IMMT",5,5
"IMPA2",5,5
"INPP4B",5,5
"INPP5A",5,5
"INTS14",5,5
"INVS",5,6
"IPO13",5,8
"IPO5",5,5
"IRAK1",5,5
"IRF8",5,5
"IRF9",5,5
"IRX4",5,5
"ISL1",5,5
"ISLR2",5,5
"ISM2",5,5
"ITCH",5,5
"ITGA9",5,6
"ITGAD",5,5
"ITGB8",5,5
"IVL",5,5
"IYD",5,5
"JADE1",5,5
"JAKMIP2",5,5
"JHY",5,5
"JPH1",5,5
"KANSL1L",5,6
"KAT14",5,10
"KAT2A",5,5
"KAT8",5,5
"KATNB1",5,5
"KAZN",5,5
"KBTBD6",5,6
"KBTBD8",5,5
"KCNAB1",5,5
"KCNC3",5,5
"KCNJ10",5,5
"KCNJ2",5,5
"KCNJ3",5,5
"KCNK13",5,5
"KDM4B",5,5
"KDM7A",5,5
"KEL",5,5
"KIAA0753",5,6
"KIAA1586",5,5
"KIF1C",5,7
"KIF2C",5,5
"KIF3B",5,7
"KIR3DL1",5,5
"KIR3DL3",5,5
"KLC4",5,5
"KLF10",5,5
"KLF17",5,5
"KLF7",5,5
"KLHDC9",5,5
"KLHL20",5,5
"KLHL25",5,5
"KLHL8",5,6
"KLK13",5,5
"KLK15",5,6
"KLKB1",5,6
"KLRC1",5,5
"KRBA1",5,5
"KRT18",5,5
"KRT28",5,5
"KRT3",5,5
"KRT31",5,5
"KRT36",5,5
"KRT4",5,5
"KRT5",5,5
"KRT6C",5,5
"KRT73",5,6
"KRT75",5,6
"KRT76",5,5
"KRT79",5,5
"KRT83",5,5
"KRT86",5,6
"KRTAP10-11",5,5
"KRTAP10-5",5,6
"KRTAP10-7",5,5
"KY",5,5
"L1TD1",5,5
"LAP3",5,5
"LARP6",5,5
"LCMT2",5,7
"LCP1",5,5
"LDHC",5,5
"LENG1",5,5
"LEXM",5,5
"LGALS12",5,5
"LGALS14",5,6
"LGSN",5,5
"LHX2",5,5
"LHX5",5,5
"LIG4",5,6
"LILRA2",5,5
"LILRA5",5,5
"LILRA6",5,5
"LIMCH1",5,5
"LIMK1",5,5
"LIPA",5,5
"LMAN1",5,5
"LMBRD2",5,5
"LMOD3",5,5
"LNX2",5,5
"LOXL2",5,5
"LPCAT1",5,5
"LPGAT1",5,5
"LRAT",5,5
"LRG1",5,6
"LRIG1",5,5
"LRR1",5,5
"LRRC15",5,7
"LRRC27",5,5
"LRRC42",5,7
"LRRC43",5,5
"LRRC49",5,6
"LRRC4C",5,5
"LTF",5,5
"LUZP1",5,6
"LVRN",5,7
"LYSMD1",5,5
"MAB21L1",5,5
"MAB21L3",5,5
"MACC1",5,5
"MAGEA4",5,5
"MAGEB6",5,6
"MAN1B1",5,5
"MAOB",5,6
"MAP2K1",5,6
"MAP3K11",5,7
"MAP7D2",5,5
"MAP9",5,5
"MAPK15",5,5
"MARCHF5",5,7
"MAS1",5,5
"MASP2",5,5
"MAST3",5,8
"MAT2A",5,5
"MATN4",5,5
"MBD3",5,5
"MBNL1",5,5
"MBNL3",5,6
"MCM2",5,5
"MCM3",5,6
"MCMBP",5,5
"MCMDC2",5,5
"MCOLN2",5,6
"MCPH1",5,6
"MCTP1",5,5
"MEA1",5,5
"MED16",5,5
"MED25",5,5
"MELK",5,5
"METAP2",5,6
"METTL2B",5,5
"MFAP3L",5,5
"MFAP5",5,5
"MFN1",5,5
"MFN2",5,5
"MFRP",5,5
"MFSD6",5,6
"MGAT4C",5,5
"MICU3",5,5
"MIER1",5,5
"MIF4GD",5,5
"MLC1",5,5
"MLIP",5,6
"MMAA",5,5
"MMP14",5,5
"MMP24",5,6
"MMP27",5,5
"MMP9",5,5
"MMRN2",5,5
"MMUT",5,5
"MOSPD2",5,5
"MPG",5,5
"MPHOSPH10",5,6
"MPP1",5,5
"MPP4",5,5
"MRGPRX4",5,5
"MRPL2",5,5
"MRPL38",5,5
"MRPL40",5,5
"MRTFA",5,5
"MSL2",5,5
"MSRB3",5,5
"MTF2",5,5
"MTMR10",5,5
"MTMR3",5,5
"MTMR9",5,5
"MTREX",5,6
"MTRR",5,5
"MUC20",5,5
"MVP",5,5
"MX2",5,5
"MYBL2",5,5
"MYEF2",5,5
"MYO1B",5,5
"MYO1C",5,6
"NAA35",5,5
"NACA2",5,5
"NADSYN1",5,5
"NAIF1",5,5
"NAMPT",5,6
"NANOS3",5,5
"NBPF1",5,5
"NBPF3",5,6
"NBPF9",5,5
"NBR1",5,5
"NCBP1",5,5
"NCDN",5,5
"NCKIPSD",5,5
"NCOA7",5,5
"NDFIP2",5,5
"NDUFAF1",5,5
"NDUFS3",5,5
"NEFH",5,5
"NEFM",5,5
"NEXN",5,8
"NFATC1",5,5
"NFE2L2",5,7
"NFYC",5,5
"NIPAL2",5,5
"NKAIN2",5,5
"NKRF",5,6
"NMBR",5,5
"NMT1",5,5
"NOMO2",5,5
"NOP2",5,5
"NOP56",5,5
"NOP9",5,5
"NOX1",5,5
"NOX5",5,5
"NPLOC4",5,5
"NPR1",5,5
"NPR3",5,5
"NR1H2",5,6
"NR4A2",5,5
"NR6A1",5,6
"NSD2",5,6
"NSMAF",5,5
"NTNG2",5,5
"NUAK2",5,5
"NUDT17",5,5
"NUFIP1",5,5
"NUFIP2",5,7
"NUP62",5,5
"NXN",5,5
"OAS3",5,5
"OGA",5,5
"OGG1",5,6
"OLFM4",5,5
"OPHN1",5,5
"OPN4",5,5
"OR10A7",5,5
"OR10G9",5,5
"OR10H5",5,5
"OR10T2",5,5
"OR13J1",5,5
"OR1A2",5,5
"OR1S1",5,6
"OR2B3",5,5
"OR2G2",5,5
"OR2T12",5,5
"OR2T27",5,5
"OR2T6",5,5
"OR3A1",5,5
"OR4C12",5,6
"OR4C13",5,5
"OR4D6",5,5
"OR4F6",5,7
"OR4K14",5,5
"OR4N2",5,5
"OR4Q3",5,5
"OR4X1",5,5
"OR51A4",5,5
"OR51A7",5,5
"OR51B4",5,5
"OR51D1",5,5
"OR51F2",5,6
"OR51V1",5,5
"OR52A5",5,5
"OR52B2",5,5
"OR52K1",5,5
"OR52M1",5,5
"OR56A3",5,5
"OR56A4",5,6
"OR5B3",5,5
"OR5D13",5,5
"OR5H2",5,5
"OR5J2",5,5
"OR5M11",5,5
"OR5T3",5,7
"OR5W2",5,5
"OR6C76",5,5
"OR6T1",5,5
"OR7A17",5,5
"OR7C2",5,5
"OR7E24",5,5
"OR8B12",5,5
"OR8D4",5,5
"OR8G1",5,5
"OR8K3",5,6
"OR8K5",5,5
"OSBP2",5,5
"OSBPL6",5,6
"OTOP3",5,5
"OTX2",5,5
"P2RX3",5,6
"P2RY13",5,5
"P4HB",5,5
"PA2G4",5,5
"PACSIN1",5,5
"PADI1",5,5
"PADI2",5,5
"PAGE1",5,5
"PAMR1",5,5
"PANX1",5,5
"PAPOLA",5,5
"PAPSS2",5,6
"PARP10",5,8
"PARP15",5,6
"PARP6",5,6
"PAXIP1",5,5
"PCCB",5,5
"PCDH12",5,5
"PCDHGC4",5,5
"PCSK7",5,5
"PCYT1B",5,5
"PDCL3",5,5
"PDE12",5,5
"PDE7A",5,5
"PDK4",5,5
"PDPR",5,5
"PDRG1",5,5
"PDZD8",5,5
"PEF1",5,5
"PEX6",5,5
"PFKFB2",5,5
"PGBD1",5,5
"PGD",5,5
"PGLYRP2",5,5
"PHC2",5,6
"PHF24",5,5
"PHKB",5,5
"PHLPP2",5,7
"PHYH",5,5
"PI16",5,5
"PIAS2",5,5
"PICALM",5,5
"PIGN",5,5
"PIGO",5,5
"PIH1D1",5,5
"PIK3AP1",5,5
"PIP5K1B",5,5
"PITPNM2",5,5
"PITX2",5,5
"PKNOX2",5,5
"PLBD2",5,5
"PLCD1",5,5
"PLD3",5,5
"PLEKHA5",5,6
"PLEKHG6",5,5
"PLEKHG7",5,5
"PLEKHM3",5,5
"PLK3",5,6
"PLOD1",5,5
"PLOD3",5,5
"PLPPR2",5,5
"PLPPR4",5,5
"PLS1",5,5
"PNISR",5,5
"PNLIP",5,5
"PNMA3",5,5
"PNMA5",5,5
"PNMA8A",5,5
"PNMA8B",5,5
"POC1B",5,6
"PODN",5,5
"POFUT1",5,5
"POGK",5,5
"POLD1",5,5
"POLH",5,5
"POLN",5,5
"POLR2F",5,5
"POLR3GL",5,5
"POLRMT",5,5
"POM121L12",5,5
"PON1",5,5
"POR",5,5
"PORCN",5,5
"POTEH",5,5
"POU5F2",5,6
"PPARD",5,5
"PPAT",5,5
"PPIAL4G",5,5
"PPIL2",5,5
"PPM1D",5,5
"PPM1F",5,5
"PPOX",5,5
"PPP1R13B",5,5
"PPP1R15A",5,5
"PPP1R15B",5,6
"PPP1R32",5,6
"PPP2CA",5,5
"PPP6R1",5,5
"PPT2",5,5
"PRAME",5,5
"PRAMEF1",5,5
"PRAMEF19",5,5
"PRDM11",5,5
"PRDM5",5,5
"PRICKLE1",5,5
"PRKAA2",5,5
"PRKCH",5,5
"PRKN",5,5
"PROKR1",5,5
"PRPF39",5,5
"PRPF4",5,5
"PRPF40A",5,7
"PRPS2",5,5
"PRR27",5,5
"PRRC2A",5,6
"PSG4",5,5
"PSG7",5,5
"PSG9",5,5
"PSMB5",5,5
"PSMC5",5,5
"PSPC1",5,5
"PTAR1",5,5
"PTCH2",5,5
"PTGER2",5,5
"PTH2R",5,5
"PTPN7",5,5
"PTPRN",5,6
"PUM3",5,6
"PVALB",5,5
"PWWP3A",5,5
"PWWP3B",5,5
"PXYLP1",5,6
"QARS1",5,8
"R3HDM1",5,5
"R3HDM2",5,5
"RAB11FIP4",5,6
"RAB21",5,5
"RAB3GAP1",5,6
"RABGAP1L",5,5
"RABGGTA",5,5
"RAD17",5,5
"RAD54L2",5,5
"RAE1",5,5
"RAF1",5,5
"RALY",5,5
"RAPH1",5,7
"RARS1",5,5
"RASA1",5,5
"RASA2",5,7
"RASGEF1C",5,5
"RASGRP1",5,5
"RASSF2",5,5
"RASSF4",5,5
"RBBP4",5,5
"RBM10",5,5
"RBM12B",5,6
"RBM14",5,6
"RBM39",5,5
"RBM46",5,5
"RBM5",5,5
"RBMS1",5,5
"RBPJL",5,5
"RBSN",5,7
"RCBTB2",5,6
"RCOR2",5,5
"RDH11",5,5
"RDH5",5,5
"RDX",5,5
"RECK",5,5
"REG1A",5,5
"REG1B",5,5
"REST",5,5
"RETSAT",5,5
"RFXANK",5,5
"RGL3",5,5
"RGP1",5,6
"RGS14",5,5
"RGS4",5,5
"RHO",5,5
"RHPN2",5,5
"RIMBP3",5,5
"RIN1",5,5
"RMDN2",5,5
"RND3",5,5
"RNF111",5,7
"RNF128",5,5
"RNF145",5,7
"RNF168",5,8
"RNF220",5,5
"RNPS1",5,5
"ROPN1B",5,6
"RORB",5,5
"RPL10",5,5
"RPL13A",5,5
"RPL3L",5,5
"RPP30",5,5
"RPRD2",5,5
"RPS6KA1",5,5
"RPUSD4",5,6
"RRNAD1",5,6
"RSPH14",5,5
"RSRC2",5,6
"RTF2",5,5
"RTL3",5,5
"RTL4",5,6
"RTL8A",5,5
"RUFY3",5,6
"RUSC1",5,6
"RUSC2",5,5
"RXFP1",5,5
"RXFP2",5,5
"RXRA",5,5
"SALL2",5,5
"SAMD3",5,5
"SAMD4A",5,5
"SAMHD1",5,5
"SAMSN1",5,5
"SAP130",5,5
"SASS6",5,6
"SATL1",5,5
"SCAF1",5,6
"SCAP",5,5
"SCG3",5,5
"SCML4",5,5
"SCNN1A",5,7
"SCNN1B",5,5
"SCNN1G",5,5
"SCUBE3",5,6
"SDE2",5,5
"SELL",5,5
"SEMA3G",5,5
"SEMG1",5,5
"SENP2",5,6
"SEPTIN1",5,5
"SEPTIN3",5,5
"SEPTIN5",5,6
"SERPINA5",5,5
"SERPINA9",5,5
"SERPINB3",5,5
"SERPIND1",5,5
"SERPINI2",5,5
"SF3B4",5,5
"SFTPB",5,5
"SGCA",5,5
"SGCD",5,5
"SGK1",5,5
"SGPL1",5,5
"SH2D3A",5,5
"SH3GL2",5,5
"SH3GLB2",5,5
"SH3TC2",5,5
"SHC1",5,5
"SHC4",5,6
"SHISA4",5,5
"SHOC2",5,6
"SIGLEC10",5,5
"SIGLEC11",5,5
"SIGLEC5",5,5
"SIX4",5,5
"SIX6",5,5
"SLAMF1",5,5
"SLAMF7",5,5
"SLC10A3",5,6
"SLC11A1",5,5
"SLC12A8",5,5
"SLC15A2",5,5
"SLC16A12",5,5
"SLC17A5",5,5
"SLC17A8",5,5
"SLC18A1",5,6
"SLC20A1",5,6
"SLC22A10",5,5
"SLC22A11",5,5
"SLC22A9",5,5
"SLC25A18",5,5
"SLC25A41",5,5
"SLC25A48",5,5
"SLC26A5",5,5
"SLC26A7",5,5
"SLC27A1",5,6
"SLC27A4",5,5
"SLC27A5",5,5
"SLC29A3",5,6
"SLC2A1",5,5
"SLC2A3",5,5
"SLC30A9",5,7
"SLC34A1",5,5
"SLC35F1",5,5
"SLC35G3",5,5
"SLC36A2",5,5
"SLC37A2",5,6
"SLC38A10",5,5
"SLC38A11",5,5
"SLC3A1",5,5
"SLC40A1",5,5
"SLC41A3",5,6
"SLC43A2",5,5
"SLC44A3",5,5
"SLC45A3",5,5
"SLC46A1",5,5
"SLC5A3",5,5
"SLC5A8",5,5
"SLC6A13",5,5
"SLC6A15",5,5
"SLC6A19",5,5
"SLC9A1",5,5
"SLC9A3",5,5
"SLC9A4",5,5
"SLCO1B1",5,5
"SLCO4A1",5,5
"SLFN5",5,5
"SLIT3",5,5
"SLK",5,7
"SMAD9",5,6
"SMARCD1",5,5
"SMG6",5,8
"SNAP47",5,5
"SNED1",5,7
"SNRK",5,6
"SNUPN",5,5
"SNX14",5,6
"SNX15",5,5
"SNX27",5,5
"SNX6",5,5
"SOCS4",5,5
"SOCS6",5,5
"SOCS7",5,5
"SOGA3",5,5
"SORCS2",5,5
"SORD",5,5
"SP110",5,6
"SP6",5,5
"SPACA1",5,5
"SPAG1",5,5
"SPAST",5,5
"SPATA1",5,5
"SPATA21",5,5
"SPATA31A3",5,5
"SPATA6",5,5
"SPOCK1",5,6
"SPRY1",5,6
"SPTLC1",5,5
"SPTLC2",5,5
"SQSTM1",5,5
"SRP68",5,5
"SRPK1",5,5
"SRPK3",5,5
"SSR2",5,5
"ST14",5,5
"ST8SIA4",5,5
"STAC",5,5
"STAMBPL1",5,6
"STAP1",5,5
"STARD10",5,6
"STARD7",5,5
"STAU1",5,5
"STIM2",5,5
"STK3",5,5
"STK32C",5,6
"STK33",5,5
"STK38L",5,5
"STK40",5,5
"STUB1",5,6
"STX3",5,6
"STXBP1",5,5
"STXBP3",5,5
"SUCLA2",5,5
"SULT1C2",5,5
"SUN5",5,6
"SUPT7L",5,5
"SUV39H1",5,5
"SV2A",5,5
"SV2B",5,5
"SV2C",5,6
"SYNPO2L",5,5
"SYNRG",5,6
"SYP",5,5
"SYT3",5,5
"SYTL4",5,5
"TAAR1",5,5
"TAAR6",5,5
"TADA2A",5,5
"TANGO6",5,5
"TAP1",5,5
"TAS2R10",5,5
"TAS2R31",5,5
"TAT",5,5
"TBATA",5,5
"TBC1D12",5,5
"TBC1D16",5,5
"TBC1D17",5,5
"TBC1D9",5,5
"TBC1D9B",5,6
"TBCK",5,5
"TBX19",5,5
"TBX20",5,5
"TBXAS1",5,5
"TDRD7",5,5
"TDRD9",5,5
"TELO2",5,6
"TEX47",5,5
"TFAP2B",5,5
"TFB2M",5,6
"TFCP2L1",5,5
"TFDP1",5,5
"TFG",5,5
"TFPI",5,5
"TFPI2",5,5
"TGFB3",5,5
"TGFBRAP1",5,5
"THAP5",5,5
"THAP9",5,7
"THBS3",5,6
"THEM5",5,5
"THEMIS",5,6
"THRA",5,5
"THSD1",5,5
"TIA1",5,5
"TIGAR",5,5
"TIGD2",5,5
"TIMM44",5,5
"TIMM50",5,5
"TIPARP",5,5
"TKTL1",5,6
"TLE1",5,5
"TM9SF3",5,5
"TMC6",5,5
"TMC8",5,5
"TMCC1",5,5
"TMCO3",5,5
"TMCO6",5,5
"TMEM169",5,5
"TMEM181",5,5
"TMEM183B",5,6
"TMEM185A",5,5
"TMEM39A",5,5
"TMEM59L",5,5
"TMEM71",5,5
"TMOD4",5,5
"TMPO",5,5
"TMPPE",5,5
"TMTC3",5,5
"TNFRSF11B",5,5
"TNFRSF21",5,5
"TNFSF4",5,5
"TNIP3",5,6
"TNMD",5,6
"TNNI3",5,5
"TNNT1",5,5
"TNS2",5,5
"TNS4",5,5
"TOB1",5,6
"TOM1",5,6
"TOP2A",5,5
"TOP3A",5,6
"TOP3B",5,5
"TOR1AIP1",5,6
"TP53INP1",5,5
"TP63",5,5
"TPD52",5,5
"TPH1",5,5
"TPST1",5,5
"TREM1",5,5
"TRIB2",5,5
"TRIM3",5,5
"TRIM32",5,5
"TRIM37",5,5
"TRIM49",5,5
"TRIM51",5,5
"TRIM59",5,5
"TRMT1",5,5
"TRMT12",5,5
"TRMT2A",5,7
"TRMT61B",5,5
"TRMT9B",5,5
"TRUB1",5,5
"TSC22D2",5,5
"TSGA10",5,7
"TSPYL4",5,5
"TTC24",5,5
"TTC25",5,5
"TTC38",5,5
"TTC39A",5,5
"TTC39B",5,5
"TTC4",5,5
"TTLL2",5,5
"TTLL6",5,6
"TUB",5,6
"TUBB1",5,6
"TUBB7P",5,5
"TUBGCP3",5,6
"TULP3",5,5
"TUT1",5,5
"TXK",5,5
"TXLNG",5,5
"TXNDC16",5,6
"TXNDC2",5,5
"TYW3",5,6
"U2SURP",5,5
"UBA7",5,5
"UBP1",5,5
"UBQLN3",5,5
"UBXN7",5,5
"UEVLD",5,5
"UGP2",5,5
"UGT2A1",5,6
"UGT2B15",5,5
"ULBP2",5,5
"ULK3",5,5
"UMPS",5,6
"UNC45A",5,5
"UNC45B",5,5
"UPF1",5,5
"UPK1A",5,5
"URGCP",5,12
"UROC1",5,5
"USP19",5,6
"USP2",5,5
"USP42",5,5
"USP49",5,5
"USP5",5,6
"USP51",5,5
"VAV3",5,5
"VILL",5,5
"VPS26A",5,5
"VPS51",5,5
"VPS52",5,5
"VRTN",5,5
"VSIG1",5,7
"VSIG8",5,5
"VWA7",5,5
"WASF1",5,7
"WDR19",5,5
"WDR64",5,6
"WDTC1",5,5
"WEE1",5,5
"WIPF2",5,6
"WIPI1",5,5
"WNT16",5,5
"WNT5B",5,7
"WRAP53",5,5
"XKR3",5,5
"XPR1",5,6
"XRCC6",5,6
"XRN2",5,5
"YIPF6",5,5
"ZBTB18",5,5
"ZBTB21",5,5
"ZBTB3",5,6
"ZBTB37",5,5
"ZBTB38",5,5
"ZBTB39",5,5
"ZBTB4",5,5
"ZBTB43",5,5
"ZBTB6",5,7
"ZBTB7B",5,5
"ZBTB8OS",5,5
"ZCCHC8",5,6
"ZCWPW2",5,5
"ZDHHC1",5,5
"ZDHHC15",5,6
"ZDHHC20",5,5
"ZFP3",5,6
"ZFP36L2",5,5
"ZFR2",5,5
"ZFX",5,5
"ZFYVE9",5,6
"ZHX3",5,5
"ZKSCAN5",5,6
"ZMAT1",5,5
"ZMPSTE24",5,5
"ZNF101",5,5
"ZNF114",5,5
"ZNF133",5,6
"ZNF14",5,7
"ZNF184",5,5
"ZNF197",5,6
"ZNF225",5,5
"ZNF230",5,5
"ZNF232",5,5
"ZNF250",5,5
"ZNF254",5,6
"ZNF275",5,5
"ZNF283",5,5
"ZNF320",5,5
"ZNF33A",5,6
"ZNF358",5,6
"ZNF382",5,6
"ZNF384",5,5
"ZNF417",5,5
"ZNF439",5,5
"ZNF44",5,5
"ZNF442",5,6
"ZNF471",5,6
"ZNF479",5,5
"ZNF492",5,5
"ZNF506",5,8
"ZNF512",5,5
"ZNF512B",5,5
"ZNF526",5,5
"ZNF543",5,6
"ZNF547",5,5
"ZNF555",5,5
"ZNF561",5,5
"ZNF567",5,6
"ZNF568",5,5
"ZNF574",5,5
"ZNF597",5,5
"ZNF607",5,5
"ZNF614",5,5
"ZNF615",5,6
"ZNF616",5,5
"ZNF624",5,5
"ZNF630",5,5
"ZNF649",5,5
"ZNF662",5,5
"ZNF667",5,5
"ZNF682",5,6
"ZNF689",5,5
"ZNF75A",5,5
"ZNF772",5,5
"ZNF776",5,5
"ZNF781",5,8
"ZNF782",5,5
"ZNF785",5,5
"ZNF829",5,6
"ZNF846",5,6
"ZNF98",5,5
"ZP1",5,6
"ZP2",5,5
"ZRANB1",5,6
"ZSCAN25",5,5
"ZSCAN29",5,5
"ZSCAN32",5,5
"ZXDC",5,5
"AAAS",4,4
"AASDHPPT",4,4
"AASS",4,5
"ABCD1",4,4
"ABCD2",4,4
"ABCG2",4,4
"ABHD12",4,4
"ABHD18",4,4
"ABI1",4,4
"AC004593.2",4,4
"AC020907.6",4,4
"AC058822.1",4,4
"AC098582.1",4,4
"ACADL",4,5
"ACHE",4,4
"ACO1",4,4
"ACOT11",4,4
"ACOX2",4,4
"ACOXL",4,4
"ACP4",4,4
"ACRBP",4,4
"ACSL1",4,6
"ACSM1",4,4
"ACSM4",4,4
"ACTA2",4,4
"ACTL6B",4,4
"ACTN1",4,5
"ACTR1A",4,4
"ACTR3B",4,4
"ACTR5",4,4
"ACVR1C",4,4
"ACVRL1",4,4
"ADAM33",4,4
"ADAM8",4,4
"ADAMTS6",4,5
"ADGRE4P",4,4
"ADGRG5",4,4
"AFAP1",4,4
"AFAP1L2",4,4
"AGBL5",4,5
"AGK",4,4
"AGMO",4,4
"AGTR1",4,5
"AGTR2",4,4
"AHCYL2",4,4
"AIDA",4,4
"AKAP8",4,4
"AKNAD1",4,6
"AKR1C4",4,4
"AKR1E2",4,4
"AKTIP",4,4
"ALDH16A1",4,4
"ALDH3A2",4,4
"ALDH3B2",4,4
"ALKBH5",4,4
"ALLC",4,4
"ALOX12",4,5
"ALPL",4,4
"AMBP",4,4
"AMIGO2",4,4
"AMIGO3",4,4
"ANGPTL3",4,4
"ANKRD13C",4,4
"ANKRD13D",4,4
"ANKRD40",4,4
"ANKRD44",4,4
"ANKRD52",4,4
"ANKS4B",4,4
"ANKZF1",4,4
"ANXA13",4,4
"ANXA4",4,4
"AOC1",4,4
"AP002512.3",4,4
"AP3B2",4,4
"AP3D1",4,4
"AP3M2",4,5
"APC2",4,4
"APEX1",4,4
"APH1B",4,4
"APOA4",4,4
"APOH",4,4
"APOL6",4,4
"APOOL",4,4
"APPBP2",4,4
"APPL1",4,4
"AREG",4,4
"ARFGAP2",4,4
"ARFRP1",4,4
"ARHGAP10",4,4
"ARHGAP25",4,4
"ARHGAP4",4,4
"ARHGAP44",4,4
"ARHGEF25",4,5
"ARMC12",4,4
"ARMC6",4,4
"ARMC9",4,4
"ARMH3",4,4
"ARNTL2",4,4
"ARPC2",4,4
"ARPIN",4,4
"ARR3",4,4
"ARRDC2",4,4
"ARRDC3",4,4
"ARSB",4,4
"ASB15",4,4
"ASB9",4,4
"ASIC1",4,4
"ASIC4",4,4
"ASIC5",4,4
"ASMT",4,4
"ASNSD1",4,5
"ASPG",4,4
"ASTL",4,4
"ATG9A",4,4
"ATL1",4,5
"ATMIN",4,4
"ATP2A2",4,4
"ATP2A3",4,4
"ATP4B",4,5
"ATP5F1A",4,4
"ATP5F1C",4,4
"ATP5PB",4,4
"ATP6AP1",4,4
"ATP6V0B",4,4
"ATP6V1A",4,4
"ATP6V1C2",4,4
"ATPSCKMT",4,4
"ATRAID",4,4
"ATRIP",4,5
"ATXN7L2",4,4
"AURKA",4,4
"AZI2",4,4
"AZIN1",4,4
"B3GALNT1",4,5
"B4GALNT4",4,4
"B4GALT1",4,4
"B4GALT4",4,4
"B4GAT1",4,4
"BACH1",4,4
"BAG4",4,4
"BAHD1",4,4
"BARD1",4,4
"BAX",4,5
"BCAS2",4,4
"BCDIN3D",4,4
"BCR",4,4
"BDKRB2",4,6
"BEND6",4,4
"BEND7",4,4
"BLNK",4,4
"BMP1",4,5
"BMT2",4,4
"BPIFA2",4,4
"BRD3",4,5
"BRD4",4,4
"BRF1",4,4
"BRICD5",4,4
"BTBD10",4,4
"BTBD11",4,4
"BTBD9",4,4
"BTN2A1",4,4
"C12ORF56",4,4
"C12ORF66",4,4
"C16ORF70",4,4
"C16ORF78",4,4
"C16ORF82",4,4
"C16ORF89",4,5
"C16ORF91",4,4
"C17ORF64",4,4
"C19ORF12",4,4
"C1GALT1C1",4,4
"C1GALT1C1L",4,4
"C1ORF116",4,4
"C1ORF127",4,5
"C1ORF198",4,4
"C1ORF220",4,4
"C1ORF87",4,4
"C1QTNF2",4,4
"C1QTNF3",4,5
"C1QTNF9B",4,4
"C2CD2L",4,4
"C2ORF49",4,4
"C3AR1",4,4
"C3ORF70",4,4
"C4BPB",4,4
"C5AR1",4,4
"C5ORF34",4,4
"C6ORF89",4,4
"C7ORF26",4,5
"C7ORF57",4,4
"C8A",4,7
"C8ORF31",4,4
"C9ORF72",4,4
"CA10",4,4
"CA4",4,4
"CABP5",4,4
"CACNG4",4,4
"CALN1",4,4
"CAMK1G",4,4
"CAMK2A",4,4
"CAMK2B",4,5
"CAMKK1",4,4
"CANT1",4,4
"CAPN11",4,4
"CAPN15",4,4
"CAPN9",4,5
"CARD17",4,4
"CASD1",4,4
"CASKIN2",4,4
"CASP7",4,4
"CATIP",4,4
"CBFA2T2",4,4
"CBX2",4,4
"CBX4",4,5
"CBX5",4,4
"CCDC125",4,4
"CCDC144B",4,4
"CCDC15",4,4
"CCDC151",4,4
"CCDC159",4,4
"CCDC17",4,4
"CCDC186",4,6
"CCDC27",4,4
"CCDC38",4,5
"CCDC74A",4,4
"CCDC8",4,4
"CCDC83",4,5
"CCDC88B",4,4
"CCDC91",4,4
"CCL13",4,4
"CCL20",4,4
"CCN2",4,4
"CCN3",4,4
"CCN6",4,4
"CCNB1IP1",4,4
"CCND3",4,4
"CCNE2",4,5
"CCR1",4,4
"CCR7",4,4
"CCRL2",4,5
"CCSER1",4,4
"CCT2",4,5
"CCT4",4,5
"CCT8",4,4
"CD180",4,5
"CD1C",4,4
"CD2",4,4
"CD2AP",4,6
"CD300LF",4,4
"CD34",4,4
"CD55",4,4
"CD68",4,4
"CD79B",4,4
"CD83",4,4
"CD8A",4,4
"CDC16",4,4
"CDC37",4,4
"CDC40",4,4
"CDC42BPG",4,5
"CDH13",4,4
"CDH2",4,4
"CDK1",4,4
"CDK10",4,4
"CDK5",4,4
"CDK6",4,4
"CDON",4,4
"CDS2",4,4
"CEACAM1",4,4
"CEACAM5",4,4
"CEL",4,4
"CELF4",4,4
"CENPI",4,4
"CEP44",4,5
"CEP55",4,6
"CEP57",4,4
"CEP85L",4,5
"CEP97",4,4
"CERCAM",4,4
"CERK",4,4
"CERS2",4,4
"CERT1",4,4
"CFAP221",4,5
"CFAP53",4,4
"CHCHD6",4,4
"CHIA",4,4
"CHIT1",4,5
"CHKB",4,4
"CHPF",4,4
"CHPT1",4,4
"CHRM4",4,4
"CHRNA10",4,4
"CHRNA3",4,4
"CHRNA5",4,4
"CHRNA6",4,4
"CHRNA9",4,4
"CHRND",4,4
"CHST5",4,4
"CHST7",4,4
"CIAO2A",4,4
"CIR1",4,4
"CIRBP",4,6
"CIZ1",4,5
"CKAP4",4,4
"CLCA4",4,4
"CLCN1",4,6
"CLCN2",4,4
"CLCNKB",4,4
"CLDN10",4,4
"CLDN6",4,4
"CLDN8",4,5
"CLEC10A",4,4
"CLEC12A",4,4
"CLEC14A",4,4
"CLEC1B",4,4
"CLEC4M",4,4
"CLIP3",4,4
"CLK1",4,5
"CLNK",4,4
"CLPTM1",4,4
"CLTRN",4,4
"CLU",4,4
"CLUAP1",4,4
"CLUL1",4,4
"CMKLR1",4,4
"CNBD2",4,4
"CNNM4",4,4
"CNOT10",4,4
"CNOT4",4,4
"CNPPD1",4,4
"CNPY2",4,4
"COA6",4,4
"COG8",4,4
"COL13A1",4,5
"COL21A1",4,4
"COL26A1",4,4
"COL9A2",4,4
"COLEC12",4,4
"COLGALT2",4,4
"COQ6",4,4
"CORO1C",4,5
"CORO6",4,4
"CORO7",4,4
"CPB1",4,5
"CPB2",4,5
"CPNE3",4,4
"CPVL",4,4
"CPXCR1",4,4
"CRACDL",4,4
"CREB3L4",4,4
"CREM",4,4
"CRHR2",4,4
"CRTC3",4,4
"CRX",4,4
"CRY2",4,4
"CRYBA1",4,4
"CRYBG2",4,4
"CSF2RA",4,4
"CSGALNACT2",4,5
"CSNK1E",4,4
"CSRNP2",4,4
"CTBP1",4,5
"CTDSPL",4,4
"CTNNAL1",4,5
"CTSE",4,4
"CTSF",4,4
"CTSV",4,4
"CUX2",4,4
"CWC27",4,6
"CXADR",4,5
"CXCR4",4,4
"CXCR5",4,4
"CXORF21",4,4
"CYB5R1",4,4
"CYLC2",4,4
"CYP2A7",4,4
"CYP2C18",4,4
"CYP2C8",4,5
"CYP2C9",4,4
"CYP2U1",4,4
"CYP3A43",4,4
"CYP3A5",4,4
"CYP46A1",4,4
"CYP4F12",4,6
"CYP4F22",4,4
"CYSLTR2",4,4
"CYTH4",4,4
"DACT1",4,4
"DAGLA",4,4
"DAO",4,4
"DBH",4,4
"DBR1",4,4
"DCAF12",4,4
"DCAF13",4,4
"DCAF7",4,4
"DCAF8",4,4
"DCBLD1",4,4
"DCTN2",4,5
"DCUN1D2",4,4
"DDHD2",4,4
"DDIT4L",4,4
"DDX47",4,4
"DDX6",4,4
"DEAF1",4,5
"DELE1",4,4
"DGCR2",4,5
"DGKA",4,5
"DGKZ",4,4
"DGUOK",4,4
"DHDH",4,4
"DHRS2",4,4
"DHRS4L2",4,4
"DHRS7",4,4
"DHRS7C",4,4
"DHRS9",4,4
"DHX58",4,4
"DIO2",4,4
"DIPK1C",4,4
"DIPK2B",4,4
"DIXDC1",4,4
"DKK3",4,4
"DLL1",4,4
"DLX5",4,7
"DLX6",4,4
"DMRT2",4,4
"DNAAF1",4,4
"DNAAF5",4,4
"DNAJB5",4,4
"DNAJB7",4,4
"DNAJC1",4,4
"DNAJC11",4,5
"DNAJC28",4,5
"DNMT3B",4,4
"DNPEP",4,4
"DPAGT1",4,4
"DPEP1",4,5
"DPF2",4,4
"DPP3",4,4
"DPPA3",4,4
"DPYSL2",4,4
"DQX1",4,4
"DSC1",4,4
"DSG1",4,4
"DSN1",4,4
"DTL",4,4
"DTWD1",4,4
"DTX3",4,4
"DUSP26",4,4
"DUSP29",4,4
"DXO",4,4
"DYNC2LI1",4,4
"DYRK1B",4,4
"DYRK4",4,4
"DYTN",4,4
"DZIP1",4,4
"DZIP1L",4,4
"E2F7",4,4
"EBF2",4,4
"EDC3",4,4
"EDEM1",4,4
"EDN3",4,5
"EDNRB",4,4
"EEF1D",4,4
"EFCAB14",4,4
"EFHC1",4,4
"EFS",4,4
"EGR2",4,4
"EHBP1L1",4,7
"EHD3",4,5
"EIF2B3",4,4
"EIF2D",4,4
"EIF2S2",4,4
"EIF3B",4,4
"EIF3D",4,4
"EIF3G",4,4
"EIF4B",4,4
"EIF4G2",4,4
"ELL3",4,4
"ELOVL3",4,4
"ELP5",4,4
"EMC9",4,4
"ENOSF1",4,4
"ENTPD5",4,4
"EOGT",4,4
"EOLA1",4,4
"EPB41L4B",4,4
"EPHA8",4,5
"EPHX1",4,5
"EPHX3",4,4
"EPOR",4,4
"EPS8L3",4,4
"ERAL1",4,4
"ERCC1",4,4
"ERF",4,4
"ERO1A",4,4
"ERV3-1",4,4
"ESCO2",4,4
"ESX1",4,4
"ETF1",4,4
"ETFB",4,4
"ETNK1",4,5
"ETNPPL",4,4
"ETV3L",4,4
"EVI5L",4,4
"EXOC5",4,4
"EXOG",4,4
"F10",4,5
"F11R",4,4
"F9",4,4
"FAF1",4,4
"FAF2",4,4
"FAHD2A",4,4
"FAM102A",4,5
"FAM107B",4,4
"FAM126A",4,4
"FAM126B",4,4
"FAM155B",4,4
"FAM161B",4,4
"FAM167A",4,4
"FAM174A",4,4
"FAM20B",4,4
"FAM217A",4,4
"FAM219A",4,4
"FAM221A",4,4
"FAM237A",4,4
"FAM72A",4,4
"FAM81A",4,4
"FAM98C",4,4
"FAM9A",4,4
"FAM9B",4,5
"FANCC",4,5
"FANCD2OS",4,4
"FANK1",4,4
"FARS2",4,4
"FASTKD3",4,4
"FASTKD5",4,4
"FATE1",4,6
"FBL",4,4
"FBLN1",4,4
"FBXL4",4,4
"FBXL6",4,4
"FBXO15",4,4
"FBXO25",4,5
"FBXO34",4,5
"FCGR2A",4,4
"FCGR2B",4,4
"FCHO2",4,5
"FCMR",4,4
"FCRL1",4,4
"FDFT1",4,4
"FEM1B",4,4
"FEZ1",4,4
"FGD3",4,4
"FGF6",4,4
"FGF7",4,5
"FGF8",4,5
"FHL1",4,4
"FHL5",4,4
"FIG4",4,4
"FIGNL1",4,4
"FKBP9",4,4
"FLT3LG",4,4
"FLT4",4,4
"FN3K",4,4
"FNBP1L",4,4
"FNDC11",4,4
"FNDC7",4,4
"FNIP2",4,4
"FNTB",4,5
"FOXA3",4,4
"FOXD3",4,4
"FOXJ2",4,5
"FOXJ3",4,4
"FOXO3",4,4
"FOXP2",4,4
"FOXP4",4,4
"FOXRED1",4,4
"FRK",4,4
"FRMD1",4,4
"FST",4,4
"FTO",4,4
"FUT2",4,4
"FUT5",4,4
"FUT8",4,4
"FXYD5",4,4
"FZD1",4,4
"FZD10",4,4
"FZD2",4,4
"FZD4",4,4
"FZD5",4,4
"G6PC2",4,4
"GABRE",4,4
"GAD1",4,4
"GALK2",4,4
"GALNT3",4,4
"GALR1",4,4
"GATA2",4,4
"GATAD2B",4,4
"GATB",4,4
"GCFC2",4,4
"GCK",4,4
"GCNT2",4,4
"GDF10",4,4
"GET3",4,4
"GFOD2",4,4
"GFRA2",4,4
"GGNBP2",4,4
"GGPS1",4,4
"GGT1",4,4
"GGT5",4,5
"GGTLC1",4,4
"GH2",4,4
"GHITM",4,4
"GHRHR",4,4
"GIMAP6",4,5
"GIMAP7",4,4
"GIT2",4,4
"GJA3",4,4
"GJB4",4,5
"GJD2",4,4
"GLB1",4,4
"GLB1L",4,5
"GLP1R",4,4
"GLRA2",4,4
"GLT1D1",4,4
"GLT8D2",4,4
"GMPR",4,4
"GMPS",4,5
"GNA11",4,4
"GNA13",4,4
"GNAT2",4,4
"GOLGA2",4,4
"GOLGA5",4,4
"GOLPH3",4,4
"GOPC",4,4
"GPALPP1",4,4
"GPATCH3",4,5
"GPD1",4,5
"GPI",4,4
"GPR1",4,5
"GPR107",4,4
"GPR151",4,4
"GPR17",4,4
"GPR37",4,4
"GPR50",4,4
"GPR6",4,4
"GPR83",4,4
"GPR84",4,4
"GPR89B",4,4
"GPT",4,5
"GRAMD1A",4,4
"GRAMD1C",4,4
"GRAMD2B",4,4
"GRB14",4,4
"GREM2",4,4
"GRIK4",4,4
"GRIN3B",4,4
"GRM7",4,4
"GRN",4,4
"GRXCR2",4,4
"GSDMA",4,4
"GSR",4,4
"GSTA5",4,4
"GTF2E1",4,4
"GTPBP4",4,7
"GUCY1A1",4,4
"GUCY1B1",4,4
"GXYLT2",4,4
"H1-3",4,4
"H2AC13",4,4
"H2AC14",4,4
"H2AC16",4,4
"H2AC17",4,4
"H2AZ1",4,4
"H2BC3",4,5
"H3C3",4,4
"H3C8",4,6
"H4C11",4,4
"H4C4",4,5
"HAAO",4,5
"HAL",4,5
"HAT1",4,4
"HAVCR2",4,4
"HCAR3",4,5
"HCCS",4,4
"HCRTR1",4,4
"HDAC2",4,4
"HEATR9",4,4
"HEPACAM",4,4
"HGFAC",4,5
"HHAT",4,4
"HID1",4,5
"HIPK4",4,4
"HJV",4,4
"HLA-E",4,5
"HLA-F",4,4
"HLA-G",4,4
"HMG20B",4,4
"HMGB1P1",4,4
"HMGB3",4,5
"HMGCS2",4,6
"HMOX1",4,4
"HNRNPF",4,4
"HNRNPH1",4,4
"HNRNPH3",4,4
"HNRNPL",4,4
"HOXA1",4,4
"HOXA11",4,4
"HOXA2",4,4
"HOXA5",4,4
"HOXC4",4,4
"HPSE2",4,4
"HPX",4,4
"HRH1",4,4
"HS3ST5",4,5
"HS6ST3",4,4
"HSD11B1",4,4
"HSP90B1",4,4
"HSPA2",4,4
"HSPA6",4,4
"HSPA9",4,5
"HTR3E",4,4
"HYAL4",4,4
"ICAM1",4,4
"IDH3A",4,4
"IDI1",4,4
"IDO2",4,4
"IFFO1",4,5
"IFI35",4,4
"IFIT2",4,4
"IFNA13",4,4
"IFNA21",4,4
"IFNAR2",4,4
"IFNL1",4,4
"IFT81",4,5
"IGHA2",4,4
"IGHG4",4,4
"IGHV3-53",4,4
"IGKV1-5",4,4
"IGKV3-15",4,4
"IGSF11",4,4
"IKZF2",4,4
"IL10RB",4,5
"IL17B",4,4
"IL17RA",4,4
"IL17RB",4,4
"IL22RA2",4,4
"IL2RB",4,4
"IL37",4,5
"IL3RA",4,5
"ILK",4,4
"INAVA",4,4
"INKA2",4,4
"INTS11",4,4
"INTS13",4,5
"INTS5",4,4
"IPMK",4,4
"IPO4",4,4
"IPP",4,5
"IPPK",4,4
"IQCD",4,5
"IQCE",4,4
"IQCF1",4,4
"IRAK1BP1",4,4
"IRGC",4,4
"ISX",4,4
"ITFG2",4,4
"ITGA2B",4,4
"ITGA5",4,6
"ITGA7",4,5
"ITGB3",4,4
"ITGBL1",4,4
"ITPRIP",4,4
"JAKMIP1",4,4
"JARID2",4,4
"JUN",4,4
"KATNA1",4,4
"KATNAL1",4,4
"KCNA10",4,5
"KCNAB2",4,4
"KCNIP4",4,4
"KCNJ13",4,4
"KCNJ14",4,4
"KCNJ6",4,5
"KCNJ8",4,4
"KCNJ9",4,4
"KCNK10",4,4
"KCNK16",4,4
"KCNK4",4,4
"KCNK5",4,4
"KCNS2",4,4
"KCNS3",4,4
"KCTD10",4,4
"KCTD18",4,4
"KCTD20",4,4
"KCTD8",4,4
"KDM1A",4,4
"KDM1B",4,4
"KDM4D",4,4
"KHDRBS1",4,4
"KHDRBS2",4,4
"KHDRBS3",4,4
"KIAA0825",4,4
"KIF20A",4,5
"KIF25",4,4
"KIF3A",4,4
"KIF7",4,4
"KLC1",4,4
"KLHDC3",4,4
"KLHL17",4,4
"KLHL18",4,4
"KLHL24",4,4
"KLHL38",4,4
"KLK1",4,4
"KLK12",4,4
"KLK2",4,4
"KMT5A",4,4
"KRT14",4,4
"KRT222",4,4
"KRT23",4,5
"KRT24",4,5
"KRT32",4,4
"KRT6B",4,4
"KRT74",4,4
"KRT82",4,5
"KYAT3",4,4
"L2HGDH",4,4
"LAMP3",4,4
"LAPTM4B",4,4
"LARP1B",4,4
"LARP4",4,5
"LASP1",4,4
"LATS2",4,7
"LAYN",4,4
"LCA5",4,4
"LCE1C",4,4
"LCP2",4,4
"LDLR",4,4
"LDLRAD1",4,4
"LGALS4",4,4
"LGALSL",4,4
"LHX6",4,4
"LIM2",4,4
"LIMK2",4,5
"LIMS1",4,4
"LIN28B",4,4
"LINC01559",4,4
"LINGO1",4,5
"LINS1",4,4
"LIPT1",4,4
"LMAN2",4,4
"LMBR1L",4,4
"LMBRD1",4,4
"LMCD1",4,4
"LMNB2",4,4
"LMNTD1",4,4
"LMX1B",4,4
"LNPEP",4,4
"LONRF1",4,4
"LOXL4",4,4
"LPCAT4",4,4
"LPL",4,4
"LRIT3",4,4
"LRMDA",4,4
"LRRC14B",4,4
"LRRC34",4,5
"LRRC37B",4,5
"LRRC71",4,5
"LRRC74A",4,4
"LRRFIP2",4,4
"LRRTM2",4,5
"LRWD1",4,4
"LSM11",4,4
"LSM14A",4,4
"LSM14B",4,4
"LTA4H",4,4
"LUZP2",4,5
"LYG2",4,5
"LYSMD3",4,4
"M1AP",4,4
"MAB21L2",4,5
"MAD2L1",4,4
"MAGEA10",4,4
"MAGEA3",4,4
"MALT1",4,4
"MANSC1",4,4
"MAP2K5",4,4
"MAP2K6",4,4
"MAP3K14",4,4
"MAP3K2",4,5
"MAP3K3",4,4
"MAP4K3",4,4
"MAP7D1",4,4
"MARK3",4,4
"MAVS",4,5
"MB21D2",4,5
"MBP",4,4
"MC4R",4,4
"MCRS1",4,5
"MDM2",4,4
"MDM4",4,4
"MDP1",4,4
"MEF2A",4,5
"MEGF6",4,4
"MEIS1",4,4
"MEOX2",4,4
"MEST",4,4
"METAP1D",4,6
"METRNL",4,4
"METTL17",4,4
"METTL23",4,4
"METTL25",4,5
"METTL5",4,4
"METTL9",4,4
"MEX3C",4,4
"MFF",4,4
"MFHAS1",4,4
"MFSD3",4,4
"MFSD4A",4,4
"MFSD9",4,4
"MGME1",4,4
"MGRN1",4,4
"MIB2",4,4
"MICB",4,4
"MID2",4,4
"MIER2",4,4
"MINAR1",4,4
"MINDY3",4,4
"MIOS",4,4
"MIPOL1",4,4
"MIR1270",4,4
"MKKS",4,5
"MLF1",4,4
"MLYCD",4,4
"MMD",4,4
"MMP2",4,4
"MMP25",4,4
"MMP3",4,4
"MMP8",4,4
"MN1",4,4
"MNS1",4,4
"MNT",4,4
"MOB1B",4,4
"MOGS",4,4
"MON1B",4,4
"MORC3",4,5
"MORF4L1",4,4
"MORN3",4,4
"MOS",4,4
"MPHOSPH8",4,4
"MPI",4,4
"MPP3",4,4
"MPP5",4,4
"MPPED2",4,4
"MRGPRX3",4,4
"MRI1",4,4
"MRNIP",4,4
"MRPL11",4,4
"MRPL15",4,4
"MRPL18",4,4
"MRPL20",4,4
"MRPL45",4,4
"MRPL46",4,4
"MRPL53",4,4
"MRPS11",4,4
"MRPS2",4,4
"MRPS27",4,5
"MRS2",4,4
"MS4A2",4,7
"MSANTD3",4,5
"MSI1",4,4
"MSLN",4,4
"MSRA",4,4
"MTARC1",4,4
"MTDH",4,4
"MTFR1",4,4
"MTHFD2",4,4
"MTMR11",4,4
"MTPAP",4,4
"MUC15",4,4
"MUC21",4,4
"MUC3A",4,4
"MYF5",4,4
"MYLK4",4,4
"MYOC",4,4
"MYRF",4,4
"MYSM1",4,4
"NAA11",4,4
"NAA20",4,4
"NAB2",4,5
"NADK2",4,4
"NAGK",4,5
"NAP1L1",4,4
"NAP1L2",4,4
"NAPA",4,4
"NARS1",4,4
"NAT9",4,4
"NAXD",4,4
"NCAPG2",4,5
"NCKAP5L",4,4
"NCR2",4,4
"NDC80",4,4
"NDN",4,4
"NDRG1",4,5
"NDRG2",4,4
"NDUFA1",4,4
"NDUFA9",4,4
"NDUFV3",4,4
"NECTIN2",4,4
"NEFL",4,4
"NEIL3",4,4
"NEK6",4,4
"NELFA",4,5
"NELFB",4,4
"NET1",4,4
"NEU1",4,4
"NF2",4,4
"NFE2",4,4
"NHLRC1",4,4
"NIBAN1",4,5
"NIM1K",4,5
"NIPAL1",4,4
"NISCH",4,5
"NLGN1",4,5
"NLK",4,4
"NMNAT2",4,4
"NMUR1",4,6
"NOB1",4,4
"NOD2",4,4
"NOL4",4,4
"NONO",4,4
"NOP14",4,4
"NOP58",4,4
"NOTUM",4,4
"NPAS1",4,4
"NPBWR1",4,4
"NPHP3",4,5
"NPIPB15",4,4
"NPNT",4,5
"NR1D2",4,5
"NR1I2",4,4
"NR2C2",4,4
"NR2F1",4,4
"NRF1",4,4
"NSFL1C",4,5
"NSL1",4,4
"NSMCE1",4,4
"NSUN2",4,4
"NSUN3",4,4
"NT5DC2",4,4
"NTM",4,4
"NTMT1",4,4
"NTN4",4,6
"NUCB2",4,4
"NUMBL",4,4
"NUP54",4,4
"NUP88",4,5
"NUP93",4,4
"NUTM2G",4,4
"NXPH1",4,4
"NYAP2",4,4
"OCA2",4,4
"ODF2L",4,5
"OGFRL1",4,4
"OGN",4,4
"OLA1",4,4
"OLFML2A",4,5
"OMA1",4,6
"OPA3",4,4
"OPRD1",4,4
"OPRL1",4,4
"OPTN",4,4
"OR10A6",4,4
"OR10G2",4,4
"OR10G8",4,4
"OR10H1",4,4
"OR10H2",4,4
"OR10Q1",4,4
"OR11G2",4,4
"OR13C2",4,5
"OR13C4",4,5
"OR1A1",4,4
"OR1J1",4,4
"OR1N1",4,4
"OR2A12",4,4
"OR2AK2",4,4
"OR2B2",4,4
"OR2M2",4,4
"OR2M5",4,4
"OR2M7",4,4
"OR2T11",4,4
"OR2Y1",4,4
"OR2Z1",4,4
"OR3A2",4,5
"OR4D11",4,4
"OR4D2",4,4
"OR4F15",4,4
"OR4K15",4,4
"OR4L1",4,4
"OR4S1",4,4
"OR4X2",4,4
"OR51A2",4,4
"OR51B5",4,5
"OR51B6",4,4
"OR51E1",4,4
"OR52A4P",4,4
"OR52E4",4,4
"OR52I2",4,4
"OR56A1",4,4
"OR5AK2",4,4
"OR5AU1",4,4
"OR5C1",4,4
"OR5H14",4,4
"OR5H15",4,4
"OR6C70",4,4
"OR7A10",4,4
"OR7D4",4,4
"OR8B2",4,4
"OR8D1",4,4
"OR8I2",4,4
"OR9Q1",4,4
"ORM2",4,4
"OSBPL11",4,4
"OSGIN2",4,4
"OTUD5",4,4
"OTUD6A",4,4
"OVCH2",4,5
"OXGR1",4,4
"P2RY4",4,4
"P2RY8",4,5
"P3H3",4,4
"P4HA1",4,4
"P4HA3",4,4
"PAAF1",4,4
"PABPC5",4,4
"PACSIN3",4,5
"PADI6",4,4
"PAFAH1B1",4,4
"PAG1",4,4
"PAGE2",4,4
"PAK1",4,5
"PAK6",4,4
"PANK3",4,4
"PANX2",4,4
"PANX3",4,4
"PAPLN",4,4
"PAPOLG",4,4
"PAQR9",4,4
"PARGP1",4,4
"PARP16",4,4
"PARP2",4,5
"PARP3",4,5
"PARPBP",4,4
"PAX6",4,4
"PAX7",4,4
"PAX8",4,4
"PBK",4,4
"PCDH7",4,5
"PCGF6",4,4
"PCIF1",4,5
"PCOLCE",4,4
"PCTP",4,4
"PCYT1A",4,4
"PDCD1",4,4
"PDCD10",4,4
"PDCD6IP",4,4
"PDE3B",4,4
"PDE4A",4,4
"PDE8B",4,4
"PDE9A",4,4
"PDHA1",4,4
"PDHA2",4,4
"PDIA4",4,6
"PDLIM3",4,4
"PDPK1",4,4
"PDSS2",4,4
"PEG10",4,4
"PENK",4,4
"PEPD",4,4
"PEX11B",4,4
"PEX13",4,4
"PFDN1",4,4
"PGAM4",4,4
"PGAP4",4,4
"PGBD2",4,4
"PGBD4",4,4
"PGGHG",4,4
"PGGT1B",4,4
"PGK2",4,4
"PGM2",4,5
"PGRMC1",4,4
"PHACTR3",4,4
"PHF1",4,4
"PHLDB3",4,4
"PHTF1",4,4
"PHTF2",4,5
"PHYKPL",4,4
"PI15",4,4
"PIBF1",4,4
"PICK1",4,4
"PID1",4,4
"PIK3IP1",4,4
"PIK3R6",4,4
"PIP5K1C",4,4
"PITPNC1",4,4
"PKD2L2",4,4
"PKN3",4,5
"PKNOX1",4,4
"PKP3",4,4
"PLA2G4E",4,4
"PLA2G7",4,5
"PLAA",4,5
"PLCXD1",4,4
"PLCXD3",4,5
"PLEKHA1",4,4
"PLEKHA2",4,4
"PLEKHF2",4,4
"PLEKHG3",4,4
"PLEKHH3",4,4
"PLIN2",4,4
"PLIN5",4,4
"PLPPR5",4,4
"PLXDC1",4,4
"PLXDC2",4,4
"PM20D2",4,5
"PMCH",4,4
"PMEPA1",4,4
"PML",4,4
"PNCK",4,4
"PNKD",4,4
"PNLDC1",4,5
"PNLIPRP2",4,4
"PNMA2",4,4
"PNPLA8",4,4
"PNPO",4,4
"PNRC1",4,4
"POC5",4,4
"PODXL",4,4
"POFUT2",4,4
"POGLUT1",4,4
"POGLUT2",4,5
"POGLUT3",4,4
"POLB",4,4
"POLD2",4,4
"POLDIP3",4,4
"POLK",4,4
"POLR3B",4,5
"POLR3C",4,4
"POLR3D",4,5
"POLR3E",4,4
"POMGNT1",4,4
"POMGNT2",4,4
"POMK",4,4
"POPDC3",4,5
"POTEM",4,4
"POU2F1",4,4
"PPARA",4,6
"PPHLN1",4,4
"PPID",4,4
"PPM1H",4,4
"PPM1J",4,4
"PPP1R12C",4,4
"PPP1R3C",4,4
"PPP2CB",4,4
"PPP2R2B",4,4
"PPP3R2",4,4
"PPP4R2",4,7
"PPTC7",4,4
"PRAMEF18",4,4
"PRAMEF7",4,4
"PRB4",4,4
"PRC1",4,4
"PRCC",4,4
"PRDM13",4,5
"PRDM9",4,6
"PRICKLE4",4,4
"PRIMPOL",4,4
"PRKAB1",4,4
"PRKAB2",4,4
"PRKAR2A",4,4
"PRKAR2B",4,4
"PRKCD",4,4
"PRLR",4,4
"PRMT6",4,4
"PRMT8",4,4
"PRORP",4,4
"PRPF18",4,4
"PRR23B",4,4
"PRR5L",4,4
"PRSS36",4,4
"PRSS55",4,4
"PRSS8",4,4
"PSD",4,4
"PSEN2",4,4
"PSG1",4,4
"PSG2",4,4
"PSG5",4,4
"PSMA3",4,4
"PSMA5",4,4
"PSMA8",4,4
"PSMC3",4,4
"PSMC6",4,4
"PSMD5",4,4
"PSMD6",4,4
"PSMF1",4,4
"PTBP2",4,5
"PTCRA",4,4
"PTDSS2",4,4
"PTGES3L-AARSD1",4,4
"PTGFRN",4,4
"PTGS1",4,5
"PTN",4,4
"PTPA",4,4
"PTPN11",4,4
"PTPRR",4,4
"PUS1",4,4
"PXK",4,4
"PYROXD2",4,5
"QPCTL",4,4
"QRICH1",4,4
"QSOX2",4,6
"QTRT2",4,4
"RAB13",4,4
"RAB14",4,4
"RAB29",4,4
"RAB30",4,4
"RAB37",4,4
"RAB3IP",4,4
"RAB4B",4,4
"RAB6A",4,6
"RAB6C",4,4
"RABGEF1",4,4
"RAD18",4,4
"RAD51",4,4
"RAD51C",4,4
"RALBP1",4,4
"RALGPS1",4,4
"RALYL",4,4
"RANBP9",4,4
"RAP1GAP",4,4
"RAP1GDS1",4,5
"RAPGEF3",4,4
"RARA",4,4
"RASL11B",4,5
"RASSF10",4,4
"RAVER2",4,4
"RBM15B",4,4
"RBM24",4,4
"RBM28",4,4
"RBM38",4,4
"RBM41",4,4
"RBM8A",4,4
"RBMXL1",4,6
"RBMXL2",4,4
"RBP1",4,4
"RCBTB1",4,4
"RCVRN",4,4
"REL",4,4
"REM1",4,4
"REPIN1",4,4
"REPS1",4,4
"REPS2",4,4
"RETREG1",4,4
"REXO1",4,4
"RFFL",4,4
"RFPL1",4,4
"RFWD3",4,4
"RGL1",4,4
"RGL2",4,4
"RGMB",4,4
"RGS5",4,4
"RGS6",4,4
"RGS8",4,4
"RHBDD1",4,4
"RHOBTB1",4,4
"RHOC",4,4
"RHOQ",4,4
"RHOT2",4,4
"RIC3",4,4
"RINT1",4,4
"RIOK1",4,4
"RIOX2",4,4
"RIPOR2",4,5
"RIT1",4,4
"RNF113B",4,4
"RNF130",4,4
"RNF133",4,4
"RNF135",4,4
"RNF139",4,5
"RNF146",4,5
"RNF169",4,4
"RNF2",4,6
"RNF215",4,4
"RNF34",4,4
"RNF41",4,4
"RNFT1",4,4
"RNLS",4,4
"RP2",4,4
"RPAP3",4,5
"RPL5",4,4
"RPL7",4,4
"RPLP0",4,4
"RPN1",4,4
"RPRD1B",4,4
"RRAGD",4,4
"RS1",4,4
"RSPH1",4,4
"RSPO2",4,4
"RTF1",4,4
"RTN4IP1",4,4
"RUNDC1",4,4
"RUNDC3B",4,6
"RUVBL2",4,4
"RYBP",4,4
"SAFB",4,4
"SAMD7",4,4
"SART1",4,4
"SART3",4,4
"SCARA3",4,4
"SCARA5",4,4
"SCARB1",4,4
"SCD5",4,4
"SCEL",4,5
"SCN3B",4,4
"SCRN1",4,4
"SDAD1",4,4
"SDCBP2",4,4
"SDF4",4,4
"SDR9C7",4,4
"SEC13",4,4
"SEC23IP",4,4
"SEC61A2",4,4
"SECISBP2",4,4
"SEL1L",4,4
"SELENOI",4,5
"SEMA3F",4,4
"SEMA4B",4,4
"SEMA4C",4,4
"SEMA4G",4,4
"SEMA6C",4,4
"SEPTIN12",4,4
"SEPTIN14",4,4
"SERINC1",4,4
"SERINC3",4,4
"SERPINA11",4,4
"SERPINA4",4,5
"SERPINA7",4,5
"SERPINB11",4,4
"SERPINB12",4,4
"SERPINB9",4,4
"SETD3",4,6
"SF3A3",4,4
"SFPQ",4,4
"SGCB",4,4
"SGCG",4,5
"SGCZ",4,4
"SGO2",4,4
"SGPP1",4,4
"SH2D2A",4,4
"SHANK3",4,4
"SHARPIN",4,4
"SHC2",4,4
"SHD",4,4
"SHLD2",4,4
"SIGLEC12",4,5
"SIRT2",4,4
"SKA3",4,4
"SKI",4,4
"SKIDA1",4,4
"SLC10A2",4,4
"SLC12A1",4,5
"SLC15A4",4,4
"SLC16A10",4,5
"SLC16A5",4,4
"SLC17A4",4,4
"SLC18A2",4,4
"SLC18B1",4,4
"SLC19A3",4,4
"SLC22A18",4,4
"SLC22A3",4,4
"SLC22A4",4,4
"SLC23A2",4,7
"SLC25A2",4,4
"SLC25A3",4,4
"SLC25A30",4,4
"SLC25A31",4,4
"SLC25A43",4,4
"SLC25A53",4,4
"SLC26A2",4,5
"SLC28A1",4,4
"SLC28A2",4,4
"SLC2A10",4,4
"SLC2A11",4,4
"SLC2A13",4,4
"SLC2A4RG",4,4
"SLC30A8",4,4
"SLC32A1",4,4
"SLC35B3",4,4
"SLC35F5",4,5
"SLC35F6",4,4
"SLC37A4",4,4
"SLC38A1",4,4
"SLC38A3",4,4
"SLC38A7",4,5
"SLC39A13",4,4
"SLC39A14",4,5
"SLC45A1",4,4
"SLC4A1AP",4,4
"SLC4A8",4,4
"SLC5A10",4,4
"SLC5A4",4,4
"SLC6A12",4,4
"SLC6A18",4,4
"SLC6A7",4,4
"SLC6A9",4,4
"SLC7A5",4,4
"SLC7A6OS",4,4
"SLC7A7",4,4
"SLC8B1",4,4
"SLC9A9",4,4
"SLCO2B1",4,4
"SLF2",4,4
"SMAD3",4,4
"SMAP1",4,4
"SMARCE1",4,4
"SMOC2",4,4
"SMPD1",4,4
"SMPD4",4,4
"SMYD2",4,4
"SNAI3",4,4
"SNF8",4,4
"SNRNP48",4,4
"SNTB1",4,4
"SNW1",4,4
"SNX1",4,4
"SNX10",4,4
"SNX16",4,4
"SNX19",4,4
"SNX3",4,4
"SNX31",4,5
"SNX32",4,4
"SNX33",4,4
"SORBS3",4,4
"SOX10",4,5
"SOX2",4,4
"SOX30",4,5
"SP2",4,4
"SPATA13",4,4
"SPATA31E1",4,5
"SPATA5",4,4
"SPATA5L1",4,4
"SPATS1",4,4
"SPHK2",4,4
"SPI1",4,4
"SPNS1",4,4
"SPNS3",4,4
"SPOCD1",4,4
"SPOPL",4,4
"SPP2",4,4
"SPRY2",4,4
"SPRYD3",4,4
"SPTLC3",4,4
"SRCIN1",4,4
"SRD5A1",4,4
"SREBF1",4,4
"SRL",4,4
"SRPRB",4,4
"SRPX",4,4
"SRSF2",4,4
"SSB",4,4
"SSC4D",4,4
"SSTR3",4,4
"SSTR5",4,4
"SSX2IP",4,6
"SSX3",4,5
"ST3GAL1",4,4
"ST6GALNAC2",4,4
"ST6GALNAC3",4,4
"ST6GALNAC6",4,4
"ST7",4,4
"ST8SIA3",4,4
"ST8SIA6",4,4
"STARD3",4,4
"STAT1",4,4
"STAU2",4,4
"STEAP1",4,4
"STIM1",4,4
"STK17B",4,4
"STK25",4,4
"STK38",4,4
"STN1",4,4
"STRADA",4,4
"STRC",4,4
"STRN",4,4
"STX1A",4,4
"SUDS3",4,4
"SULT1C3",4,4
"SULT1E1",4,4
"SUN1",4,4
"SUPT20H",4,4
"SYK",4,4
"SYS1",4,4
"SYT10",4,4
"SYT5",4,4
"SYTL5",4,5
"SYVN1",4,4
"SZRD1",4,4
"TAAR5",4,4
"TAAR9",4,4
"TAB2",4,4
"TADA3",4,4
"TAF1A",4,4
"TAF4",4,4
"TAF6",4,4
"TAF7L",4,4
"TAPT1",4,5
"TARS3",4,6
"TAS1R1",4,4
"TAS1R2",4,4
"TAS2R50",4,4
"TATDN2",4,4
"TATDN3",4,4
"TAX1BP1",4,4
"TBC1D13",4,4
"TBC1D24",4,5
"TBCCD1",4,4
"TBCEL",4,4
"TBK1",4,4
"TBKBP1",4,4
"TBL3",4,4
"TBP",4,4
"TBR1",4,5
"TBX4",4,4
"TBXT",4,4
"TCEA1",4,4
"TCF3",4,4
"TCN1",4,4
"TCOF1",4,4
"TCP1",4,4
"TCTE1",4,4
"TDG",4,4
"TDO2",4,4
"TEAD1",4,6
"TEAD4",4,4
"TEDC1",4,4
"TES",4,4
"TEX10",4,5
"TEX13A",4,4
"TFDP3",4,5
"TFPT",4,4
"TFR2",4,4
"TGFBR1",4,4
"TGIF2",4,4
"TGM6",4,4
"THNSL2",4,4
"THOC5",4,4
"THOP1",4,4
"TIAL1",4,4
"TIPRL",4,5
"TJP2",4,5
"TKTL2",4,4
"TLE4",4,4
"TLR1",4,5
"TMED8",4,4
"TMEM120A",4,4
"TMEM120B",4,6
"TMEM161A",4,4
"TMEM163",4,4
"TMEM171",4,4
"TMEM190",4,4
"TMEM200A",4,4
"TMEM209",4,4
"TMEM242",4,4
"TMEM255A",4,4
"TMEM260",4,4
"TMEM268",4,4
"TMEM38B",4,4
"TMEM63B",4,4
"TMEM80",4,4
"TMEM87A",4,4
"TMEM97",4,4
"TMOD1",4,6
"TMOD3",4,4
"TMPRSS11A",4,5
"TMPRSS4",4,4
"TMX1",4,4
"TMX3",4,4
"TNFAIP6",4,4
"TNFRSF11A",4,4
"TNFRSF1B",4,4
"TNFRSF8",4,4
"TNIP1",4,4
"TNPO2",4,5
"TOMM40",4,4
"TONSL",4,4
"TOP1MT",4,4
"TOP2B",4,8
"TOR1AIP2",4,4
"TOX",4,4
"TOX3",4,4
"TPCN2",4,5
"TPM1",4,4
"TPPP2",4,4
"TPSD1",4,4
"TPST2",4,4
"TRAC",4,4
"TRAF3IP1",4,4
"TRAM1",4,5
"TRAPPC11",4,4
"TRAPPC12",4,4
"TRAT1",4,4
"TRDC",4,4
"TRIM14",4,4
"TRIM17",4,4
"TRIM43",4,4
"TRIM45",4,4
"TRIM5",4,4
"TRIM56",4,4
"TRIM6-TRIM34",4,4
"TRIM61",4,4
"TRIP4",4,4
"TRIT1",4,4
"TRMT10C",4,4
"TRMT11",4,4
"TRMT112",4,4
"TRMT5",4,4
"TRMT6",4,4
"TSBP1",4,5
"TSGA13",4,6
"TSPAN1",4,4
"TSPAN16",4,4
"TSPAN32",4,4
"TSPYL1",4,4
"TSTD2",4,4
"TTC13",4,5
"TTC16",4,4
"TTF1",4,4
"TUBA1A",4,4
"TUBA3D",4,4
"TUBAL3",4,4
"TUBB",4,6
"TUBB2B",4,4
"TUBB4B",4,4
"TUBB8",4,4
"TUBE1",4,4
"TUBGCP4",4,4
"TUFM",4,5
"TXLNB",4,5
"TXNL1",4,4
"UBA5",4,5
"UBE2J1",4,4
"UBXN2A",4,4
"UGT1A3",4,4
"UGT2A2",4,4
"UGT2B28",4,4
"UGT2B7",4,5
"UGT3A2",4,4
"UHRF1",4,5
"UHRF2",4,4
"ULBP1",4,4
"UNKL",4,4
"UPF3A",4,4
"UPP1",4,4
"UQCR10",4,4
"UQCRC2",4,5
"USE1",4,4
"USH1G",4,4
"USP21",4,4
"USP38",4,4
"USP43",4,4
"USP6NL",4,5
"UTP15",4,4
"UTP18",4,4
"UTP4",4,4
"UVRAG",4,4
"VAC14",4,4
"VARS1",4,4
"VARS2",4,4
"VASH1",4,4
"VDAC2",4,4
"VEZT",4,6
"VGLL4",4,4
"VN1R4",4,4
"VNN1",4,4
"VPS16",4,5
"VPS26C",4,4
"VPS35",4,4
"VPS4A",4,4
"VRK2",4,4
"VSIG4",4,4
"VTCN1",4,4
"VWC2L",4,5
"WARS2",4,4
"WBP11",4,4
"WBP4",4,4
"WDFY2",4,4
"WDR20",4,5
"WDR24",4,4
"WDR26",4,4
"WDR36",4,4
"WDR45",4,4
"WDR5",4,4
"WDR54",4,4
"WDR59",4,4
"WDR81",4,4
"WDR82",4,5
"WFIKKN2",4,4
"WHRN",4,4
"WIPF1",4,4
"WNT2",4,4
"WNT4",4,4
"WRNIP1",4,4
"WSB1",4,4
"XAGE5",4,4
"XBP1",4,5
"XCL1",4,4
"XCR1",4,4
"XK",4,5
"XPNPEP1",4,4
"XPNPEP2",4,4
"XRCC1",4,4
"XRCC2",4,4
"YAP1",4,4
"YIPF7",4,4
"YWHAZ",4,4
"YY2",4,4
"ZBTB16",4,4
"ZBTB46",4,5
"ZBTB9",4,4
"ZC2HC1C",4,4
"ZC3H18",4,4
"ZC3H3",4,4
"ZC3HC1",4,4
"ZCCHC14",4,4
"ZDHHC11",4,4
"ZDHHC21",4,4
"ZDHHC3",4,4
"ZDHHC8",4,4
"ZFP14",4,4
"ZFP2",4,4
"ZFP36",4,4
"ZFPL1",4,5
"ZFYVE1",4,4
"ZIC3",4,4
"ZIK1",4,4
"ZIM2",4,4
"ZKSCAN8",4,5
"ZMIZ2",4,4
"ZMYND12",4,4
"ZNF10",4,5
"ZNF107",4,5
"ZNF117",4,4
"ZNF121",4,4
"ZNF141",4,4
"ZNF143",4,4
"ZNF157",4,4
"ZNF169",4,4
"ZNF182",4,4
"ZNF20",4,5
"ZNF207",4,4
"ZNF212",4,4
"ZNF214",4,6
"ZNF223",4,4
"ZNF226",4,5
"ZNF23",4,5
"ZNF25",4,5
"ZNF266",4,5
"ZNF277",4,4
"ZNF282",4,4
"ZNF319",4,5
"ZNF324",4,4
"ZNF329",4,6
"ZNF333",4,5
"ZNF33B",4,4
"ZNF341",4,4
"ZNF354B",4,4
"ZNF385B",4,4
"ZNF395",4,4
"ZNF414",4,4
"ZNF419",4,4
"ZNF430",4,4
"ZNF433",4,4
"ZNF436",4,5
"ZNF443",4,4
"ZNF45",4,4
"ZNF484",4,6
"ZNF500",4,4
"ZNF501",4,4
"ZNF507",4,5
"ZNF552",4,5
"ZNF559-ZNF177",4,4
"ZNF583",4,5
"ZNF600",4,4
"ZNF668",4,4
"ZNF678",4,4
"ZNF70",4,4
"ZNF708",4,4
"ZNF76",4,4
"ZNF768",4,4
"ZNF773",4,5
"ZNF778",4,4
"ZNF79",4,7
"ZNF792",4,5
"ZNF793",4,4
"ZNF81",4,4
"ZNF821",4,5
"ZNF83",4,4
"ZNF862",4,4
"ZNF93",4,5
"ZSCAN10",4,4
"ZSCAN20",4,6
"ZSCAN5B",4,5
"ZUP1",4,4
"ZWILCH",4,4
"ZWINT",4,4
"AADACL2",3,3
"AADAT",3,3
"ABCD4",3,4
"ABHD15",3,3
"ABHD16A",3,3
"ABHD16B",3,3
"ABHD17A",3,3
"ABHD6",3,3
"ABI2",3,3
"ABO",3,3
"ABRAXAS2",3,3
"ABT1",3,3
"ABTB1",3,3
"AC007040.2",3,3
"AC009779.3",3,3
"AC011462.1",3,3
"AC011479.1",3,3
"AC013477.1",3,3
"AC018630.4",3,3
"AC100868.1",3,3
"AC127029.3",3,3
"AC132217.2",3,3
"ACAA2",3,4
"ACADVL",3,4
"ACAP2",3,3
"ACAT1",3,3
"ACAT2",3,3
"ACBD4",3,3
"ACE2",3,3
"ACER2",3,3
"ACKR1",3,3
"ACKR2",3,3
"ACKR4",3,3
"ACOT4",3,3
"ACOT9",3,3
"ACP7",3,3
"ACRV1",3,3
"ACSF3",3,3
"ACSL3",3,3
"ACSS1",3,3
"ACSS2",3,4
"ACTBL2",3,5
"ACTL6A",3,3
"ACTL7B",3,3
"ACTR10",3,4
"ACTR2",3,5
"ACTRT3",3,5
"ADA",3,3
"ADAM10",3,3
"ADAM11",3,3
"ADAM17",3,3
"ADAM18",3,3
"ADAM28",3,4
"ADAM7",3,3
"ADAM9",3,3
"ADAMTS10",3,3
"ADAMTS4",3,3
"ADAMTS8",3,3
"ADD3",3,3
"ADGRG1",3,3
"ADH1A",3,4
"ADPGK",3,3
"ADRA1D",3,3
"ADRA2A",3,3
"ADRA2B",3,3
"ADRB2",3,3
"ADRB3",3,3
"ADTRP",3,3
"AGAP6",3,3
"AGPAT3",3,3
"AGPAT4",3,3
"AGPS",3,3
"AHDC1",3,3
"AHR",3,3
"AHSA1",3,3
"AHSG",3,3
"AIMP2",3,3
"AJAP1",3,3
"AJUBA",3,3
"AKAP14",3,3
"AKAP8L",3,3
"AKR1B10",3,3
"AL133467.5",3,3
"AL162417.1",3,3
"AL592490.1",3,3
"ALB",3,5
"ALDOB",3,3
"ALDOC",3,3
"ALG11",3,3
"ALG14",3,3
"ALG9",3,3
"ALKBH1",3,3
"AMACR",3,3
"AMDHD2",3,3
"AMER2",3,3
"AMIGO1",3,3
"AMPD2",3,3
"AMY2A",3,3
"ANGEL1",3,3
"ANGPT2",3,3
"ANGPTL2",3,3
"ANGPTL4",3,3
"ANKEF1",3,3
"ANKRD1",3,3
"ANKRD13A",3,3
"ANKRD13B",3,3
"ANKRD16",3,3
"ANKRD2",3,3
"ANKRD34A",3,3
"ANKRD36B",3,3
"ANKRD45",3,3
"ANKRD46",3,3
"ANKRD49",3,3
"ANKRD54",3,3
"ANKRD55",3,3
"ANO7",3,3
"ANO8",3,3
"ANP32B",3,3
"ANP32D",3,3
"ANXA10",3,3
"ANXA3",3,3
"ANXA5",3,3
"ANXA9",3,3
"AP002748.5",3,3
"AP5B1",3,4
"AP5M1",3,3
"AP5Z1",3,3
"APBB1",3,4
"APBB2",3,3
"APBB3",3,4
"APCDD1",3,3
"APH1A",3,3
"APOBEC1",3,3
"APOBEC2",3,3
"APOBEC3B",3,3
"APOBEC3G",3,4
"APOF",3,3
"APOL1",3,3
"APOL2",3,4
"APOL5",3,3
"AQP10",3,3
"AQP12A",3,4
"AQP6",3,3
"ARCN1",3,3
"ARF1",3,3
"ARFGAP1",3,5
"ARFIP1",3,3
"ARFIP2",3,3
"ARG1",3,3
"ARG2",3,3
"ARGLU1",3,3
"ARHGAP1",3,3
"ARHGAP27",3,3
"ARHGAP33",3,3
"ARHGEF19",3,3
"ARHGEF35",3,3
"ARID3C",3,3
"ARIH2",3,3
"ARL10",3,3
"ARMC2",3,3
"ARMC7",3,3
"ARMCX3",3,3
"ARMCX6",3,3
"ARNT2",3,4
"ARRDC1",3,3
"ARRDC4",3,3
"ARRDC5",3,3
"ARSA",3,3
"ARSH",3,3
"AS3MT",3,3
"ASB1",3,3
"ASB13",3,3
"ASB2",3,3
"ASF1A",3,3
"ASPN",3,3
"ASPRV1",3,4
"ASPSCR1",3,3
"ASTE1",3,3
"ATAD3B",3,3
"ATCAY",3,3
"ATG101",3,3
"ATG14",3,3
"ATG4C",3,3
"ATIC",3,3
"ATL2",3,4
"ATP6V0D2",3,3
"ATP6V1B2",3,4
"ATP6V1D",3,3
"ATP6V1H",3,3
"ATPAF1",3,3
"ATXN3L",3,3
"AUNIP",3,3
"AUP1",3,5
"AVPI1",3,3
"B2M",3,3
"B3GALT5",3,3
"B3GNT3",3,3
"B3GNT5",3,4
"B3GNT9",3,3
"B4GALT3",3,3
"B4GALT7",3,4
"BAK1",3,3
"BASP1",3,3
"BBS12",3,3
"BBS5",3,3
"BCKDHA",3,3
"BCL2L13",3,4
"BCL3",3,3
"BCLAF1",3,3
"BEND4",3,3
"BEND5",3,3
"BEX3",3,3
"BHLHE41",3,3
"BIRC2",3,4
"BIRC3",3,3
"BLOC1S6",3,3
"BMERB1",3,3
"BMI1",3,3
"BMP2",3,3
"BMP6",3,3
"BOLL",3,3
"BOP1",3,3
"BPGM",3,3
"BPI",3,3
"BPIFB3",3,3
"BRMS1",3,3
"BSCL2",3,4
"BST1",3,3
"BTBD17",3,4
"BUB1B",3,3
"BUB3",3,3
"C10ORF88",3,4
"C10ORF99",3,3
"C11ORF40",3,3
"C11ORF49",3,3
"C12ORF4",3,3
"C16ORF54",3,3
"C17ORF75",3,3
"C17ORF97",3,3
"C19ORF18",3,3
"C19ORF47",3,3
"C19ORF57",3,3
"C1ORF141",3,4
"C1ORF43",3,3
"C1ORF56",3,3
"C1ORF74",3,3
"C1ORF94",3,3
"C1QTNF7",3,3
"C1QTNF9",3,4
"C1R",3,4
"C20ORF96",3,3
"C22ORF23",3,3
"C2ORF73",3,3
"C3ORF38",3,3
"C4ORF50",3,3
"C6ORF62",3,3
"C7ORF61",3,3
"C8B",3,3
"C8ORF34",3,3
"C8ORF74",3,3
"C9ORF106",3,3
"C9ORF135",3,3
"C9ORF50",3,3
"C9ORF78",3,3
"CA13",3,3
"CA5A",3,3
"CAB39L",3,3
"CABS1",3,3
"CACNB3",3,3
"CACNB4",3,5
"CACNG2",3,3
"CACNG5",3,3
"CACNG7",3,3
"CADM4",3,3
"CALCOCO2",3,3
"CALHM2",3,3
"CAMK4",3,4
"CAMKK2",3,4
"CAMKV",3,3
"CAPN5",3,3
"CAPN7",3,3
"CAPS2",3,4
"CARS2",3,3
"CASKIN1",3,3
"CASP3",3,3
"CATSPER1",3,3
"CATSPERG",3,3
"CBARP",3,3
"CBLC",3,3
"CBLL2",3,3
"CBLN4",3,3
"CBX1",3,3
"CC2D2B",3,3
"CCDC105",3,3
"CCDC106",3,3
"CCDC12",3,3
"CCDC174",3,3
"CCDC189",3,3
"CCDC198",3,3
"CCDC24",3,3
"CCDC3",3,3
"CCDC34",3,3
"CCDC42",3,3
"CCDC47",3,3
"CCDC65",3,3
"CCDC68",3,3
"CCDC69",3,3
"CCDC74B",3,3
"CCDC81",3,3
"CCDC90B",3,3
"CCDC92",3,3
"CCDC9B",3,3
"CCER1",3,3
"CCHCR1",3,3
"CCKAR",3,3
"CCL23",3,3
"CCM2L",3,3
"CCN1",3,3
"CCN5",3,3
"CCNA1",3,3
"CCNB1",3,4
"CCND2",3,3
"CCNYL1",3,4
"CCR6",3,3
"CCT6A",3,3
"CCT7",3,3
"CD200",3,3
"CD207",3,3
"CD226",3,3
"CD300E",3,3
"CD38",3,3
"CD3G",3,3
"CD48",3,3
"CD58",3,3
"CD63",3,3
"CD69",3,3
"CD70",3,3
"CD86",3,3
"CD99",3,3
"CD99L2",3,3
"CDC20",3,3
"CDC37L1",3,3
"CDC42EP1",3,3
"CDC45",3,3
"CDCA4",3,3
"CDCA7L",3,3
"CDCA8",3,3
"CDH3",3,3
"CDHR5",3,3
"CDK15",3,4
"CDK7",3,3
"CDKL4",3,3
"CDNF",3,3
"CDR1",3,3
"CEACAM16",3,3
"CEACAM4",3,3
"CEBPZ",3,3
"CELA1",3,3
"CELA2A",3,3
"CELA2B",3,3
"CEMP1",3,3
"CENPK",3,3
"CENPL",3,3
"CEP19",3,3
"CEP83",3,3
"CERS3",3,3
"CERS5",3,3
"CES1",3,3
"CETP",3,3
"CFAP157",3,3
"CFAP206",3,3
"CFAP57",3,3
"CFHR1",3,3
"CGA",3,3
"CHAD",3,3
"CHCHD2P9",3,3
"CHCHD3",3,3
"CHEK1",3,3
"CHERP",3,4
"CHGA",3,3
"CHI3L2",3,3
"CHIC2",3,3
"CHP2",3,3
"CHRFAM7A",3,3
"CHRM5",3,3
"CHRNB3",3,3
"CHST8",3,3
"CIAO1",3,3
"CIART",3,3
"CIBAR1",3,3
"CKMT1B",3,3
"CLC",3,3
"CLDN1",3,3
"CLDN11",3,3
"CLDN18",3,4
"CLEC17A",3,4
"CLEC2D",3,3
"CLEC4A",3,3
"CLEC4C",3,3
"CLEC4D",3,3
"CLEC4E",3,3
"CLEC6A",3,3
"CLHC1",3,3
"CLIC5",3,3
"CLINT1",3,3
"CLRN2",3,3
"CLVS1",3,3
"CLYBL",3,4
"CMTM2",3,3
"CMTM7",3,3
"CNDP2",3,3
"CNMD",3,3
"CNN1",3,4
"CNNM1",3,3
"CNNM2",3,4
"CNNM3",3,3
"CNOT11",3,3
"CNOT9",3,3
"CNPY3",3,4
"CNR1",3,3
"COLEC11",3,3
"COLGALT1",3,3
"COMMD10",3,3
"COMMD2",3,3
"COMMD4",3,3
"COMMD9",3,3
"COPE",3,3
"COPS6",3,3
"CORO2B",3,3
"COX15",3,3
"COX20",3,3
"CPA2",3,3
"CPA3",3,3
"CPE",3,3
"CPEB4",3,3
"CPM",3,3
"CPN1",3,3
"CPNE6",3,3
"CRACR2A",3,4
"CREB3",3,3
"CREBZF",3,3
"CRELD1",3,3
"CRLF1",3,3
"CRYGD",3,3
"CRYL1",3,3
"CRYM",3,3
"CRYZL1",3,3
"CS",3,3
"CSAG1",3,3
"CSAG3",3,3
"CSF3",3,3
"CSGALNACT1",3,3
"CSHL1",3,4
"CSN3",3,3
"CSNK1A1",3,3
"CSNK1G1",3,3
"CSNK2A1",3,3
"CSPG5",3,3
"CSRP1",3,3
"CST1",3,3
"CST7",3,3
"CSTF1",3,3
"CSTF2",3,3
"CSTL1",3,3
"CTBP2",3,3
"CTDP1",3,3
"CTH",3,3
"CTIF",3,3
"CTPS1",3,3
"CTSA",3,4
"CTSB",3,3
"CTSL3P",3,3
"CTSO",3,3
"CTU2",3,3
"CWC25",3,3
"CWF19L1",3,3
"CWF19L2",3,4
"CYB5A",3,3
"CYB5D2",3,3
"CYBRD1",3,3
"CYP11A1",3,3
"CYP17A1",3,3
"CYP20A1",3,3
"CYP26A1",3,3
"CYP27A1",3,3
"CYP27C1",3,3
"CYP2B6",3,3
"CYP2E1",3,3
"CYP2F1",3,3
"CYP4A22",3,3
"CYP4F3",3,3
"CYP4F8",3,3
"CYP4V2",3,4
"CYP4Z1",3,3
"CYP51A1",3,4
"CYP8B1",3,3
"DAGLB",3,3
"DAPK2",3,3
"DAW1",3,3
"DCAF4L1",3,3
"DCDC2B",3,3
"DCK",3,3
"DCLK3",3,3
"DCLRE1B",3,3
"DCN",3,3
"DCPS",3,3
"DCSTAMP",3,3
"DCUN1D1",3,3
"DCUN1D3",3,3
"DCUN1D4",3,4
"DCX",3,3
"DDAH1",3,3
"DDC",3,3
"DDX39A",3,3
"DDX46",3,4
"DDX51",3,3
"DDX52",3,3
"DDX56",3,3
"DECR1",3,3
"DEDD",3,3
"DEFB113",3,3
"DEFB125",3,4
"DEGS2",3,3
"DEK",3,3
"DENND10",3,3
"DENND11",3,3
"DENND1C",3,4
"DENND6B",3,3
"DFFA",3,4
"DGAT1",3,3
"DGAT2",3,3
"DGKQ",3,3
"DGLUCY",3,3
"DHRS12",3,3
"DIMT1",3,3
"DIRAS2",3,3
"DIRAS3",3,3
"DIS3L2",3,4
"DKKL1",3,3
"DLK1",3,3
"DLL3",3,3
"DLL4",3,3
"DMC1",3,3
"DMKN",3,3
"DMP1",3,3
"DMRTA1",3,3
"DNAAF6",3,3
"DNAH14",3,3
"DNAI2",3,3
"DNAI4",3,3
"DNAJB14",3,3
"DNAJB2",3,3
"DNAJB4",3,3
"DNAJB6",3,3
"DNAJB8",3,3
"DNAJC19",3,3
"DNAJC27",3,3
"DNAJC5B",3,3
"DNASE1L2",3,3
"DNER",3,3
"DNM1P46",3,3
"DNTTIP1",3,6
"DOK2",3,3
"DOLPP1",3,3
"DPH7",3,3
"DPM1",3,3
"DPP9",3,3
"DRC1",3,3
"DRC3",3,3
"DRD2",3,3
"DRGX",3,3
"DSG2",3,3
"DTNBP1",3,3
"DTWD2",3,3
"DTX2",3,3
"DUS1L",3,3
"DUS2",3,3
"DUS4L-BCAP29",3,3
"DUSP13",3,3
"DUSP18",3,4
"DUSP21",3,3
"DUSP6",3,3
"DUSP7",3,3
"DVL2",3,3
"DYDC1",3,3
"DYM",3,3
"DYNC1LI1",3,6
"DYNC2I2",3,3
"E4F1",3,4
"EARS2",3,3
"ECHS1",3,3
"ECM2",3,3
"ECSIT",3,3
"EDARADD",3,3
"EDRF1",3,3
"EEF1AKNMT",3,3
"EEFSEC",3,3
"EFCC1",3,3
"EFL1",3,3
"EGFL8",3,3
"EGLN1",3,3
"EGR3",3,3
"EGR4",3,3
"EI24",3,3
"EIF1AX",3,3
"EIF2S3",3,3
"EIF3H",3,3
"EIF3K",3,3
"EIF4E2",3,3
"EIF4H",3,3
"EIF5",3,4
"ELAVL4",3,3
"ELMOD1",3,3
"ELMOD3",3,3
"ELOVL6",3,3
"ELP3",3,3
"EMB",3,3
"EMC3",3,3
"EMILIN1",3,3
"ENC1",3,4
"ENDOV",3,3
"ENKUR",3,4
"ENOPH1",3,3
"ENOX2",3,3
"ENPP6",3,4
"ENSA",3,3
"ENTPD2",3,4
"ENTPD4",3,3
"ERCC2",3,3
"ERGIC3",3,3
"ERLEC1",3,3
"ERLIN2",3,3
"ERP29",3,3
"ERVFRD-1",3,3
"ESCO1",3,3
"ESR2",3,4
"ESRRB",3,3
"ETNK2",3,3
"ETV7",3,3
"EVA1C",3,3
"EVI2B",3,3
"EVL",3,3
"EXD1",3,3
"EXD2",3,3
"EXOC3L2",3,3
"EXOC8",3,3
"EXOSC10",3,3
"EYA3",3,3
"EZH1",3,4
"EZR",3,3
"F2RL1",3,3
"FABP12",3,3
"FABP6",3,3
"FAH",3,3
"FAHD2B",3,3
"FAM114A1",3,3
"FAM120B",3,3
"FAM124B",3,3
"FAM149A",3,3
"FAM151B",3,3
"FAM160B2",3,3
"FAM162A",3,3
"FAM172A",3,3
"FAM199X",3,3
"FAM200A",3,3
"FAM222B",3,3
"FAM234A",3,4
"FAM71D",3,3
"FAM78A",3,3
"FAM83F",3,3
"FAM83G",3,3
"FAM86B1",3,3
"FAM9C",3,3
"FANCE",3,3
"FANCF",3,3
"FAS",3,3
"FBXL17",3,3
"FBXL3",3,3
"FBXO10",3,3
"FBXO27",3,3
"FBXO3",3,3
"FBXO40",3,3
"FBXO41",3,3
"FBXO45",3,3
"FBXO46",3,4
"FBXO7",3,3
"FBXW12",3,3
"FCGR3B",3,3
"FCGRT",3,3
"FCRL6",3,3
"FDXACB1",3,3
"FEM1A",3,3
"FERMT2",3,3
"FETUB",3,3
"FFAR3",3,3
"FFAR4",3,5
"FGB",3,3
"FGD1",3,3
"FGF10",3,3
"FGF14",3,3
"FGF16",3,3
"FGF5",3,3
"FGFRL1",3,3
"FH",3,4
"FIBP",3,3
"FIGLA",3,3
"FITM2",3,3
"FKBP10",3,3
"FKBP4",3,3
"FKBP5",3,3
"FLRT1",3,3
"FMC1-LUC7L2",3,3
"FMNL1",3,3
"FMOD",3,4
"FN3KRP",3,3
"FO393400.1",3,3
"FOS",3,3
"FOSB",3,3
"FOSL2",3,3
"FOXB2",3,3
"FOXC1",3,3
"FOXD4L3",3,3
"FOXI1",3,3
"FOXK2",3,3
"FOXN3",3,3
"FOXRED2",3,3
"FPR3",3,3
"FRMPD2B",3,3
"FRS3",3,3
"FSCN2",3,3
"FSD1",3,3
"FSIP1",3,4
"FUCA1",3,3
"FUCA2",3,3
"FUNDC1",3,3
"FUNDC2",3,3
"FUT3",3,3
"FYN",3,3
"FZD7",3,4
"FZD9",3,3
"GABPB1",3,4
"GABRA2",3,3
"GAL3ST4",3,3
"GALNS",3,3
"GALNT10",3,4
"GAN",3,3
"GAS2",3,4
"GAS2L2",3,3
"GAS7",3,3
"GAS8",3,3
"GATA1",3,3
"GATAD2A",3,3
"GATM",3,3
"GCLC",3,5
"GCNT4",3,3
"GCOM1",3,3
"GDAP2",3,3
"GDF3",3,3
"GDPD4",3,4
"GDPGP1",3,3
"GEMIN6",3,3
"GEMIN8",3,3
"GET1-SH3BGR",3,4
"GET4",3,3
"GFPT1",3,3
"GFRAL",3,3
"GFUS",3,3
"GGA2",3,3
"GGCT",3,4
"GGT7",3,4
"GGTLC2",3,3
"GHR",3,4
"GHSR",3,3
"GIMAP4",3,3
"GINS3",3,3
"GIP",3,3
"GIPC2",3,3
"GIT1",3,3
"GJA4",3,3
"GJA9",3,3
"GJD4",3,3
"GK5",3,3
"GLI4",3,3
"GLIS2",3,3
"GLRA4",3,3
"GLT6D1",3,3
"GLYCTK",3,3
"GNA12",3,5
"GNAI1",3,3
"GNAO1",3,3
"GNB3",3,3
"GNB5",3,3
"GNPDA2",3,3
"GNPTG",3,3
"GNS",3,3
"GOLGA6A",3,3
"GOLGA6L9",3,3
"GOLGA8G",3,3
"GOLM2",3,3
"GP5",3,3
"GPAT2",3,3
"GPAT4",3,3
"GPATCH2L",3,3
"GPBP1",3,3
"GPCPD1",3,3
"GPD2",3,3
"GPER1",3,3
"GPR15",3,3
"GPR157",3,3
"GPR160",3,4
"GPR162",3,3
"GPR171",3,3
"GPR180",3,4
"GPR20",3,3
"GPR3",3,3
"GPR34",3,3
"GPR35",3,3
"GPR52",3,3
"GPRC5A",3,4
"GPRC5C",3,4
"GPRIN2",3,3
"GRAP2",3,3
"GRHL1",3,3
"GRINA",3,3
"GRK3",3,3
"GRK5",3,3
"GRM4",3,3
"GRPEL2",3,3
"GRPR",3,3
"GRTP1",3,3
"GSK3A",3,3
"GSK3B",3,3
"GSN",3,3
"GSS",3,3
"GSTCD",3,3
"GSTO2",3,3
"GTF2A1",3,3
"GTF2F1",3,4
"GTF2IRD1",3,3
"GTF3C5",3,3
"GTPBP10",3,4
"GXYLT1",3,3
"GZMH",3,3
"H1-4",3,3
"H1-5",3,3
"H1-6",3,3
"H2AC1",3,3
"H2AC11",3,3
"H2AC4",3,3
"H2BC13",3,3
"H2BC15",3,3
"H2BC18",3,3
"H2BP2",3,3
"H2BU1",3,3
"H3-3A",3,3
"H3-4",3,3
"H3C11",3,3
"H3C4",3,3
"HABP4",3,3
"HACD1",3,3
"HADHA",3,3
"HADHB",3,3
"HAGHL",3,3
"HAPLN3",3,3
"HAPLN4",3,3
"HAUS4",3,3
"HAUS8",3,3
"HBG2",3,3
"HCFC1R1",3,4
"HCK",3,3
"HDAC10",3,3
"HDAC11",3,3
"HDDC2",3,3
"HDHD5",3,3
"HECA",3,4
"HECTD3",3,3
"HELLS",3,6
"HEMK1",3,3
"HEXA",3,3
"HEXIM1",3,3
"HHIPL1",3,3
"HIBADH",3,3
"HIBCH",3,3
"HK3",3,3
"HLA-DOA",3,3
"HM13",3,3
"HMGB2",3,3
"HMGXB4",3,3
"HNF4G",3,3
"HNRNPA1",3,3
"HNRNPA3",3,3
"HNRNPM",3,3
"HNRNPUL2",3,3
"HOXA6",3,3
"HOXB1",3,3
"HOXB13",3,3
"HOXB9",3,3
"HOXC10",3,3
"HOXC6",3,3
"HOXD3",3,3
"HPCAL1",3,3
"HPCAL4",3,3
"HPN",3,3
"HPS6",3,3
"HRH4",3,3
"HS3ST3A1",3,3
"HSD17B10",3,3
"HSD17B2",3,4
"HSD17B3",3,3
"HSD17B6",3,3
"HSD17B7",3,3
"HSF1",3,3
"HSF2BP",3,3
"HSF5",3,3
"HSPA13",3,3
"HSPA4L",3,4
"HSPB3",3,3
"HTR1D",3,3
"HTR3A",3,3
"HTR3D",3,3
"HUS1B",3,3
"HVCN1",3,3
"HYLS1",3,3
"ICAM3",3,4
"ICOS",3,3
"IDH3B",3,3
"IFIT3",3,4
"IFITM3",3,3
"IFNA10",3,3
"IFNA14",3,3
"IFNA16",3,3
"IFNA7",3,3
"IFNE",3,3
"IFNG",3,4
"IFNK",3,3
"IFNL3",3,3
"IFRD2",3,3
"IGFALS",3,3
"IGFBP5",3,3
"IGHG3",3,3
"IGHM",3,3
"IGHV1-46",3,3
"IGHV1OR21-1",3,3
"IGHV2-26",3,3
"IGHV3-30",3,3
"IGHV3-49",3,3
"IGHV3-74",3,3
"IGKV1D-17",3,3
"IGKV1D-42",3,3
"IGKV2D-30",3,3
"IGLV5-48",3,3
"IK",3,3
"IKBIP",3,3
"IKZF4",3,3
"IKZF5",3,3
"IL10RA",3,3
"IL12A",3,3
"IL12B",3,3
"IL13RA1",3,3
"IL15",3,3
"IL17RC",3,4
"IL17RE",3,3
"IL1RN",3,3
"IL20RA",3,3
"IL22RA1",3,5
"IL23A",3,3
"IL25",3,3
"IL2RA",3,4
"IL33",3,3
"IL34",3,3
"ILDR1",3,3
"ILDR2",3,4
"ILKAP",3,4
"IMMP1L",3,3
"IMPACT",3,3
"IMPDH2",3,3
"INHA",3,3
"INPP1",3,3
"INPP5J",3,3
"INSC",3,3
"INSYN2A",3,3
"INTS9",3,3
"IQCN",3,3
"IRAG2",3,3
"IRAK4",3,3
"IRF5",3,3
"IRF6",3,3
"ITFG1",3,4
"ITGB1BP2",3,3
"ITGB7",3,3
"ITPK1",3,3
"IVD",3,3
"IZUMO4",3,3
"JAML",3,4
"JMJD6",3,3
"JMJD7-PLA2G4B",3,3
"JMY",3,6
"JPH2",3,3
"JSRP1",3,3
"KAT5",3,3
"KAT7",3,4
"KBTBD2",3,3
"KBTBD3",3,3
"KBTBD7",3,3
"KCMF1",3,4
"KCNA7",3,3
"KCNIP2",3,3
"KCNJ1",3,3
"KCNJ11",3,3
"KCNJ12",3,3
"KCNK3",3,3
"KCNK7",3,3
"KCNMB2",3,4
"KCNMB3",3,3
"KDELR2",3,3
"KHSRP",3,3
"KIAA0895",3,3
"KIAA1191",3,3
"KIAA1958",3,4
"KIAA2013",3,3
"KIF22",3,3
"KIF26A",3,4
"KIR2DL3",3,3
"KIZ",3,3
"KLC3",3,3
"KLF4",3,3
"KLHDC4",3,5
"KLHDC7A",3,3
"KLHL11",3,3
"KLHL15",3,3
"KLHL22",3,3
"KLHL23",3,3
"KLHL3",3,3
"KLHL32",3,3
"KLHL40",3,3
"KLHL42",3,3
"KLHL5",3,3
"KLK11",3,3
"KLK14",3,3
"KLK3",3,3
"KLK8",3,3
"KLK9",3,3
"KLRK1",3,3
"KPNA4",3,3
"KPNA6",3,5
"KRBA2",3,3
"KRT10",3,3
"KRT18P55",3,3
"KRT7",3,3
"KRT71",3,3
"KRT77",3,3
"KRT78",3,3
"KRT84",3,3
"KRTAP1-1",3,3
"KRTAP10-6",3,3
"KRTAP13-3",3,3
"KRTAP13-4",3,3
"KRTAP24-1",3,4
"KRTAP6-1",3,3
"KRTAP6-3",3,3
"KXD1",3,3
"KYNU",3,3
"LACC1",3,3
"LACTB",3,3
"LACTB2",3,3
"LAG3",3,3
"LAIR1",3,3
"LAIR2",3,3
"LANCL3",3,3
"LARS2",3,3
"LBHD1",3,3
"LCE1A",3,3
"LCN1",3,3
"LDB1",3,3
"LDOC1",3,3
"LEKR1",3,3
"LELP1",3,3
"LEMD2",3,3
"LENEP",3,3
"LEO1",3,3
"LGALS1",3,3
"LGALS9",3,3
"LGMN",3,3
"LHFPL4",3,4
"LIAS",3,3
"LIF",3,3
"LIMS2",3,3
"LINC02145",3,3
"LINC02870",3,3
"LINGO4",3,3
"LIPF",3,3
"LIPK",3,3
"LIX1",3,3
"LLGL2",3,3
"LMBR1",3,3
"LMF1",3,3
"LMNA",3,3
"LMO3",3,3
"LMX1A",3,3
"LPAL2",3,3
"LPAR6",3,4
"LPCAT2",3,4
"LPCAT3",3,3
"LPIN3",3,3
"LPXN",3,3
"LRFN1",3,3
"LRFN4",3,3
"LRIT1",3,3
"LRIT2",3,3
"LRPAP1",3,3
"LRRC17",3,3
"LRRC18",3,3
"LRRC23",3,3
"LRRC28",3,3
"LRRC30",3,3
"LRRC40",3,3
"LRRC45",3,3
"LRRC47",3,3
"LRRC6",3,3
"LRRC73",3,3
"LRRC8B",3,3
"LRRC8D",3,6
"LRRN4",3,3
"LRTM2",3,4
"LUC7L3",3,3
"LUM",3,3
"LY6D",3,3
"LY6G6F-LY6G6D",3,3
"LYPD4",3,3
"LYZL2",3,3
"LZTS2",3,3
"MACROH2A1",3,3
"MACROH2A2",3,3
"MAFB",3,3
"MAGEH1",3,3
"MAGIX",3,3
"MAGOHB",3,3
"MAP1S",3,3
"MAP2K2",3,3
"MAP2K3",3,3
"MAP3K12",3,3
"MAP3K7",3,3
"MAPKAPK2",3,3
"MARCHF11",3,3
"MARK4",3,3
"MARVELD3",3,3
"MATK",3,3
"MAX",3,3
"MBD3L1",3,3
"MBD4",3,3
"MBOAT1",3,3
"MCCC1",3,3
"MCUR1",3,3
"MED27",3,3
"MED4",3,4
"MEF2D",3,3
"MEGF9",3,4
"MEMO1",3,3
"MEPE",3,3
"METAP1",3,5
"METTL16",3,4
"METTL18",3,3
"METTL21C",3,3
"METTL27",3,3
"METTL2A",3,3
"METTL4",3,3
"MEX3A",3,3
"MEX3B",3,3
"MFAP1",3,3
"MFSD12",3,3
"MFSD13A",3,3
"MGAT3",3,4
"MGMT",3,3
"MICAL1",3,3
"MICALL2",3,3
"MIDEAS",3,3
"MIGA1",3,3
"MINK1",3,3
"MINPP1",3,3
"MIR221",3,3
"MISP",3,3
"MITF",3,3
"MKNK2",3,3
"MKX",3,3
"MLEC",3,3
"MLKL",3,3
"MLLT3",3,3
"MMAB",3,3
"MMACHC",3,3
"MMP10",3,3
"MMP11",3,3
"MMP13",3,5
"MMP19",3,3
"MMP21",3,3
"MMP26",3,4
"MMP28",3,3
"MOCS3",3,3
"MOGAT3",3,3
"MORF4L2",3,3
"MOXD1",3,3
"MPND",3,3
"MPP6",3,3
"MPPE1",3,3
"MPRIP",3,3
"MPV17L",3,3
"MRAP",3,3
"MRAS",3,3
"MRFAP1",3,3
"MRFAP1L1",3,3
"MRGBP",3,3
"MRGPRD",3,3
"MRPL3",3,3
"MRPL4",3,3
"MRPL47",3,3
"MRPL48",3,3
"MRPL51",3,3
"MRPL52",3,3
"MRPL9",3,3
"MRPS12",3,3
"MRPS18B",3,3
"MRPS18C",3,3
"MRPS35",3,3
"MRPS5",3,3
"MRPS7",3,3
"MS4A10",3,3
"MS4A8",3,4
"MSI2",3,3
"MSMP",3,3
"MSTN",3,3
"MSX2",3,3
"MTARC2",3,3
"MTG2",3,3
"MTHFD2L",3,3
"MTHFR",3,4
"MTMR1",3,3
"MTMR2",3,4
"MTMR6",3,3
"MTMR7",3,3
"MUC1",3,3
"MUTYH",3,3
"MVB12A",3,3
"MYBPH",3,3
"MYCN",3,3
"MYMK",3,3
"MYORG",3,3
"MYOT",3,3
"MYOZ1",3,4
"N4BP3",3,3
"NAA10",3,3
"NAE1",3,3
"NAF1",3,3
"NAP1L3",3,3
"NAP1L4",3,3
"NAPRT",3,3
"NBPF25P",3,3
"NBPF26",3,3
"NCAPH2",3,3
"NCEH1",3,3
"NCK1",3,3
"NCK2",3,3
"NDC1",3,5
"NDE1",3,4
"NDRG4",3,3
"NDUFA10",3,3
"NDUFAB1",3,3
"NDUFAF5",3,3
"NDUFAF7",3,3
"NDUFB5",3,3
"NDUFB9",3,4
"NDUFV1",3,3
"NECAP1",3,3
"NECTIN4",3,4
"NEGR1",3,3
"NEK3",3,3
"NEK4",3,3
"NEPRO",3,4
"NETO2",3,3
"NEURL2",3,3
"NFIB",3,3
"NFIL3",3,3
"NFKBIB",3,3
"NFS1",3,3
"NFU1",3,3
"NHLH1",3,3
"NIF3L1",3,4
"NINJ2",3,3
"NIPA1",3,3
"NKD1",3,3
"NMNAT1",3,3
"NMS",3,3
"NOL4L",3,3
"NOSTRIN",3,3
"NOVA1",3,3
"NPBWR2",3,3
"NPDC1",3,3
"NPEPL1",3,3
"NPEPPS",3,3
"NPHS2",3,3
"NPSR1",3,3
"NPTXR",3,3
"NPVF",3,3
"NQO2",3,3
"NR0B1",3,3
"NR2C1",3,3
"NR2E1",3,3
"NR2E3",3,3
"NR3C1",3,3
"NRIP3",3,3
"NSMCE3",3,3
"NSUN6",3,3
"NT5C1A",3,3
"NT5C3A",3,3
"NT5DC1",3,3
"NTAN1",3,3
"NTAQ1",3,3
"NTSR1",3,3
"NUB1",3,3
"NUCKS1",3,3
"NUDCD2",3,3
"NUDT1",3,3
"NUDT11",3,5
"NUDT13",3,3
"NUDT3",3,3
"NUDT6",3,5
"NUF2",3,3
"NUP42",3,5
"NUP43",3,3
"NUTM2A",3,3
"NYAP1",3,3
"OCIAD1",3,3
"OCLN",3,3
"ODAM",3,3
"OGFOD1",3,3
"OLFM1",3,3
"OLFM2",3,3
"OLFML1",3,3
"OLIG3",3,3
"ONECUT1",3,3
"ONECUT2",3,3
"OOSP2",3,3
"OPALIN",3,3
"OPCML",3,3
"OPN1LW",3,3
"OPRK1",3,3
"OR10A2",3,3
"OR10A3",3,3
"OR10AD1",3,3
"OR10C1",3,3
"OR10V1",3,3
"OR10X1",3,3
"OR11H1",3,3
"OR11H12",3,5
"OR11H6",3,3
"OR12D3",3,3
"OR1D5",3,3
"OR1E1",3,3
"OR1J2",3,3
"OR1L4",3,3
"OR1M1",3,4
"OR1Q1",3,3
"OR1S2",3,3
"OR2A1",3,3
"OR2A14",3,4
"OR2A2",3,3
"OR2AE1",3,3
"OR2AG2",3,3
"OR2B11",3,3
"OR2C3",3,3
"OR2D3",3,3
"OR2J2",3,3
"OR2K2",3,4
"OR2M4",3,3
"OR2T2",3,3
"OR2T33",3,3
"OR3A4P",3,3
"OR4C11",3,3
"OR4D9",3,3
"OR4K1",3,3
"OR4K13",3,3
"OR51G2",3,3
"OR51I1",3,3
"OR52D1",3,4
"OR52H1",3,4
"OR52L1",3,3
"OR52N2",3,3
"OR5A2",3,3
"OR5AC2",3,3
"OR5AN1",3,3
"OR5B12",3,3
"OR5B17",3,3
"OR5F1",3,3
"OR5K1",3,3
"OR5K3",3,3
"OR5M3",3,3
"OR5M8",3,3
"OR5V1",3,3
"OR6C1",3,3
"OR6C2",3,3
"OR6C3",3,3
"OR6C6",3,3
"OR6C65",3,3
"OR6C74",3,5
"OR6Y1",3,3
"OR7G1",3,4
"OR7G2",3,4
"OR7G3",3,3
"OR8B8",3,3
"OR8G2P",3,3
"OR8G5",3,3
"OR8J1",3,3
"OR8S1",3,3
"OR8U1",3,3
"ORC3",3,3
"ORC5",3,3
"OSCAR",3,3
"OSER1",3,3
"OSGEPL1",3,3
"OSR1",3,3
"OTOR",3,3
"OTUB1",3,3
"OTULINL",3,3
"OXA1L",3,3
"OXCT1",3,5
"OXSM",3,3
"P2RX2",3,3
"P2RX4",3,3
"P2RX5",3,3
"P2RX7",3,3
"P4HA2",3,3
"P4HTM",3,3
"PACRG",3,3
"PADI4",3,3
"PAEP",3,3
"PAF1",3,3
"PAGE3",3,3
"PAGR1",3,3
"PAH",3,3
"PAICS",3,3
"PAK4",3,4
"PALM",3,3
"PAN3",3,4
"PANK1",3,3
"PAPOLB",3,3
"PAQR3",3,4
"PAQR6",3,3
"PARD6A",3,3
"PARP11",3,3
"PARP12",3,3
"PARVB",3,3
"PAX4",3,3
"PBX1",3,3
"PBX4",3,3
"PCBP3",3,3
"PCGF2",3,3
"PCNX4",3,3
"PCSK6",3,3
"PDCD2L",3,3
"PDCL2",3,3
"PDE1B",3,3
"PDE2A",3,3
"PDE6B",3,3
"PDE8A",3,3
"PDHX",3,3
"PDIA2",3,3
"PDLIM1",3,3
"PDLIM5",3,3
"PDLIM7",3,3
"PDZK1IP1",3,3
"PEBP4",3,3
"PELI3",3,3
"PES1",3,3
"PEX14",3,3
"PEX19",3,3
"PEX2",3,3
"PEX5",3,3
"PEX7",3,3
"PFKFB1",3,4
"PFKFB3",3,3
"PGA5",3,3
"PGC",3,3
"PGLS",3,3
"PGLYRP4",3,3
"PGM1",3,3
"PGM2L1",3,3
"PGS1",3,3
"PHB2",3,3
"PHF19",3,3
"PHF21A",3,3
"PHF21B",3,3
"PHLDA1",3,3
"PHOSPHO2",3,3
"PHOX2B",3,3
"PHYHIP",3,3
"PI3",3,3
"PI4K2A",3,3
"PI4K2B",3,3
"PIEZO2",3,3
"PIF1",3,3
"PIGA",3,4
"PIGB",3,3
"PIGL",3,3
"PIGT",3,3
"PIGV",3,3
"PIGZ",3,3
"PIH1D2",3,3
"PIM2",3,3
"PINX1",3,3
"PISD",3,3
"PJVK",3,6
"PKDCC",3,3
"PKIG",3,3
"PKM",3,3
"PLA2G12B",3,3
"PLA2G15",3,3
"PLA2G3",3,3
"PLA2G4C",3,4
"PLAAT1",3,3
"PLAC8",3,3
"PLBD1",3,3
"PLCD4",3,4
"PLD2",3,3
"PLD4",3,3
"PLD6",3,3
"PLEK",3,3
"PLEK2",3,4
"PLEKHA7",3,3
"PLEKHA8P1",3,3
"PLEKHB2",3,3
"PLEKHG5",3,3
"PLEKHN1",3,3
"PLIN1",3,3
"PLP2",3,4
"PLPBP",3,3
"PLPP1",3,3
"PLPP4",3,3
"PLPPR1",3,3
"PLPPR3",3,3
"PLRG1",3,3
"PLSCR2",3,3
"PNPLA3",3,3
"PODXL2",3,4
"POLE2",3,3
"POLG2",3,3
"POLM",3,3
"POLR1C",3,3
"POLR1G",3,3
"POLR2J",3,3
"POM121C",3,3
"POMP",3,3
"PON3",3,3
"POP5",3,4
"POU4F1",3,3
"POU5F1",3,3
"PPA1",3,5
"PPDPF",3,3
"PPIF",3,3
"PPIL4",3,3
"PPM1G",3,4
"PPM1L",3,3
"PPME1",3,3
"PPP1CC",3,3
"PPP1R17",3,3
"PPP1R36",3,5
"PPP1R3B",3,3
"PPP1R7",3,4
"PPP2R2A",3,3
"PPWD1",3,3
"PRAMEF10",3,3
"PRAMEF12",3,3
"PRAMEF17",3,3
"PRAMEF8",3,3
"PRB3",3,3
"PRCP",3,3
"PRDM8",3,3
"PRDX5",3,3
"PREB",3,3
"PRKAG3",3,5
"PRKCI",3,3
"PRKCSH",3,3
"PRMT7",3,3
"PRND",3,3
"PROKR2",3,3
"PRPF38A",3,3
"PRPF40B",3,5
"PRPSAP2",3,3
"PRR11",3,3
"PRR16",3,3
"PRRG1",3,4
"PRRG3",3,3
"PRRT3",3,3
"PRSS1",3,3
"PRSS21",3,3
"PRSS22",3,3
"PRSS3",3,3
"PRSS37",3,3
"PRSS53",3,3
"PRSS54",3,3
"PSAPL1",3,3
"PSD3",3,4
"PSD4",3,3
"PSKH2",3,3
"PSMA7",3,3
"PSMB6",3,3
"PSMD11",3,3
"PSMD12",3,3
"PSMD2",3,3
"PTGDS",3,3
"PTGER1",3,3
"PTGER3",3,3
"PTGER4",3,3
"PTGES3",3,3
"PTPN18",3,3
"PTPN2",3,3
"PTPN5",3,3
"PTPRS",3,5
"PURG",3,4
"PUS7L",3,4
"PWP1",3,3
"PWWP2A",3,3
"PXMP4",3,3
"PYCR1",3,3
"PYGL",3,3
"PYROXD1",3,3
"R3HDML",3,3
"RAB11A",3,3
"RAB11FIP2",3,3
"RAB11FIP5",3,3
"RAB25",3,3
"RAB35",3,3
"RAB39B",3,3
"RAB3A",3,3
"RAB3C",3,3
"RAB3D",3,3
"RAB41",3,3
"RABEPK",3,3
"RABL2B",3,3
"RACGAP1",3,3
"RAD23B",3,5
"RAD51AP1",3,3
"RAD51B",3,3
"RAD51D",3,3
"RAD9B",3,3
"RALB",3,3
"RALGDS",3,3
"RAN",3,3
"RANBP10",3,4
"RANBP3L",3,3
"RANGAP1",3,3
"RAP1A",3,3
"RARRES1",3,3
"RASL12",3,3
"RBBP5",3,3
"RBBP7",3,4
"RBBP9",3,3
"RBKS",3,3
"RBL2",3,3
"RBM11",3,3
"RBM17",3,3
"RBM22",3,3
"RBM4",3,3
"RBP2",3,3
"RCC1L",3,3
"RCC2",3,3
"RCL1",3,3
"RD3",3,3
"RDH10",3,3
"REG3A",3,3
"RELB",3,3
"REN",3,3
"RENBP",3,3
"RETNLB",3,3
"REXO2",3,4
"RFNG",3,3
"RFPL2",3,3
"RFX2",3,3
"RGMA",3,3
"RGPD2",3,3
"RGS1",3,3
"RGS11",3,3
"RGS16",3,3
"RGS17",3,5
"RGS7BP",3,3
"RHCG",3,3
"RHNO1",3,3
"RHOB",3,3
"RHOJ",3,3
"RHOXF2B",3,3
"RIBC1",3,3
"RILPL1",3,3
"RIMKLB",3,3
"RIMS3",3,3
"RIOK2",3,3
"RIOX1",3,3
"RIPK3",3,3
"RIT2",3,3
"RLBP1",3,3
"RMDN1",3,3
"RMDN3",3,3
"RNASE7",3,3
"RNASEH2A",3,4
"RND1",3,3
"RNF115",3,3
"RNF13",3,3
"RNF138",3,3
"RNF144A",3,4
"RNF148",3,3
"RNF157",3,3
"RNF217",3,3
"RNF38",3,3
"RNF7",3,3
"RNGTT",3,3
"RNPEP",3,3
"RNU7-174P",3,3
"ROPN1",3,3
"ROPN1L",3,3
"RPA4",3,3
"RPE",3,3
"RPE65",3,3
"RPH3AL",3,3
"RPL17-C18ORF32",3,3
"RPL19",3,3
"RPL23",3,3
"RPL23A",3,3
"RPL26",3,3
"RPL3",3,3
"RPL35",3,4
"RPP40",3,3
"RPS29",3,3
"RPS4X",3,3
"RPS6KL1",3,3
"RPUSD3",3,3
"RRAD",3,3
"RRBP1",3,3
"RSAD2",3,3
"RSPH10B",3,3
"RSPH10B2",3,3
"RSPH3",3,3
"RTCB",3,3
"RTKN",3,3
"RTL6",3,3
"RTN1",3,3
"RTN4RL2",3,3
"RUBCNL",3,3
"RUVBL1",3,4
"RWDD2A",3,3
"RXFP3",3,3
"RXFP4",3,3
"RXRB",3,3
"S1PR1",3,4
"SAA2",3,3
"SAAL1",3,3
"SAG",3,3
"SAT1",3,3
"SAV1",3,3
"SBSPON",3,3
"SC5D",3,3
"SCAMP2",3,3
"SCAMP3",3,3
"SCD",3,3
"SCG5",3,3
"SCGB2A1",3,3
"SCGB2B2",3,3
"SCIN",3,3
"SCN2B",3,3
"SCPEP1",3,3
"SCRN3",3,5
"SDC2",3,3
"SDHA",3,3
"SEC14L3",3,3
"SEC14L4",3,3
"SEC23A",3,3
"SEC62",3,4
"SEC63",3,4
"SELENOH",3,3
"SEMA7A",3,3
"SEPHS1",3,3
"SEPTIN10",3,3
"SEPTIN2",3,3
"SEPTIN7",3,3
"SEPTIN8",3,3
"SEPTIN9",3,3
"SERPINB13",3,4
"SERPINB4",3,3
"SERPINB7",3,4
"SERPINE2",3,3
"SERPINF1",3,3
"SERPINF2",3,3
"SERPINI1",3,3
"SERTAD2",3,3
"SERTAD3",3,3
"SET",3,3
"SETD4",3,3
"SETMAR",3,3
"SF3A1",3,3
"SFRP4",3,3
"SFTA3",3,3
"SFTPA1",3,3
"SFXN2",3,3
"SFXN4",3,3
"SFXN5",3,3
"SGK3",3,3
"SGMS1",3,3
"SGMS2",3,3
"SGO1",3,3
"SGPP2",3,3
"SGSH",3,5
"SH3BGRL",3,3
"SH3BP5",3,3
"SH3D21",3,3
"SH3GLB1",3,3
"SH3RF3",3,3
"SHISAL1",3,3
"SHKBP1",3,3
"SHLD1",3,3
"SHOX2",3,3
"SHQ1",3,4
"SHTN1",3,3
"SIL1",3,3
"SINHCAF",3,3
"SIPA1",3,3
"SIX1",3,3
"SKP2",3,4
"SLA",3,3
"SLAIN2",3,3
"SLAMF6",3,4
"SLAMF9",3,3
"SLC10A1",3,4
"SLC10A4",3,3
"SLC10A7",3,3
"SLC12A4",3,3
"SLC13A5",3,3
"SLC14A2",3,4
"SLC16A4",3,3
"SLC16A7",3,3
"SLC17A3",3,3
"SLC1A2",3,3
"SLC1A3",3,3
"SLC1A4",3,3
"SLC22A1",3,3
"SLC22A15",3,3
"SLC24A5",3,3
"SLC25A1",3,4
"SLC25A10",3,3
"SLC25A15",3,3
"SLC25A20",3,3
"SLC25A22",3,3
"SLC25A36",3,4
"SLC25A4",3,3
"SLC25A42",3,3
"SLC25A47",3,3
"SLC25A6",3,3
"SLC26A11",3,3
"SLC26A6",3,3
"SLC26A8",3,3
"SLC27A6",3,3
"SLC2A2",3,3
"SLC2A4",3,3
"SLC2A7",3,3
"SLC30A3",3,3
"SLC30A4",3,3
"SLC30A6",3,3
"SLC30A7",3,3
"SLC34A3",3,3
"SLC35A1",3,3
"SLC35B4",3,3
"SLC35C1",3,3
"SLC35D1",3,3
"SLC35E3",3,3
"SLC35F4",3,3
"SLC37A1",3,3
"SLC37A3",3,3
"SLC38A5",3,3
"SLC39A1",3,3
"SLC39A10",3,3
"SLC39A4",3,3
"SLC39A9",3,3
"SLC41A1",3,3
"SLC46A3",3,4
"SLC47A2",3,3
"SLC49A3",3,3
"SLC4A9",3,3
"SLC50A1",3,3
"SLC51A",3,3
"SLC51B",3,3
"SLC52A2",3,3
"SLC5A1",3,3
"SLC5A11",3,3
"SLC66A1",3,3
"SLC6A1",3,3
"SLC6A11",3,3
"SLC6A17",3,3
"SLC6A2",3,3
"SLC7A11",3,3
"SLC7A13",3,3
"SLC7A8",3,3
"SLC8A2",3,3
"SLC9A3R1",3,3
"SLC9A5",3,3
"SLF1",3,3
"SLFN12",3,3
"SLU7",3,3
"SMARCD3",3,3
"SMCO1",3,3
"SMNDC1",3,3
"SMPD3",3,4
"SMS",3,3
"SMYD5",3,3
"SNAI1",3,3
"SNAPC3",3,3
"SNAPC4",3,4
"SNRNP35",3,4
"SNRNP40",3,4
"SNRPD2",3,3
"SNRPN",3,3
"SNU13",3,3
"SNX2",3,3
"SNX20",3,3
"SNX30",3,3
"SNX4",3,3
"SOAT2",3,3
"SOHLH2",3,3
"SOX3",3,3
"SOX4",3,3
"SOX7",3,3
"SP7",3,3
"SPACA3",3,3
"SPACA7",3,3
"SPAG16",3,3
"SPANXN3",3,3
"SPATA18",3,3
"SPATA4",3,3
"SPDEF",3,4
"SPDL1",3,3
"SPDYE5",3,3
"SPEM2",3,3
"SPIC",3,3
"SPIN1",3,3
"SPINT1",3,3
"SPIRE2",3,3
"SPP1",3,3
"SPPL2A",3,3
"SPRED2",3,3
"SPRR2B",3,3
"SPRYD7",3,3
"SQLE",3,3
"SQOR",3,3
"SRC",3,3
"SRD5A2",3,3
"SRMS",3,3
"SRPX2",3,3
"SRSF4",3,3
"SSR1",3,3
"SSR4",3,3
"SSTR2",3,3
"SSUH2",3,3
"SSX1",3,5
"SSX5",3,3
"SSX6P",3,3
"ST3GAL2",3,3
"ST3GAL6",3,3
"ST6GAL1",3,5
"ST7L",3,4
"STAM",3,3
"STAMBP",3,3
"STARD4",3,3
"STC1",3,3
"STEAP2",3,3
"STEAP3",3,3
"STIP1",3,3
"STK16",3,3
"STK17A",3,4
"STK26",3,3
"STK32A",3,3
"STK36",3,3
"STMN4",3,4
"STMP1",3,3
"STRADB",3,3
"STRAP",3,5
"STRIP2",3,3
"STRN4",3,3
"STS",3,3
"STX10",3,3
"STX11",3,3
"STX19",3,3
"STX4",3,3
"STX5",3,3
"STXBP6",3,3
"SUGCT",3,4
"SULT1A2",3,3
"SULT1C4",3,3
"SULT2B1",3,3
"SUMF2",3,3
"SUPV3L1",3,4
"SURF6",3,4
"SWAP70",3,3
"SYAP1",3,3
"SYF2",3,3
"SYN2",3,3
"SYNE4",3,3
"SYNGR4",3,3
"SYT1",3,3
"SYTL1",3,3
"TACC3",3,3
"TACR2",3,3
"TADA2B",3,3
"TAF1B",3,3
"TAF1C",3,3
"TAF6L",3,3
"TAGAP",3,4
"TAMALIN",3,3
"TAMM41",3,3
"TAS1R3",3,3
"TAS2R38",3,3
"TAS2R41",3,3
"TAS2R5",3,3
"TAS2R8",3,3
"TATDN1",3,3
"TAZ",3,3
"TBC1D10B",3,3
"TBC1D10C",3,3
"TBC1D19",3,3
"TBC1D22A",3,3
"TBC1D3B",3,3
"TBL2",3,4
"TBPL2",3,3
"TBRG1",3,3
"TBX15",3,4
"TBX2",3,3
"TCEAL2",3,3
"TCEAL3",3,3
"TCEANC2",3,3
"TCERG1L",3,3
"TCF21",3,3
"TCF25",3,3
"TCF7L1",3,3
"TCFL5",3,3
"TCN2",3,3
"TCP10L3",3,3
"TCTEX1D1",3,3
"TDP2",3,3
"TDRD3",3,3
"TEAD3",3,4
"TECPR1",3,3
"TECRL",3,3
"TEDC2",3,3
"TEFM",3,3
"TEKT2",3,3
"TENT2",3,3
"TENT4A",3,3
"TENT4B",3,3
"TENT5A",3,3
"TENT5C",3,3
"TEPP",3,3
"TEPSIN",3,3
"TERF2IP",3,3
"TESC",3,3
"TEX26",3,3
"TEX264",3,3
"TEX35",3,3
"TEX37",3,3
"TEX45",3,3
"TEX9",3,3
"TFAP2C",3,3
"TFAP2D",3,3
"TFB1M",3,3
"TFEC",3,3
"TFRC",3,3
"TGM4",3,5
"THAP1",3,3
"THAP7",3,3
"THEG",3,3
"THG1L",3,3
"THTPA",3,4
"THUMPD2",3,3
"THUMPD3",3,3
"TICAM1",3,3
"TIE1",3,4
"TIFA",3,3
"TIGD4",3,3
"TIGIT",3,3
"TIMM21",3,3
"TIMM22",3,3
"TIMM8A",3,3
"TIMMDC1",3,3
"TIMP3",3,4
"TINAGL1",3,3
"TIPIN",3,4
"TIRAP",3,3
"TJAP1",3,3
"TKT",3,3
"TLCD3A",3,3
"TLCD4",3,4
"TLE2",3,4
"TLK1",3,4
"TLR10",3,3
"TMC4",3,3
"TMCC2",3,3
"TMCO1",3,3
"TMED2",3,3
"TMED4",3,3
"TMEFF1",3,4
"TMEFF2",3,3
"TMEM100",3,3
"TMEM104",3,3
"TMEM106B",3,3
"TMEM108",3,3
"TMEM115",3,3
"TMEM132A",3,3
"TMEM140",3,3
"TMEM150C",3,3
"TMEM155",3,3
"TMEM167B",3,3
"TMEM175",3,3
"TMEM19",3,4
"TMEM192",3,3
"TMEM200C",3,3
"TMEM204",3,3
"TMEM236",3,3
"TMEM53",3,3
"TMEM59",3,3
"TMEM62",3,3
"TMEM63C",3,3
"TMEM74B",3,3
"TMEM79",3,3
"TMPRSS11B",3,3
"TMPRSS11D",3,3
"TMPRSS11E",3,3
"TMPRSS5",3,3
"TNFAIP2",3,3
"TNFRSF10A",3,3
"TNFRSF10D",3,3
"TNFRSF19",3,3
"TNFRSF1A",3,3
"TNFSF15",3,3
"TNIP2",3,3
"TNK2",3,3
"TNNT3",3,3
"TNPO1",3,4
"TOM1L2",3,3
"TOR1A",3,3
"TOR1B",3,3
"TP53I13",3,3
"TP53I3",3,3
"TP53TG5",3,4
"TPI1",3,3
"TPPP",3,3
"TPSB2",3,3
"TRAF1",3,3
"TRAF4",3,5
"TRAP1",3,3
"TRAV40",3,3
"TRAV41",3,3
"TRBV29-1",3,3
"TRBV5-1",3,4
"TREML4",3,3
"TRH",3,3
"TRHR",3,4
"TRIB1",3,3
"TRIL",3,3
"TRIM2",3,3
"TRIM26",3,3
"TRIM29",3,3
"TRIM35",3,3
"TRIM36",3,3
"TRIM47",3,3
"TRIM50",3,3
"TRIM65",3,3
"TRIP6",3,3
"TRMT10A",3,3
"TRMT13",3,3
"TRNAU1AP",3,3
"TRNT1",3,3
"TRPV4",3,3
"TSEN2",3,3
"TSG101",3,3
"TSKS",3,3
"TSNAX",3,3
"TSNAXIP1",3,3
"TSPAN14",3,3
"TSPAN9",3,3
"TSPYL5",3,3
"TSSK2",3,3
"TSSK3",3,3
"TTC26",3,3
"TTC27",3,3
"TTC39C",3,3
"TTC5",3,3
"TTC6",3,3
"TTC9C",3,4
"TTL",3,3
"TTLL1",3,3
"TTLL11",3,3
"TTLL12",3,3
"TTLL8",3,3
"TTPA",3,3
"TTYH1",3,3
"TUBA1B",3,3
"TUFT1",3,3
"TULP2",3,3
"TVP23A",3,3
"TVP23C",3,3
"TWF1",3,3
"TXLNA",3,3
"TXNDC15",3,4
"TYMP",3,3
"UBAC2",3,3
"UBAP1",3,4
"UBASH3B",3,3
"UBE2D2",3,3
"UBE2Q2",3,3
"UBE2T",3,3
"UBE2Z",3,3
"UBE3D",3,3
"UBIAD1",3,3
"UBLCP1",3,3
"UBOX5",3,3
"UBQLN1",3,3
"UBQLN2",3,3
"UBXN10",3,3
"UBXN2B",3,4
"UCHL5",3,3
"UCP3",3,3
"UFSP2",3,4
"UGT1A10",3,3
"UGT1A9",3,3
"UGT2A3",3,3
"UGT3A1",3,3
"UIMC1",3,3
"ULK1",3,3
"UNC119B",3,3
"UNC50",3,3
"UNC93A",3,3
"UNCX",3,4
"UPP2",3,3
"UQCC1",3,3
"UQCRC1",3,3
"USF1",3,3
"USP16",3,3
"USP22",3,3
"USP35",3,3
"USP44",3,3
"USP46",3,3
"UTP3",3,3
"VAMP7",3,3
"VAPB",3,3
"VCX",3,3
"VCX3A",3,3
"VCX3B",3,3
"VEGFC",3,3
"VEGFD",3,4
"VGLL1",3,3
"VGLL3",3,3
"VIM",3,3
"VIPAS39",3,3
"VIPR2",3,4
"VN1R1",3,3
"VN1R2",3,3
"VNN3",3,3
"VPS25",3,3
"VPS26B",3,4
"VPS36",3,3
"VWA5A",3,3
"WAPL",3,3
"WASF2",3,3
"WASF3",3,4
"WDFY1",3,3
"WDR12",3,3
"WDR31",3,3
"WDR37",3,3
"WDR4",3,3
"WDR43",3,3
"WDR48",3,3
"WDR70",3,3
"WDR83OS",3,3
"WDR86",3,3
"WDR88",3,3
"WFDC2",3,3
"WFS1",3,3
"WIF1",3,4
"WIPI2",3,3
"WNT8B",3,4
"WTIP",3,3
"XIAP",3,3
"XIST",3,3
"XKR7",3,3
"XRCC5",3,3
"YEATS4",3,3
"YES1",3,3
"YIF1B",3,3
"YIPF1",3,3
"YTHDC2",3,3
"YWHAB",3,3
"YWHAG",3,3
"Y_RNA",3,3
"Z83844.2",3,3
"ZBP1",3,3
"ZBTB1",3,4
"ZBTB17",3,4
"ZBTB26",3,4
"ZBTB32",3,3
"ZBTB33",3,3
"ZBTB44",3,3
"ZBTB7A",3,4
"ZBTB7C",3,4
"ZCCHC12",3,3
"ZCCHC13",3,5
"ZCCHC4",3,3
"ZCCHC7",3,4
"ZDHHC22",3,3
"ZDHHC6",3,3
"ZFAND1",3,3
"ZFP41",3,3
"ZFYVE27",3,3
"ZIC1",3,3
"ZMYM1",3,4
"ZMYND10",3,3
"ZNF132",3,4
"ZNF146",3,3
"ZNF154",3,3
"ZNF165",3,3
"ZNF174",3,3
"ZNF2",3,3
"ZNF202",3,3
"ZNF211",3,3
"ZNF234",3,3
"ZNF248",3,3
"ZNF257",3,3
"ZNF260",3,3
"ZNF273",3,3
"ZNF280A",3,4
"ZNF280B",3,4
"ZNF284",3,3
"ZNF287",3,3
"ZNF296",3,3
"ZNF3",3,3
"ZNF302",3,3
"ZNF304",3,3
"ZNF317",3,3
"ZNF324B",3,3
"ZNF331",3,3
"ZNF343",3,4
"ZNF345",3,3
"ZNF354C",3,3
"ZNF367",3,3
"ZNF37A",3,3
"ZNF383",3,3
"ZNF385D",3,3
"ZNF396",3,3
"ZNF398",3,3
"ZNF408",3,3
"ZNF460",3,3
"ZNF468",3,4
"ZNF480",3,4
"ZNF493",3,3
"ZNF497",3,3
"ZNF513",3,3
"ZNF516",3,3
"ZNF519",3,3
"ZNF530",3,4
"ZNF534",3,3
"ZNF550",3,3
"ZNF556",3,3
"ZNF559",3,3
"ZNF562",3,3
"ZNF563",3,3
"ZNF570",3,3
"ZNF575",3,3
"ZNF594",3,4
"ZNF605",3,3
"ZNF610",3,3
"ZNF622",3,3
"ZNF627",3,3
"ZNF654",3,3
"ZNF670",3,3
"ZNF674",3,6
"ZNF684",3,3
"ZNF697",3,3
"ZNF704",3,3
"ZNF713",3,3
"ZNF74",3,3
"ZNF763",3,3
"ZNF765",3,3
"ZNF77",3,4
"ZNF8",3,3
"ZNF92",3,3
"ZNHIT6",3,3
"ZNRF1",3,3
"ZPBP",3,3
"ZPBP2",3,5
"ZPR1",3,3
"ZRANB2",3,3
"ZSCAN16",3,3
"ZSCAN22",3,3
"ZSCAN26",3,3
"ZSCAN31",3,3
"ZSCAN9",3,3
"ZSWIM1",3,3
"ZW10",3,3
"ZXDA",3,3
"ZYG11B",3,3
"A1BG",2,2
"A4GALT",2,2
"ABCB9",2,2
"ABHD14A-ACY1",2,2
"ABHD17C",2,2
"ABHD3",2,3
"ABHD4",2,2
"ABHD8",2,2
"ABI3",2,2
"ABLIM2",2,3
"ABRAXAS1",2,2
"AC008676.3",2,2
"AC011448.1",2,2
"AC011455.2",2,3
"AC025165.3",2,2
"AC074085.2",2,2
"AC092143.1",2,2
"AC093827.5",2,2
"AC097636.1",2,2
"AC126283.2",2,2
"AC134980.2",2,2
"AC136428.1",2,2
"ACAD8",2,2
"ACAP3",2,3
"ACCS",2,2
"ACOT7",2,2
"ACP6",2,2
"ACR",2,2
"ACSM6",2,2
"ACTL8",2,2
"ACTR1B",2,2
"ACTR3",2,2
"ACVR2B",2,2
"ACY3",2,2
"ACYP1",2,2
"ADA2",2,2
"ADAD2",2,2
"ADAL",2,2
"ADAM22",2,2
"ADAMTSL5",2,3
"ADARB1",2,2
"ADCK1",2,2
"ADCK5",2,2
"ADCY6",2,2
"ADGRF4",2,2
"ADH6",2,2
"ADIPOR2",2,2
"ADM",2,2
"ADM5",2,2
"ADORA3",2,2
"ADRA1B",2,2
"ADRA2C",2,3
"ADRM1",2,2
"ADSS1",2,2
"AF196969.1",2,2
"AFG1L",2,2
"AFG3L2",2,2
"AFM",2,2
"AFP",2,2
"AGAP4",2,2
"AGFG1",2,2
"AGMAT",2,2
"AGXT",2,2
"AHCYL1",2,2
"AHSP",2,2
"AIFM2",2,2
"AIFM3",2,2
"AIP",2,2
"AIPL1",2,2
"AJM1",2,2
"AK3",2,2
"AK4",2,2
"AKAP10",2,2
"AKAP7",2,2
"AKR1A1",2,2
"AKR1B1",2,2
"AL132655.6",2,2
"AL133500.1",2,2
"AL136982.4",2,2
"AL441992.2",2,2
"AL662899.2",2,2
"AL713999.2",2,2
"ALAD",2,2
"ALDH1A2",2,2
"ALDH6A1",2,2
"ALG1",2,3
"ALG12",2,2
"ALG2",2,2
"ALG3",2,2
"ALG6",2,2
"ALG8",2,2
"ALKAL2",2,2
"ALKBH2",2,3
"ALKBH7",2,2
"ALKBH8",2,2
"ALMS1P1",2,2
"ALOX5",2,2
"ALPG",2,2
"ALPI",2,2
"ALPP",2,2
"ALS2CL",2,2
"AMD1",2,2
"AMELX",2,2
"AMHR2",2,2
"AMMECR1",2,2
"AMMECR1L",2,2
"AMN",2,2
"AMOTL2",2,2
"ANAPC11",2,2
"ANGPTL7",2,2
"ANKLE1",2,2
"ANKMY2",2,2
"ANKRD10",2,3
"ANKRD20A1",2,2
"ANKRD20A2P",2,2
"ANKRD20A4P",2,2
"ANKRD29",2,2
"ANP32A",2,2
"ANTXR1",2,2
"ANTXR2",2,2
"ANXA11",2,2
"ANXA7",2,2
"ANXA8L1",2,2
"AP000721.1",2,2
"AP1M1",2,3
"APBA3",2,2
"APCS",2,2
"APLN",2,2
"APOA5",2,2
"APOBEC3A",2,2
"APOBEC3D",2,2
"APOBEC3F",2,2
"APOBEC4",2,2
"APOL4",2,3
"APOO",2,2
"AQP3",2,2
"AQP5",2,2
"AQP7",2,2
"ARF3",2,2
"ARFGAP3",2,2
"ARGFX",2,2
"ARHGDIB",2,2
"ARHGEF3",2,3
"ARHGEF38",2,2
"ARID5A",2,2
"ARL1",2,2
"ARL11",2,2
"ARL13A",2,2
"ARL13B",2,2
"ARL14EP",2,2
"ARL15",2,2
"ARL4A",2,2
"ARL5B",2,2
"ARMC1",2,2
"ARMC10",2,2
"ARMT1",2,2
"ARPC1B",2,2
"ARPC5",2,2
"ARSI",2,2
"ARSJ",2,3
"ART3",2,2
"ART4",2,2
"ART5",2,2
"ARV1",2,2
"ASB10",2,2
"ASB16",2,2
"ASB4",2,2
"ASB6",2,2
"ASCC1",2,2
"ASCL3",2,2
"ASF1B",2,2
"ASGR2",2,2
"ASPHD1",2,2
"ASRGL1",2,2
"ASS1",2,2
"ATAD3A",2,2
"ATF1",2,2
"ATF5",2,3
"ATF6B",2,2
"ATG13",2,3
"ATG3",2,2
"ATG5",2,2
"ATP11AUN",2,2
"ATP23",2,2
"ATP5F1B",2,2
"ATP5IF1",2,2
"ATP5PF",2,2
"ATP6AP2",2,2
"ATP6V0C",2,2
"ATP6V0E1",2,2
"ATP6V0E2",2,2
"ATP6V1E2",2,2
"ATP6V1G3",2,3
"ATXN10",2,2
"ATXN7L1",2,2
"ATXN7L3",2,2
"AURKB",2,2
"AURKC",2,2
"AVPR1A",2,2
"AZGP1",2,2
"AZIN2",2,2
"B3GALT2",2,2
"B3GNT2",2,2
"B3GNT4",2,2
"B3GNT7",2,2
"B3GNTL1",2,2
"B4GALT6",2,2
"BACE1",2,2
"BACE2",2,2
"BAG2",2,2
"BAG5",2,2
"BAIAP2",2,2
"BANP",2,2
"BATF3",2,2
"BBOX1",2,2
"BBS4",2,2
"BCL2L12",2,2
"BCL6B",2,2
"BCL7B",2,2
"BCL7C",2,2
"BCS1L",2,2
"BDNF",2,2
"BECN1",2,2
"BEST4",2,2
"BEX2",2,2
"BEX4",2,2
"BFAR",2,2
"BFSP2",2,2
"BHLHE40",2,2
"BHMT",2,2
"BICDL1",2,2
"BIN1",2,2
"BIN2",2,2
"BIRC7",2,2
"BLMH",2,2
"BLOC1S2",2,2
"BLOC1S5",2,2
"BLZF1",2,2
"BMP10",2,2
"BMP4",2,2
"BNIP2",2,2
"BNIP3",2,2
"BOLA1",2,2
"BORCS7",2,2
"BPHL",2,2
"BPIFA3",2,3
"BPIFB6",2,2
"BRF2",2,2
"BRMS1L",2,2
"BRSK1",2,2
"BSG",2,2
"BTBD16",2,2
"BTF3",2,2
"BTG3",2,2
"BTNL2",2,2
"BUD13",2,2
"BYSL",2,2
"BZW1",2,2
"C10ORF53",2,2
"C10ORF82",2,2
"C11ORF45",2,2
"C11ORF53",2,2
"C11ORF54",2,2
"C11ORF58",2,2
"C11ORF87",2,2
"C12ORF42",2,2
"C12ORF45",2,2
"C15ORF40",2,2
"C16ORF71",2,2
"C16ORF87",2,3
"C16ORF92",2,2
"C17ORF49",2,2
"C17ORF67",2,3
"C19ORF53",2,2
"C19ORF54",2,2
"C19ORF73",2,2
"C1ORF146",2,2
"C1ORF174",2,2
"C1ORF216",2,2
"C1ORF226",2,2
"C1ORF50",2,2
"C1ORF54",2,2
"C1QC",2,2
"C1QTNF4",2,2
"C1QTNF6",2,2
"C2",2,3
"C21ORF58",2,2
"C21ORF91",2,2
"C2CD2",2,2
"C2ORF50",2,2
"C2ORF69",2,3
"C3ORF22",2,3
"C3ORF33",2,2
"C3ORF52",2,2
"C3ORF62",2,2
"C4A",2,2
"C4ORF33",2,2
"C5AR2",2,2
"C5ORF15",2,2
"C5ORF24",2,2
"C5ORF49",2,2
"C6ORF136",2,2
"C6ORF47",2,2
"C6ORF58",2,3
"C7ORF25",2,2
"C8G",2,2
"C8ORF44-SGK3",2,3
"C8ORF86",2,2
"C9ORF163",2,2
"C9ORF64",2,2
"C9ORF85",2,2
"CA1",2,2
"CA12",2,2
"CA2",2,2
"CA3",2,2
"CA5B",2,2
"CA6",2,2
"CAB39",2,2
"CABCOCO1",2,2
"CACUL1",2,2
"CAGE1",2,4
"CALB1",2,2
"CALB2",2,2
"CALHM1",2,2
"CALHM5",2,2
"CALM2",2,2
"CALML5",2,2
"CALML6",2,2
"CALU",2,2
"CAMK1",2,2
"CAP1",2,2
"CAPSL",2,2
"CAPZB",2,2
"CARNMT1",2,2
"CASP10",2,2
"CASP4",2,2
"CAT",2,2
"CBLN2",2,2
"CBX3",2,2
"CBY1",2,2
"CCDC107",2,2
"CCDC114",2,2
"CCDC116",2,2
"CCDC121",2,2
"CCDC122",2,2
"CCDC130",2,2
"CCDC137",2,2
"CCDC157",2,2
"CCDC197",2,2
"CCDC25",2,2
"CCDC28B",2,2
"CCDC33",2,2
"CCDC43",2,2
"CCDC6",2,2
"CCDC61",2,2
"CCDC71",2,2
"CCDC77",2,2
"CCDC89",2,3
"CCDC96",2,2
"CCDC97",2,2
"CCL11",2,2
"CCL24",2,2
"CCNDBP1",2,2
"CCNE1",2,2
"CCNG2",2,2
"CCNH",2,2
"CCNI2",2,2
"CCNJL",2,2
"CCNL1",2,2
"CCNT2",2,3
"CCNY",2,2
"CCR3",2,2
"CCR4",2,2
"CCSAP",2,2
"CCT5",2,2
"CCZ1B",2,3
"CD151",2,2
"CD244",2,2
"CD274",2,2
"CD276",2,2
"CD28",2,2
"CD3E",2,2
"CD40",2,2
"CD40LG",2,2
"CD53",2,2
"CD59",2,2
"CD79A",2,2
"CD9",2,2
"CDAN1",2,2
"CDC23",2,2
"CDC25A",2,2
"CDC42EP3",2,2
"CDCA3",2,2
"CDH5",2,2
"CDIP1",2,2
"CDIPT",2,2
"CDK2",2,2
"CDK20",2,2
"CDK2AP2",2,2
"CDK3",2,3
"CDKL2",2,2
"CDKN1A",2,2
"CDKN2AIP",2,2
"CDO1",2,2
"CDR2",2,2
"CDT1",2,2
"CDX2",2,2
"CDX4",2,3
"CEACAM21",2,2
"CEACAM8",2,2
"CELF5",2,2
"CELF6",2,3
"CEND1",2,2
"CENPB",2,2
"CENPS-CORT",2,2
"CEP104",2,2
"CEP170B",2,2
"CEP76",2,2
"CER1",2,2
"CERS1",2,2
"CERS6",2,2
"CES3",2,2
"CFAP126",2,2
"CFAP20",2,2
"CFAP298-TCP10L",2,2
"CFAP36",2,2
"CFAP52",2,2
"CFAP77",2,2
"CFL2",2,2
"CFLAR",2,2
"CGB2",2,3
"CGB7",2,2
"CHAC1",2,2
"CHAC2",2,2
"CHAF1B",2,2
"CHCHD2",2,2
"CHFR",2,2
"CHIC1",2,2
"CHMP2A",2,2
"CHMP7",2,2
"CHP1",2,2
"CHRM1",2,2
"CHRNA2",2,2
"CHRNA7",2,2
"CHRNB1",2,2
"CHST12",2,2
"CHST13",2,2
"CHST3",2,2
"CHST4",2,2
"CHTOP",2,2
"CHURC1",2,2
"CIAPIN1",2,2
"CIB2",2,2
"CILP2",2,2
"CINP",2,2
"CISH",2,2
"CITED2",2,2
"CKB",2,2
"CKLF",2,2
"CKM",2,2
"CLCC1",2,2
"CLDN12",2,2
"CLDN14",2,2
"CLDN2",2,3
"CLDN4",2,2
"CLDND1",2,2
"CLEC18C",2,2
"CLEC4F",2,2
"CLEC4G",2,2
"CLEC5A",2,2
"CLEC9A",2,2
"CLECL1",2,2
"CLGN",2,3
"CLIC1",2,2
"CLIC2",2,2
"CLPS",2,2
"CLRN3",2,3
"CLSTN1",2,2
"CMBL",2,2
"CMIP",2,2
"CMSS1",2,2
"CMTM5",2,2
"CNIH2",2,2
"CNIH3",2,2
"CNIH4",2,2
"CNN3",2,2
"CNOT6L",2,2
"CNOT8",2,2
"CNPY1",2,2
"CNTD1",2,2
"COA7",2,2
"COG4",2,2
"COG6",2,2
"COLEC10",2,2
"COPS2",2,2
"COPS9",2,2
"COPZ2",2,2
"COQ10B",2,2
"COQ2",2,2
"COQ3",2,2
"COQ4",2,2
"COQ5",2,2
"CORO7-PAM16",2,2
"COTL1",2,2
"COX4I2",2,2
"COX5B",2,3
"COX7B2",2,2
"CPA4",2,2
"CPA5",2,2
"CPNE1",2,2
"CPNE2",2,2
"CPNE7",2,2
"CPNE9",2,2
"CPSF7",2,2
"CRB2",2,2
"CREB3L1",2,2
"CREBL2",2,2
"CRELD2",2,2
"CRHBP",2,2
"CRIP3",2,2
"CRISP1",2,2
"CRKL",2,2
"CRTAP",2,3
"CRYBB3",2,2
"CRYZ",2,2
"CSH1",2,2
"CSN2",2,2
"CSNK2A2",2,2
"CST3",2,2
"CST8",2,2
"CT55",2,2
"CTDSP1",2,2
"CTDSPL2",2,3
"CTLA4",2,2
"CTRC",2,2
"CTSG",2,2
"CTSL",2,2
"CTSZ",2,2
"CTTN",2,2
"CUEDC2",2,2
"CXCL1",2,2
"CXCL17",2,2
"CXCL2",2,2
"CXCL6",2,2
"CXCL8",2,2
"CXCR2",2,2
"CXCR6",2,2
"CXORF38",2,2
"CXORF56",2,3
"CXORF66",2,2
"CXXC4",2,2
"CYB561",2,2
"CYB561A3",2,2
"CYB561D2",2,2
"CYB5D1",2,2
"CYB5R2",2,2
"CYBC1",2,2
"CYC1",2,2
"CYGB",2,2
"CYP1A1",2,2
"CYP1B1",2,2
"CYP21A2",2,2
"CYP27B1",2,2
"CYP2A6",2,2
"CYP2J2",2,2
"CYP3A7-CYP3A51P",2,2
"CYTH1",2,2
"CYTH2",2,3
"CYYR1",2,2
"D2HGDH",2,2
"DAP",2,2
"DARS1",2,3
"DAZL",2,2
"DBNDD2",2,2
"DBNL",2,2
"DCAF10",2,2
"DCLRE1A",2,2
"DCP2",2,2
"DCTN6",2,2
"DDB2",2,3
"DDIT3",2,2
"DDOST",2,2
"DDRGK1",2,2
"DDX1",2,3
"DDX25",2,2
"DDX54",2,2
"DEFB1",2,2
"DEFB112",2,2
"DEFB128",2,2
"DEFB129",2,2
"DEPTOR",2,2
"DERA",2,2
"DERL1",2,2
"DESI2",2,2
"DEXI",2,2
"DHCR7",2,2
"DHFR2",2,2
"DHRS3",2,2
"DHRS4",2,2
"DHRS7B",2,2
"DHRSX",2,2
"DHX33",2,2
"DHX35",2,2
"DIABLO",2,2
"DIO1",2,2
"DIPK1B",2,2
"DKK2",2,2
"DLAT",2,2
"DLD",2,2
"DLG4",2,2
"DLGAP3",2,2
"DLK2",2,2
"DLST",2,5
"DLX1",2,2
"DMAP1",2,2
"DMBX1",2,3
"DMRT3",2,2
"DMRTB1",2,2
"DMRTC1",2,2
"DMRTC2",2,2
"DMWD",2,2
"DNAAF2",2,2
"DNAH12",2,2
"DNAJA1",2,2
"DNAJA2",2,2
"DNAJB1",2,2
"DNAJB12",2,2
"DNAJB9",2,2
"DNAJC17",2,2
"DNAJC21",2,2
"DNAJC22",2,2
"DNAJC5G",2,2
"DNAJC8",2,2
"DNAL1",2,2
"DNALI1",2,2
"DNASE2",2,2
"DNM1L",2,2
"DOK3",2,2
"DOK6",2,2
"DOK7",2,2
"DPH6",2,2
"DPM3",2,2
"DPP7",2,2
"DPT",2,2
"DRD3",2,2
"DRD4",2,2
"DRG1",2,2
"DRG2",2,2
"DRICH1",2,2
"DSCC1",2,2
"DSCR4",2,2
"DTD1",2,2
"DTNA",2,2
"DTYMK",2,2
"DUOXA1",2,2
"DUS3L",2,2
"DUSP1",2,2
"DUSP11",2,2
"DUSP15",2,2
"DUSP2",2,2
"DUSP22",2,2
"DUSP4",2,2
"DUSP8",2,2
"DUSP9",2,2
"DUT",2,2
"DVL1",2,2
"DYDC2",2,2
"DYNC1I2",2,2
"E2F2",2,2
"E2F4",2,2
"EAF1",2,2
"EAF2",2,2
"EBAG9",2,2
"EBPL",2,2
"ECHDC3",2,2
"ECI1",2,2
"ECI2",2,2
"ECRG4",2,3
"EDIL3",2,2
"EDNRA",2,2
"EEF1A2",2,2
"EEF1AKMT3",2,2
"EEF1B2",2,2
"EEF1G",2,2
"EFCAB11",2,2
"EFEMP2",2,2
"EFNA1",2,4
"EFNA3",2,2
"EFNA4",2,2
"EFNB1",2,2
"EFNB2",2,2
"EHMT2",2,2
"EID3",2,2
"EIF1AD",2,2
"EIF2A",2,2
"EIF2AK2",2,3
"EIF2B1",2,2
"EIF2B2",2,2
"EIF2S1",2,2
"EIF3F",2,2
"EIF3M",2,2
"ELAC1",2,2
"ELAVL3",2,2
"ELMOD2",2,2
"ELP6",2,2
"ELSPBP1",2,2
"EMC10",2,2
"EMC7",2,2
"EN1",2,2
"ENDOU",2,2
"ENGASE",2,2
"ENO3",2,2
"ENTPD1",2,2
"ENTR1",2,2
"EPN2",2,2
"EPPIN",2,2
"EPS8L2",2,3
"EPSTI1",2,2
"ERAP1",2,2
"ERGIC1",2,2
"ERI1",2,2
"ERI3",2,2
"ERICH1",2,2
"ERICH5",2,2
"ERLIN1",2,2
"ERMN",2,2
"ERP27",2,2
"ERVW-1",2,2
"ESAM",2,2
"ETFDH",2,2
"ETFRF1",2,2
"ETHE1",2,2
"ETV3",2,2
"EVX1",2,2
"EXD3",2,2
"EXOC3L1",2,2
"EXOSC3",2,2
"F11",2,2
"F12",2,2
"F2RL2",2,2
"F2RL3",2,2
"FAAP24",2,2
"FABP1",2,2
"FABP9",2,2
"FAIM",2,2
"FAIM2",2,2
"FAM102B",2,2
"FAM110A",2,2
"FAM110B",2,2
"FAM117A",2,2
"FAM118B",2,2
"FAM131A",2,2
"FAM131C",2,2
"FAM136A",2,2
"FAM167B",2,2
"FAM168B",2,2
"FAM169B",2,3
"FAM177B",2,2
"FAM180A",2,2
"FAM181A",2,2
"FAM183BP",2,2
"FAM187B",2,2
"FAM189B",2,2
"FAM210A",2,2
"FAM210B",2,2
"FAM214B",2,2
"FAM219B",2,2
"FAM220A",2,2
"FAM228A",2,2
"FAM24A",2,2
"FAM71F2",2,2
"FAM74A3",2,2
"FAM76B",2,2
"FAM78B",2,2
"FAM8A1",2,2
"FANCL",2,2
"FASLG",2,2
"FAXC",2,2
"FBLN5",2,2
"FBLN7",2,2
"FBXL20",2,2
"FBXL8",2,2
"FBXO22",2,2
"FBXO31",2,2
"FBXO32",2,2
"FBXO4",2,2
"FBXO42",2,2
"FBXO44",2,2
"FBXO47",2,2
"FBXO5",2,2
"FBXO8",2,2
"FBXW11",2,2
"FCER2",2,2
"FCF1",2,2
"FCGR2C",2,2
"FCHSD2",2,2
"FCN2",2,2
"FCN3",2,2
"FCRLB",2,2
"FDCSP",2,2
"FEN1",2,3
"FEV",2,2
"FGF11",2,2
"FGF2",2,2
"FGF3",2,2
"FGFR1OP2",2,2
"FGFR3",2,2
"FGL1",2,2
"FGR",2,2
"FHIT",2,2
"FHL2",2,2
"FHL3",2,2
"FIBCD1",2,2
"FIBIN",2,2
"FICD",2,2
"FKBP2",2,3
"FKBP6",2,2
"FKBPL",2,2
"FLCN",2,2
"FLVCR2",2,2
"FNBP1",2,2
"FOLH1B",2,2
"FOLR1",2,2
"FOLR3",2,2
"FOXD4L1",2,2
"FOXD4L4",2,2
"FOXD4L5",2,2
"FOXD4L6",2,2
"FOXE3",2,2
"FOXL2NB",2,2
"FOXN2",2,2
"FOXR2",2,2
"FPR2",2,2
"FRA10AC1",2,2
"FRG2B",2,2
"FRMD8",2,2
"FRS2",2,2
"FRZB",2,2
"FSCN3",2,2
"FSTL1",2,2
"FTHL17",2,3
"FTL",2,2
"FTMT",2,2
"FUT4",2,2
"FUT6",2,2
"FUT9",2,2
"FUZ",2,2
"FYTTD1",2,4
"FZD8",2,2
"FZR1",2,2
"G0S2",2,2
"G6PC",2,3
"GAB2",2,2
"GABARAP",2,2
"GABRP",2,2
"GABRR1",2,2
"GAL",2,2
"GAL3ST1",2,2
"GAL3ST3",2,2
"GALC",2,2
"GALE",2,2
"GALNT15",2,2
"GALNT16",2,2
"GALNT9",2,2
"GAPDHS",2,2
"GAPT",2,2
"GAS2L1",2,2
"GBA",2,2
"GBGT1",2,2
"GC",2,2
"GCAT",2,2
"GCC1",2,2
"GCDH",2,2
"GCH1",2,2
"GCLM",2,2
"GCM1",2,3
"GCNT3",2,2
"GDE1",2,2
"GDF15",2,2
"GDF2",2,2
"GDF5",2,2
"GDF6",2,2
"GDI2",2,3
"GDPD2",2,2
"GEMIN2",2,2
"GEN1",2,2
"GFRA1",2,2
"GGCX",2,2
"GGN",2,2
"GHRL",2,2
"GID8",2,2
"GINS2",2,2
"GJB1",2,2
"GJB2",2,2
"GJB5",2,2
"GJB6",2,2
"GJB7",2,2
"GJC1",2,2
"GJC2",2,2
"GLIS1",2,2
"GLMN",2,2
"GLOD4",2,3
"GLRA1",2,2
"GLRB",2,2
"GLRX",2,2
"GLRX2",2,2
"GLRX3",2,2
"GLUD1",2,2
"GLYATL1",2,2
"GMEB2",2,2
"GMFG",2,2
"GMNN",2,2
"GMPPB",2,2
"GNA15",2,2
"GNAQ",2,2
"GNAT3",2,2
"GNAZ",2,2
"GNB1L",2,3
"GNG2",2,2
"GNGT2",2,2
"GNL1",2,2
"GNLY",2,2
"GNMT",2,2
"GNPDA1",2,2
"GNPNAT1",2,2
"GNRH1",2,2
"GOLGA6B",2,2
"GOLM1",2,2
"GOLPH3L",2,2
"GOLT1A",2,2
"GORASP2",2,2
"GOSR1",2,2
"GPAT3",2,2
"GPBP1L1",2,2
"GPC4",2,2
"GPR119",2,2
"GPR132",2,2
"GPR148",2,2
"GPR182",2,2
"GPR183",2,3
"GPR19",2,2
"GPR26",2,2
"GPR32",2,2
"GPR37L1",2,2
"GPR4",2,2
"GPR63",2,2
"GPR82",2,2
"GPR85",2,2
"GPR87",2,2
"GPRC5B",2,4
"GPRIN1",2,2
"GPX5",2,2
"GPX6",2,2
"GPX7",2,2
"GRB2",2,2
"GRHPR",2,2
"GRK6",2,2
"GRP",2,2
"GRWD1",2,2
"GSG1L",2,2
"GSKIP",2,2
"GSTA1",2,2
"GSTK1",2,2
"GSTO1",2,2
"GSTP1",2,2
"GSX1",2,2
"GSX2",2,2
"GTF2E2",2,2
"GTF2F2",2,2
"GTF2H1",2,3
"GTF3C6",2,2
"GTPBP2",2,2
"GTPBP6",2,2
"GTSF1L",2,3
"GUCA1A",2,2
"GUCA2B",2,2
"GUCD1",2,2
"GUK1",2,2
"GULP1",2,2
"GYPB",2,2
"GYPE",2,2
"GZMK",2,2
"GZMM",2,2
"H2AP",2,2
"H2BC1",2,2
"H2BC11",2,2
"H2BC14",2,2
"H2BC17",2,2
"H2BC5",2,2
"H2BC7",2,2
"H4C12",2,2
"H4C2",2,2
"H4C3",2,2
"H4C6",2,2
"H4C8",2,2
"H6PD",2,3
"HACD2",2,2
"HACD4",2,2
"HAGH",2,2
"HAPLN1",2,2
"HARS1",2,3
"HARS2",2,2
"HAS1",2,2
"HAS3",2,2
"HAX1",2,3
"HBA2",2,2
"HBEGF",2,2
"HCN2",2,2
"HDAC7",2,3
"HDGFL3",2,2
"HDHD2",2,2
"HEMGN",2,2
"HEXB",2,2
"HEY2",2,2
"HFE",2,2
"HGH1",2,2
"HHEX",2,2
"HIC2",2,2
"HIF1AN",2,2
"HLA-B",2,2
"HLA-C",2,2
"HLA-DMB",2,2
"HLA-DQA2",2,2
"HLCS",2,2
"HMBOX1",2,2
"HMBS",2,2
"HMCES",2,3
"HMCN2",2,2
"HMGA2",2,2
"HMGN1",2,2
"HMHB1",2,2
"HNMT",2,3
"HNRNPC",2,2
"HNRNPCL1",2,2
"HNRNPD",2,2
"HNRNPLL",2,2
"HOATZ",2,2
"HOMER1",2,2
"HOXA10",2,2
"HOXA13",2,2
"HOXA3",2,2
"HOXA4",2,2
"HOXA7",2,2
"HOXA9",2,2
"HOXB6",2,2
"HOXC13",2,2
"HOXC9",2,2
"HOXD10",2,2
"HOXD13",2,2
"HOXD4",2,2
"HPDL",2,2
"HPF1",2,2
"HPGDS",2,2
"HS2ST1",2,2
"HS6ST1",2,2
"HSCB",2,2
"HSD3B1",2,2
"HSD3B7",2,2
"HSF2",2,2
"HSPA12B",2,2
"HSPA1L",2,2
"HTATIP2",2,2
"HTR1F",2,2
"HTR3C",2,2
"HTRA3",2,2
"HTRA4",2,2
"HUS1",2,2
"HYAL3",2,2
"IAPP",2,2
"ICAM4",2,2
"ICMT",2,2
"ID1",2,2
"IDH3G",2,2
"IFI30",2,2
"IFITM2",2,2
"IFNA1",2,2
"IFNA5",2,2
"IFNA6",2,2
"IFNA8",2,2
"IFNB1",2,2
"IFNGR1",2,3
"IFNLR1",2,2
"IFT46",2,2
"IFT74",2,2
"IFTAP",2,2
"IGBP1",2,2
"IGBP1P2",2,3
"IGFBP6",2,2
"IGFL3",2,2
"IGFL4",2,2
"IGFLR1",2,2
"IGHD",2,2
"IGHE",2,2
"IGHG2",2,2
"IGHV1-18",2,2
"IGHV1-3",2,2
"IGHV1OR15-9",2,2
"IGHV3-13",2,2
"IGHV3-16",2,2
"IGHV3-64",2,2
"IGHV3-66",2,2
"IGHV3-7",2,2
"IGHV3-72",2,2
"IGHV4-28",2,2
"IGKV1-12",2,2
"IGKV1-8",2,2
"IGKV1D-43",2,2
"IGKV2-24",2,2
"IGKV3-7",2,2
"IGKV3D-15",2,2
"IGKV5-2",2,2
"IGKV6-21",2,2
"IGLC7",2,2
"IGLL5",2,2
"IGLV1-40",2,2
"IGLV3-19",2,2
"IGLV4-60",2,2
"IGLV5-45",2,2
"IGLV8OR8-1",2,3
"IGSF21",2,2
"IGSF5",2,2
"IHO1",2,2
"IL11",2,2
"IL17F",2,2
"IL18",2,2
"IL18BP",2,2
"IL19",2,2
"IL21R",2,3
"IL22",2,2
"IL24",2,2
"IL27",2,2
"IL2RG",2,2
"IL4I1",2,2
"IL6",2,2
"IMMP2L",2,2
"IMP4",2,2
"INCA1",2,2
"INHBE",2,2
"INO80B",2,2
"INSL5",2,2
"IP6K1",2,2
"IPCEF1",2,2
"IPO11",2,2
"IQCC",2,2
"IQCF2",2,2
"IQCJ-SCHIP1",2,2
"IRF1",2,2
"IRF2BP1",2,2
"IRF2BP2",2,2
"IRF2BPL",2,2
"IRF4",2,2
"IRX1",2,2
"IRX3",2,2
"ISG20L2",2,2
"ISL2",2,2
"ISM1",2,2
"ISYNA1",2,2
"ITPRIPL2",2,2
"IZUMO1",2,2
"IZUMO1R",2,2
"JAG2",2,2
"JAGN1",2,2
"JAM2",2,2
"JAM3",2,2
"JOSD1",2,2
"JPH3",2,2
"JPH4",2,2
"JPT1",2,2
"JRK",2,2
"JRKL",2,2
"JTB",2,2
"JUNB",2,2
"KANSL2",2,2
"KATNAL2",2,2
"KCNA3",2,2
"KCNE2",2,2
"KCNIP1",2,2
"KCNJ4",2,2
"KCNJ5",2,2
"KCNK1",2,3
"KCNK15",2,2
"KCNMB1",2,2
"KCTD1",2,2
"KCTD12",2,2
"KCTD16",2,2
"KCTD5",2,2
"KCTD6",2,2
"KDELR1",2,2
"KDELR3",2,2
"KDM8",2,3
"KEAP1",2,2
"KHDC3L",2,2
"KHK",2,2
"KIAA0930",2,2
"KIF12",2,3
"KIF18B",2,2
"KIF9",2,2
"KIFC2",2,2
"KIN",2,2
"KIR2DS4",2,2
"KLF14",2,2
"KLHDC1",2,2
"KLHDC10",2,2
"KLHDC7B",2,2
"KLHL26",2,2
"KLHL28",2,2
"KLHL30",2,2
"KLHL34",2,2
"KLHL36",2,2
"KLK7",2,2
"KLRB1",2,2
"KLRC2",2,2
"KLRC3",2,2
"KLRD1",2,2
"KNOP1P1",2,2
"KNSTRN",2,2
"KPNA1",2,2
"KPTN",2,3
"KRBOX4",2,2
"KRCC1",2,2
"KREMEN1",2,2
"KRR1",2,2
"KRT12",2,2
"KRT13",2,2
"KRT17",2,2
"KRT18P23",2,2
"KRT20",2,2
"KRT26",2,2
"KRT33A",2,2
"KRT37",2,2
"KRT40",2,2
"KRT6A",2,2
"KRT72",2,2
"KRT81",2,2
"KRTAP1-5",2,2
"KRTAP10-1",2,2
"KRTAP10-12",2,2
"KRTAP10-2",2,2
"KRTAP10-8",2,2
"KRTAP12-3",2,2
"KRTAP15-1",2,2
"KRTAP19-1",2,2
"KRTAP19-6",2,2
"KRTAP20-2",2,2
"KRTAP21-1",2,2
"KRTAP3-2",2,2
"KRTAP4-2",2,2
"KRTAP4-3",2,2
"KRTAP4-4",2,2
"KRTAP5-10",2,2
"KRTAP5-7",2,2
"KRTAP9-2",2,2
"LALBA",2,2
"LAMP5",2,2
"LAX1",2,2
"LBP",2,2
"LBX2",2,2
"LCAT",2,2
"LCE1E",2,2
"LCE2B",2,2
"LCE2C",2,2
"LCE3D",2,3
"LCE5A",2,2
"LCN10",2,2
"LCORL",2,2
"LDHA",2,2
"LDLRAD3",2,2
"LDLRAD4",2,2
"LEMD3",2,2
"LENG8",2,2
"LETM2",2,2
"LETMD1",2,2
"LGALS2",2,2
"LGALS3BP",2,2
"LGALS8",2,2
"LGALS9B",2,2
"LGI3",2,2
"LHFPL5",2,2
"LHX1",2,2
"LILRB4",2,2
"LIN37",2,2
"LIN7A",2,2
"LINC00174",2,2
"LINC00303",2,2
"LINC01565",2,2
"LINC02843",2,2
"LIPC",2,2
"LIPI",2,2
"LIPJ",2,2
"LLGL1",2,2
"LMAN2L",2,2
"LMNB1",2,2
"LMO4",2,2
"LMOD2",2,2
"LNP1",2,4
"LONP1",2,2
"LOX",2,2
"LPAR1",2,2
"LPAR3",2,2
"LPAR4",2,2
"LPAR5",2,2
"LRATD1",2,2
"LRATD2",2,2
"LRCH4",2,2
"LRP10",2,2
"LRP11",2,2
"LRP2BP",2,2
"LRRC19",2,2
"LRRC24",2,2
"LRRC29",2,2
"LRRC37A2",2,3
"LRRC39",2,2
"LRRC46",2,2
"LRRC52",2,2
"LRRC55",2,2
"LRRC61",2,2
"LSM1",2,2
"LSM4",2,2
"LSM5",2,2
"LSMEM1",2,3
"LSMEM2",2,3
"LSP1",2,2
"LSS",2,2
"LTBP3",2,2
"LTV1",2,2
"LURAP1L",2,2
"LXN",2,2
"LY75-CD302",2,2
"LY86",2,2
"LY96",2,2
"LYAR",2,2
"LYPD5",2,2
"LYPLAL1",2,2
"LYRM4",2,2
"LYRM7",2,2
"LYSMD2",2,2
"LYZL6",2,2
"LZTFL1",2,2
"MAGEA6",2,2
"MAGEB2",2,2
"MAGT1",2,2
"MAK16",2,4
"MALSU1",2,2
"MAN1C1",2,2
"MANEA",2,2
"MAP1LC3B2",2,2
"MAP1LC3C",2,2
"MAP2K7",2,2
"MAP3K7CL",2,2
"MAP3K8",2,2
"MAP4K2",2,2
"MAPK13",2,2
"MAPK14",2,2
"MAPK7",2,2
"MAPK8",2,2
"MAPK8IP1",2,2
"MAPK8IP2",2,2
"MAPK9",2,2
"MAPKAPK3",2,2
"MAPRE1",2,2
"MARCHF4",2,2
"MARCHF8",2,2
"MARCKSL1",2,2
"MAT1A",2,2
"MAT2B",2,2
"MATN1",2,2
"MATR3",2,2
"MAU2",2,2
"MBIP",2,2
"MBNL2",2,2
"MCAT",2,2
"MCCC2",2,2
"MCL1",2,2
"MDH1",2,2
"MDH2",2,2
"MEAF6",2,2
"MED19",2,2
"MED20",2,2
"MED22",2,2
"MED26",2,2
"MED6",2,2
"MED7",2,2
"MED8",2,2
"MEDAG",2,2
"MEP1B",2,2
"METTL1",2,2
"METTL14",2,2
"METTL24",2,2
"METTL26",2,2
"METTL3",2,2
"METTL7A",2,2
"METTL7B",2,2
"MFSD1",2,2
"MFSD14A",2,2
"MFSD2B",2,2
"MFSD4B",2,2
"MGAT2",2,2
"MICOS13",2,2
"MICU2",2,2
"MIEF1",2,2
"MIEF2",2,2
"MIGA2",2,3
"MINDY2",2,2
"MIR1185-1",2,2
"MIR376B",2,2
"MIR409",2,2
"MIR410",2,2
"MIR518A1",2,2
"MIR518D",2,2
"MIR519E",2,3
"MIR522",2,2
"MIR524",2,2
"MIR622",2,2
"MIS12",2,2
"MIS18A",2,2
"MKLN1",2,3
"MKRN1",2,2
"MLANA",2,2
"MLLT1",2,2
"MLLT6",2,2
"MLX",2,2
"MLXIPL",2,2
"MMP12",2,2
"MMP17",2,2
"MNAT1",2,2
"MNX1",2,2
"MOB1A",2,2
"MOCS1",2,2
"MOK",2,2
"MORF4",2,3
"MORN4",2,2
"MPC1",2,2
"MPC2",2,2
"MPHOSPH6",2,2
"MPP2",2,2
"MPV17",2,2
"MPZL1",2,2
"MRAP2",2,2
"MRGPRF",2,2
"MRGPRX2",2,2
"MROH6",2,2
"MRPL13",2,2
"MRPL24",2,2
"MRPL28",2,2
"MRPL32",2,2
"MRPL35",2,3
"MRPL55",2,2
"MRPS14",2,2
"MRPS26",2,2
"MRPS30",2,2
"MRPS31",2,2
"MS4A1",2,2
"MS4A6A",2,2
"MS4A7",2,2
"MSANTD2",2,2
"MSANTD4",2,2
"MSGN1",2,2
"MSL1",2,2
"MSLNL",2,2
"MSR1",2,2
"MT1M",2,2
"MTAP",2,2
"MTERF1",2,2
"MTERF4",2,2
"MTG1",2,2
"MTHFS",2,2
"MTNR1B",2,2
"MTRF1",2,3
"MTRF1L",2,2
"MTRNR2L6",2,2
"MTUS1",2,2
"MTX2",2,2
"MUC13",2,4
"MUC5AC",2,2
"MUS81",2,2
"MVB12B",2,2
"MVK",2,2
"MXD3",2,2
"MXD4",2,2
"MYADM",2,2
"MYBBP1A",2,3
"MYBPHL",2,2
"MYC",2,2
"MYDGF",2,2
"MYEOV",2,2
"MYL12A",2,4
"MYL12B",2,2
"MYL3",2,2
"MYL5",2,2
"MYL6",2,2
"MYLIP",2,2
"MYLK3",2,2
"MYLPF",2,2
"MYOZ2",2,2
"MYZAP",2,2
"MZF1",2,2
"NAA30",2,2
"NAA60",2,2
"NAB1",2,2
"NABP2",2,2
"NACC1",2,2
"NAGA",2,2
"NAGPA",2,2
"NAGS",2,2
"NAIP",2,2
"NANOS2",2,2
"NAPEPLD",2,2
"NAPG",2,2
"NAT1",2,2
"NAT8",2,2
"NAXE",2,2
"NBR2",2,2
"NCAPG",2,3
"NCBP3",2,2
"NCF1",2,2
"NCF4",2,2
"NCOA4",2,2
"NDOR1",2,2
"NDP",2,2
"NDRG3",2,3
"NDST2",2,2
"NDUFA13",2,2
"NDUFA4L2",2,2
"NDUFA6",2,2
"NDUFA7",2,2
"NDUFB6",2,2
"NDUFS5",2,2
"NDUFS8",2,2
"NDUFV2",2,2
"NECAP2",2,2
"NECTIN1",2,2
"NEDD1",2,2
"NEK2",2,2
"NEU2",2,2
"NEU3",2,2
"NEUROD2",2,2
"NEUROD4",2,2
"NEUROG3",2,2
"NFIC",2,2
"NFKBID",2,2
"NFKBIE",2,2
"NFXL1",2,2
"NFYB",2,2
"NGRN",2,2
"NHP2",2,2
"NIP7",2,2
"NIPAL3",2,2
"NIT2",2,2
"NKAIN3",2,2
"NKD2",2,2
"NKIRAS1",2,2
"NKX2-2",2,2
"NKX2-5",2,2
"NKX3-1",2,2
"NKX3-2",2,2
"NLE1",2,2
"NLRP6",2,2
"NME1-NME2",2,2
"NME5",2,2
"NME6",2,2
"NMRAL1",2,2
"NMRK2",2,2
"NMU",2,2
"NOC2L",2,3
"NOC4L",2,2
"NOCT",2,2
"NOL7",2,2
"NOL9",2,2
"NOLC1",2,2
"NOM1",2,2
"NOP16",2,2
"NOSIP",2,2
"NOVA2",2,2
"NOXO1",2,2
"NPL",2,2
"NPM3",2,2
"NPRL3",2,2
"NPTX1",2,2
"NPY2R",2,3
"NR1H3",2,2
"NR1I3",2,2
"NRARP",2,2
"NRAS",2,2
"NRBP2",2,2
"NRG2",2,2
"NRL",2,2
"NRSN1",2,2
"NSF",2,2
"NSG1",2,2
"NSG2",2,2
"NSMCE2",2,2
"NSMCE4A",2,2
"NSRP1",2,3
"NT5C1B-RDH14",2,2
"NT5C3B",2,2
"NTF3",2,2
"NTF4",2,2
"NTHL1",2,2
"NTPCR",2,2
"NUCB1",2,3
"NUDCD3",2,2
"NUDT10",2,2
"NUDT16",2,2
"NUDT22",2,2
"NUDT5",2,2
"NUDT7",2,2
"NUDT9",2,2
"NUP35",2,2
"NUP50",2,2
"NUP85",2,3
"NUTF2",2,2
"NXNL1",2,2
"NXPE1",2,2
"NXPE3",2,2
"NXPE4",2,2
"NXPH2",2,2
"NXT2",2,2
"OAZ3",2,2
"OBP2A",2,2
"OBP2B",2,2
"OCIAD2",2,2
"ODF1",2,2
"ODF3L2",2,2
"OGFOD3",2,2
"OIT3",2,2
"OLAH",2,2
"OMD",2,2
"OMG",2,2
"OOEP",2,2
"OPN1SW",2,2
"OR10A4",2,2
"OR10G3",2,3
"OR10G7",2,2
"OR10H3",2,2
"OR10P1",2,2
"OR11H4",2,2
"OR12D2",2,2
"OR13C3",2,2
"OR13C5",2,2
"OR13D1",2,3
"OR13F1",2,2
"OR13H1",2,2
"OR1B1",2,2
"OR1E2",2,2
"OR1G1",2,2
"OR1I1",2,2
"OR1L3",2,2
"OR1L6",2,2
"OR1L8",2,2
"OR2B6",2,2
"OR2C1",2,2
"OR2D2",2,2
"OR2F2",2,2
"OR2M3",2,2
"OR2S2",2,2
"OR2T35",2,2
"OR2T4",2,2
"OR2T5",2,2
"OR2T8",2,2
"OR4A47",2,2
"OR4C6",2,2
"OR4K17",2,2
"OR4N5",2,2
"OR4P4",2,2
"OR51F1",2,2
"OR51G1",2,2
"OR52A1",2,2
"OR52B4",2,2
"OR52B6",2,2
"OR52I1",2,2
"OR52N1",2,2
"OR52N4",2,2
"OR52N5",2,2
"OR52R1",2,3
"OR56B1",2,2
"OR5AP2",2,2
"OR5AR1",2,2
"OR6B2",2,2
"OR6F1",2,2
"OR6N2",2,2
"OR6V1",2,2
"OR8A1",2,2
"OR8D2",2,2
"OR8H3",2,2
"OR8J3",2,2
"OR9A2",2,2
"OR9A4",2,2
"OR9K2",2,2
"ORC4",2,2
"ORMDL1",2,2
"OSBPL2",2,2
"OSGIN1",2,2
"OSR2",2,2
"OTOL1",2,2
"OTOP1",2,2
"OTOS",2,2
"OTUB2",2,2
"OTUD3",2,3
"OTULIN",2,2
"OVOL1",2,2
"OXER1",2,2
"P2RY2",2,2
"P3H4",2,2
"PABPC1",2,2
"PABPN1L",2,2
"PAGE2B",2,2
"PANK2",2,2
"PAPSS1",2,2
"PARD6B",2,2
"PARD6G",2,2
"PARS2",2,2
"PARVA",2,2
"PATL1",2,2
"PATZ1",2,2
"PAX2",2,2
"PAX9",2,2
"PAXX",2,2
"PBX2",2,2
"PCDH8",2,2
"PCGF1",2,4
"PCGF5",2,2
"PCMT1",2,2
"PCNA",2,2
"PCYOX1L",2,2
"PCYT2",2,2
"PDAP1",2,2
"PDCD6",2,2
"PDCD7",2,2
"PDCL",2,2
"PDGFB",2,2
"PDGFC",2,2
"PDGFD",2,2
"PDK1",2,2
"PDK2",2,2
"PDLIM4",2,2
"PDSS1",2,2
"PDX1",2,2
"PDZK1",2,2
"PEA15",2,2
"PEDS1-UBE2V1",2,4
"PERP",2,2
"PEX11G",2,2
"PEX26",2,2
"PEX3",2,2
"PF4V1",2,2
"PFDN4",2,2
"PFDN6",2,2
"PFKFB4",2,2
"PFKL",2,2
"PGAM1",2,2
"PGAM2",2,2
"PGAP3",2,2
"PGF",2,2
"PGM3",2,2
"PGP",2,2
"PHB",2,2
"PHC1",2,2
"PHF11",2,2
"PHF13",2,2
"PHF23",2,2
"PHF6",2,2
"PHF7",2,2
"PHLDA3",2,2
"PIANP",2,2
"PIAS1",2,3
"PIAS3",2,2
"PIDD1",2,2
"PIGS",2,2
"PIGU",2,2
"PIK3R2",2,2
"PILRB",2,2
"PIM3",2,2
"PIN4",2,2
"PIP",2,3
"PIP4K2A",2,2
"PIP4P2",2,2
"PIPOX",2,2
"PIR",2,2
"PITPNB",2,2
"PITX3",2,4
"PLA2G2C",2,2
"PLA2G2D",2,2
"PLAAT4",2,2
"PLAC1",2,2
"PLAGL2",2,2
"PLAUR",2,2
"PLCD3",2,2
"PLEKHM2",2,2
"PLEKHO1",2,2
"PLLP",2,2
"PLN",2,2
"PLP1",2,2
"PLPP2",2,2
"PLPP7",2,2
"PLSCR3",2,2
"PLSCR4",2,2
"PLTP",2,4
"PMF1",2,2
"PMP2",2,2
"PMPCB",2,2
"PMVK",2,2
"PNO1",2,2
"PNPLA1",2,3
"PNPLA5",2,2
"PNRC2",2,2
"POLI",2,2
"POLR1D",2,2
"POLR1F",2,2
"POLR2C",2,3
"POLR3F",2,2
"POLR3G",2,2
"POLR3K",2,2
"POMC",2,2
"POMT1",2,2
"POMZP3",2,2
"POTEE",2,2
"POU1F1",2,2
"POU2F3",2,2
"POU3F2",2,2
"POU3F3",2,2
"POU4F3",2,2
"POU6F1",2,2
"PPA2",2,2
"PPBP",2,2
"PPIAL4A",2,2
"PPIE",2,2
"PPM1K",2,2
"PPM1M",2,2
"PPP1CA",2,2
"PPP1CB",2,2
"PPP1R13L",2,2
"PPP1R14A",2,2
"PPP1R14B",2,2
"PPP1R16B",2,2
"PPP1R1B",2,2
"PPP1R26",2,2
"PPP1R35",2,2
"PPP1R42",2,2
"PPP1R8",2,2
"PPP1R9B",2,2
"PPP2R5A",2,2
"PPP2R5E",2,2
"PPP6R2",2,2
"PPY",2,2
"PRAMEF6",2,2
"PRCD",2,2
"PRDM7",2,2
"PRDX1",2,2
"PRDX4",2,2
"PRELID1",2,2
"PRG2",2,2
"PRH1",2,2
"PRH2",2,2
"PRIM1",2,2
"PRKACB",2,3
"PRKAR1B",2,2
"PRKCZ",2,2
"PRKRA",2,2
"PRLHR",2,2
"PRMT1",2,2
"PROC",2,2
"PROP1",2,2
"PROSER3",2,2
"PROZ",2,2
"PRPS1L1",2,2
"PRR19",2,2
"PRSS16",2,2
"PRSS23",2,2
"PRSS27",2,3
"PRSS38",2,3
"PRSS57",2,2
"PRTFDC1",2,2
"PSENEN",2,2
"PSMA1",2,2
"PSMA2",2,2
"PSMA6",2,2
"PSMB8",2,2
"PSMC2",2,2
"PSMD13",2,2
"PSMD14",2,2
"PSMD7",2,2
"PSME1",2,2
"PSME3",2,2
"PSME3IP1",2,2
"PSMG2",2,2
"PSTPIP1",2,2
"PTAFR",2,2
"PTER",2,2
"PTGES2",2,2
"PTGFR",2,2
"PTGR1",2,2
"PTGR2",2,2
"PTH1R",2,2
"PTH2",2,2
"PTHLH",2,2
"PTK6",2,2
"PTOV1",2,2
"PTP4A2",2,2
"PTPN1",2,2
"PTPN20",2,2
"PTTG2",2,2
"PTX3",2,2
"PUDP",2,2
"PVR",2,2
"PVRIG",2,2
"PXMP2",2,2
"PYCR2",2,2
"PYCR3",2,2
"PYGO2",2,2
"QDPR",2,2
"QKI",2,2
"QRFPR",2,2
"R3HCC1L",2,2
"R3HDM4",2,2
"RAB10",2,2
"RAB11FIP3",2,2
"RAB12",2,2
"RAB17",2,2
"RAB19",2,2
"RAB1A",2,2
"RAB1B",2,2
"RAB22A",2,3
"RAB24",2,2
"RAB33A",2,2
"RAB36",2,3
"RAB38",2,2
"RAB40C",2,2
"RAB43",2,2
"RAB4A",2,2
"RAB5C",2,2
"RAB5IF",2,2
"RAB6D",2,2
"RABGGTB",2,2
"RABL6",2,2
"RAC2",2,2
"RAD23A",2,2
"RAD9A",2,2
"RADIL",2,2
"RAET1G",2,2
"RAG2",2,2
"RANGRF",2,2
"RAP1B",2,2
"RAP2B",2,2
"RAP2C",2,2
"RAPGEFL1",2,2
"RAPSN",2,2
"RASD1",2,2
"RASD2",2,2
"RASGEF1B",2,2
"RASIP1",2,2
"RASL10B",2,2
"RASSF7",2,4
"RAX2",2,2
"RBBP8NL",2,2
"RBFOX2",2,2
"RBM23",2,2
"RBM34",2,2
"RBM45",2,2
"RBM48",2,2
"RBM4B",2,2
"RBMS2",2,2
"RCAN1",2,2
"RCAN2",2,2
"RCAN3",2,2
"RCHY1",2,2
"RCOR1",2,2
"RCOR3",2,2
"RCSD1",2,2
"RDH12",2,2
"RDH8",2,2
"REEP1",2,2
"REEP2",2,2
"REEP4",2,2
"RELA",2,2
"RELL1",2,2
"REM2",2,2
"RFLNB",2,2
"RFPL3",2,2
"RFTN1",2,2
"RGL4",2,2
"RGN",2,2
"RGR",2,2
"RGS10",2,2
"RGS21",2,2
"RHAG",2,2
"RHBDL3",2,2
"RHD",2,2
"RHEBL1",2,2
"RHOH",2,2
"RHOXF1",2,2
"RHOXF2",2,2
"RHPN1",2,2
"RIC8B",2,2
"RIMKLA",2,2
"RING1",2,2
"RIPK4",2,2
"RLIM",2,3
"RLN1",2,2
"RMC1",2,2
"RMND5A",2,2
"RMND5B",2,2
"RNASE11",2,3
"RNASE3",2,2
"RNASE9",2,2
"RNASEH2B",2,2
"RNASET2",2,2
"RND2",2,2
"RNF112",2,2
"RNF144B",2,2
"RNF149",2,2
"RNF170",2,2
"RNF175",2,2
"RNF183",2,2
"RNF185",2,2
"RNF216",2,2
"RNF26",2,2
"RNFT2",2,2
"RNH1",2,2
"RNPEPL1",2,2
"ROM1",2,2
"RORA",2,2
"RP9",2,2
"RPA1",2,2
"RPA2",2,3
"RPA3",2,2
"RPL10A",2,2
"RPL15",2,2
"RPL18",2,2
"RPL18A",2,2
"RPL27",2,2
"RPL31P57",2,2
"RPL36",2,2
"RPL37A",2,2
"RPL41",2,2
"RPL8",2,2
"RPL9",2,2
"RPRD1A",2,2
"RPS12",2,2
"RPS15A",2,2
"RPS18",2,2
"RPS20",2,2
"RPS3",2,2
"RPS6KA4",2,2
"RPS8",2,2
"RPS9",2,2
"RPUSD2",2,2
"RRAGC",2,2
"RRP15",2,2
"RRP1B",2,2
"RRS1",2,2
"RSBN1L",2,2
"RSC1A1",2,2
"RSPRY1",2,2
"RSRP1",2,2
"RTBDN",2,2
"RTKN2",2,2
"RTL10",2,2
"RTL8B",2,2
"RTN4R",2,2
"RTP2",2,2
"RTP3",2,2
"RTP4",2,2
"RWDD3",2,3
"RWDD4",2,2
"RXYLT1",2,2
"S100A10",2,2
"S100B",2,2
"S100P",2,2
"S100PBP",2,2
"S1PR4",2,2
"S1PR5",2,2
"SACM1L",2,2
"SALL3",2,2
"SAMD1",2,2
"SAMD10",2,2
"SAMD12",2,3
"SAMD4B",2,3
"SAMD8",2,2
"SARAF",2,2
"SAT2",2,2
"SAXO2",2,2
"SBDS",2,2
"SCAMP1",2,2
"SCCPDH",2,3
"SCG2",2,2
"SCGB2A2",2,2
"SCLY",2,2
"SCN1B",2,2
"SCN4B",2,2
"SCNN1D",2,2
"SDC1",2,2
"SDC3",2,2
"SDC4",2,2
"SDCBP",2,2
"SDHAF2",2,2
"SDHAF3",2,2
"SDR39U1",2,2
"SDR42E1",2,2
"SDSL",2,2
"SEC14L1",2,2
"SEC22C",2,2
"SECTM1",2,2
"SEH1L",2,2
"SELE",2,2
"SELENOO",2,2
"SELENOT",2,2
"SEMA3B",2,2
"SEMA6B",2,2
"SENP5",2,2
"SEPHS2",2,2
"SERBP1",2,2
"SERPINB1",2,2
"SERPINB2",2,2
"SERPINB8",2,2
"SERPINE3",2,2
"SERPING1",2,2
"SERTAD4",2,2
"SESN2",2,2
"SESTD1",2,2
"SETDB2",2,2
"SF3A2",2,2
"SF3B6",2,2
"SFN",2,3
"SFRP1",2,2
"SFRP5",2,2
"SH2B2",2,2
"SH2B3",2,2
"SH2D4A",2,2
"SH2D4B",2,2
"SH2D5",2,2
"SH3BP5L",2,2
"SH3GL3",2,2
"SH3RF2",2,2
"SHC3",2,2
"SHCBP1",2,2
"SHFL",2,2
"SHISA3",2,2
"SHISA5",2,2
"SHMT1",2,2
"SHOX",2,2
"SHPK",2,2
"SIAH1",2,4
"SIAH3",2,2
"SIGLEC15",2,2
"SIK2",2,2
"SIM2",2,2
"SIRPB2",2,2
"SIRT1",2,2
"SIRT3",2,2
"SIRT5",2,2
"SIRT6",2,2
"SIRT7",2,2
"SIT1",2,2
"SKA1",2,2
"SKA2",2,2
"SKAP2",2,2
"SLAIN1",2,2
"SLC11A2",2,2
"SLC14A1",2,2
"SLC17A1",2,2
"SLC17A9",2,2
"SLC19A2",2,2
"SLC1A1",2,2
"SLC22A17",2,2
"SLC22A20P",2,2
"SLC22A23",2,2
"SLC22A5",2,3
"SLC23A1",2,2
"SLC23A3",2,3
"SLC24A2",2,2
"SLC25A11",2,2
"SLC25A16",2,2
"SLC25A21",2,2
"SLC25A23",2,2
"SLC25A34",2,2
"SLC25A38",2,2
"SLC25A39",2,2
"SLC25A44",2,2
"SLC25A46",2,2
"SLC25A52",2,2
"SLC27A2",2,2
"SLC29A1",2,2
"SLC29A2",2,2
"SLC2A6",2,2
"SLC31A1",2,2
"SLC33A1",2,2
"SLC35A4",2,2
"SLC35A5",2,2
"SLC35B1",2,2
"SLC35C2",2,2
"SLC35E1",2,2
"SLC35F2",2,2
"SLC35G1",2,2
"SLC36A3",2,2
"SLC36A4",2,2
"SLC39A2",2,2
"SLC43A3",2,2
"SLC44A4",2,2
"SLC47A1",2,2
"SLC49A4",2,2
"SLC52A3",2,2
"SLC7A1",2,2
"SLC7A10",2,2
"SLC7A6",2,2
"SLC9B2",2,2
"SLX4IP",2,2
"SMARCD2",2,2
"SMCP",2,2
"SMG9",2,2
"SMIM19",2,2
"SMOX",2,2
"SMR3B",2,2
"SMURF1",2,3
"SNAP23",2,2
"SNAPIN",2,2
"SNIP1",2,2
"SNN",2,2
"SNORD116-22",2,2
"SNPH",2,2
"SNRNP70",2,2
"SNRPA",2,2
"SNRPB",2,2
"SNRPG",2,2
"SNTN",2,2
"SNX18",2,3
"SNX24",2,2
"SNX5",2,2
"SNX8",2,2
"SNX9",2,2
"SOCS5",2,2
"SOD1",2,2
"SOD2",2,2
"SOHLH1",2,2
"SOX15",2,2
"SP140L",2,2
"SP8",2,2
"SPAG4",2,3
"SPANXB1",2,2
"SPANXN1",2,2
"SPANXN5",2,2
"SPATA32",2,2
"SPATA46",2,2
"SPATA7",2,2
"SPATA9",2,3
"SPATS2L",2,2
"SPDYC",2,2
"SPDYE1",2,2
"SPDYE3",2,3
"SPESP1",2,2
"SPG21",2,2
"SPHK1",2,3
"SPIN2B",2,2
"SPIN3",2,2
"SPINK2",2,2
"SPIRE1",2,2
"SPN",2,2
"SPNS2",2,2
"SPO11",2,2
"SPOCK2",2,2
"SPON2",2,2
"SPPL2B",2,2
"SPR",2,2
"SPRR1A",2,2
"SPSB1",2,2
"SPSB3",2,2
"SPX",2,2
"SRA1",2,2
"SRF",2,2
"SRFBP1",2,2
"SRM",2,2
"SRP54",2,2
"SRRD",2,2
"SRSF1",2,2
"SRSF5",2,2
"SRSF8",2,2
"SSBP3",2,2
"SSBP4",2,2
"SSMEM1",2,2
"SSU72P8",2,2
"SSX7",2,2
"SSX9P",2,2
"ST3GAL4",2,2
"ST6GALNAC5",2,2
"ST8SIA1",2,2
"ST8SIA5",2,2
"STAC3",2,2
"STAG3L2",2,2
"STAG3L4",2,2
"STAR",2,2
"STARD5",2,2
"STARD6",2,2
"STATH",2,2
"STEAP4",2,2
"STIMATE-MUSTN1",2,2
"STK11",2,2
"STK19",2,2
"STK24",2,2
"STK32B",2,2
"STK39",2,3
"STOML1",2,3
"STON1-GTF2A1L",2,2
"STPG2",2,2
"STPG4",2,2
"STRA8",2,2
"STT3A",2,2
"STX16",2,2
"STX18",2,2
"STX2",2,3
"STYX",2,2
"STYXL1",2,2
"SUB1",2,2
"SUCLG2",2,2
"SUFU",2,2
"SUGT1",2,2
"SUGT1P4-STRA6LP",2,2
"SULT1A1",2,2
"SULT1B1",2,2
"SULT2A1",2,2
"SULT4A1",2,2
"SULT6B1",2,2
"SUMO1",2,2
"SUN2",2,2
"SUPT3H",2,2
"SURF2",2,2
"SURF4",2,2
"SVBP",2,2
"SWSAP1",2,2
"SYNC",2,2
"SYNDIG1",2,2
"SYNGR2",2,2
"SYNPR",2,2
"SYPL2",2,2
"SYT12",2,2
"SYT13",2,2
"SYT15",2,2
"SYT4",2,3
"SYT7",2,2
"SYT8",2,2
"TACO1",2,2
"TAF13",2,2
"TAGLN",2,2
"TAGLN3",2,2
"TANK",2,2
"TAPBPL",2,2
"TAS2R13",2,2
"TAS2R14",2,2
"TAS2R19",2,2
"TAS2R40",2,2
"TAS2R43",2,2
"TAS2R46",2,2
"TAS2R9",2,2
"TBC1D10A",2,2
"TBC1D14",2,3
"TBC1D20",2,2
"TBC1D3F",2,2
"TBC1D7",2,2
"TBCA",2,2
"TBRG4",2,2
"TBX1",2,2
"TCAIM",2,2
"TCAP",2,2
"TCEAL5",2,2
"TCEAL6",2,3
"TCEANC",2,3
"TCF23",2,2
"TCF7",2,2
"TCIRG1",2,2
"TCL1B",2,2
"TCP11",2,2
"TCTEX1D2",2,2
"TCTN3",2,2
"TDRP",2,2
"TECTB",2,2
"TEKT1",2,2
"TEKT3",2,2
"TERF1",2,2
"TESMIN",2,2
"TESPA1",2,2
"TEX101",2,2
"TEX33",2,2
"TFAP2E",2,2
"TFF2",2,2
"TGDS",2,2
"TGFB1",2,2
"TGIF1",2,2
"TGIF2LX",2,2
"TGOLN2",2,2
"THAP10",2,3
"THAP11",2,2
"THAP2",2,2
"THAP4",2,2
"THBD",2,2
"THEMIS2",2,3
"THOC6",2,2
"THPO",2,2
"THRSP",2,2
"TIGD6",2,2
"TIGD7",2,2
"TIMM17A",2,2
"TLCD1",2,2
"TLCD5",2,2
"TLR6",2,2
"TLX2",2,2
"TM2D3",2,2
"TM4SF19",2,2
"TM4SF20",2,2
"TM7SF2",2,2
"TMA16",2,2
"TMBIM1",2,2
"TMBIM4",2,2
"TMC1",2,2
"TMED10",2,2
"TMED6",2,2
"TMED7",2,2
"TMED9",2,2
"TMEM106A",2,2
"TMEM126A",2,2
"TMEM135",2,2
"TMEM144",2,2
"TMEM147",2,2
"TMEM156",2,2
"TMEM165",2,2
"TMEM167A",2,2
"TMEM168",2,2
"TMEM17",2,2
"TMEM174",2,2
"TMEM176B",2,2
"TMEM177",2,2
"TMEM179",2,2
"TMEM18",2,2
"TMEM182",2,2
"TMEM184A",2,2
"TMEM184B",2,2
"TMEM184C",2,2
"TMEM187",2,2
"TMEM207",2,2
"TMEM218",2,2
"TMEM219",2,3
"TMEM223",2,2
"TMEM241",2,2
"TMEM252",2,2
"TMEM26",2,2
"TMEM266",2,2
"TMEM267",2,3
"TMEM273",2,2
"TMEM30A",2,2
"TMEM31",2,2
"TMEM37",2,2
"TMEM38A",2,2
"TMEM41A",2,2
"TMEM44",2,2
"TMEM50A",2,2
"TMEM50B",2,2
"TMEM64",2,2
"TMEM70",2,2
"TMEM81",2,2
"TMEM89",2,2
"TMEM91",2,2
"TMEM98",2,2
"TMEM99",2,2
"TMIGD3",2,2
"TMOD2",2,2
"TMPRSS13",2,2
"TMPRSS9",2,2
"TMSB15A",2,2
"TMX4",2,2
"TNFRSF14",2,2
"TNFSF10",2,2
"TNFSF12-TNFSF13",2,2
"TNFSF13",2,2
"TNFSF13B",2,2
"TNFSF14",2,2
"TNFSF8",2,2
"TNK1",2,2
"TNNC2",2,2
"TNNI3K",2,2
"TNNT2",2,2
"TOE1",2,2
"TOMM34",2,2
"TOMM40L",2,2
"TOR3A",2,2
"TP73",2,2
"TPD52L2",2,2
"TPM4",2,2
"TPMT",2,2
"TPRG1",2,2
"TPRG1L",2,2
"TPRKB",2,2
"TPRX1",2,2
"TPSG1",2,2
"TPX2",2,2
"TRA2A",2,2
"TRAF2",2,2
"TRAIP",2,2
"TRAPPC1",2,2
"TRAPPC2",2,2
"TRAPPC2L",2,2
"TRAPPC3",2,2
"TRAPPC5",2,2
"TRAV1-1",2,2
"TRAV10",2,2
"TRAV12-1",2,2
"TRAV12-2",2,3
"TRAV12-3",2,2
"TRAV13-1",2,2
"TRAV2",2,2
"TRAV23DV6",2,2
"TRAV3",2,2
"TRAV38-2DV8",2,2
"TRAV39",2,2
"TRAV4",2,2
"TRAV5",2,2
"TRAV6",2,2
"TRAV8-2",2,2
"TRAV8-7",2,2
"TRBV20-1",2,2
"TRBV4-1",2,3
"TRDMT1",2,2
"TRDV1",2,2
"TREH",2,2
"TREML1",2,2
"TREML2",2,2
"TREX2",2,2
"TRGC2",2,2
"TRIB3",2,2
"TRIM10",2,2
"TRIM16",2,2
"TRIM16L",2,2
"TRIM22",2,3
"TRIM39",2,2
"TRIM48",2,2
"TRIM63",2,2
"TRIM68",2,3
"TRIM69",2,2
"TRIM7",2,2
"TRIM71",2,2
"TRIM72",2,2
"TRIM73",2,2
"TRIM74",2,2
"TRIP13",2,2
"TRMT1L",2,2
"TRMT61A",2,2
"TRMU",2,4
"TRPV1",2,3
"TRPV5",2,2
"TSACC",2,2
"TSEN34",2,3
"TSFM",2,3
"TSGA10IP",2,2
"TSHB",2,2
"TSLP",2,2
"TSPAN11",2,2
"TSPAN15",2,2
"TSPAN17",2,2
"TSPAN2",2,2
"TSPAN5",2,2
"TSPAN7",2,2
"TSPAN8",2,2
"TSR2",2,2
"TSSC4",2,3
"TTC19",2,2
"TTC22",2,2
"TTC31",2,2
"TTC9",2,2
"TTI2",2,2
"TTLL9",2,3
"TTYH3",2,2
"TUBA4A",2,2
"TUBA8",2,2
"TUBG1",2,2
"TUBG2",2,2
"TULP1",2,2
"TUSC3",2,2
"TWF2",2,2
"TWIST1",2,2
"TWSG1",2,2
"TXN2",2,2
"TXNDC8",2,2
"TXNDC9",2,2
"TXNRD1",2,2
"TXNRD2",2,2
"UBA52",2,2
"UBE2A",2,2
"UBE2D3",2,2
"UBE2E1",2,2
"UBE2G1",2,2
"UBE2J2",2,2
"UBE2L3",2,2
"UBE2L6",2,3
"UBE2R2",2,2
"UBE2V2",2,2
"UBTD2",2,2
"UBTFL2",2,2
"UBXN4",2,2
"UBXN6",2,2
"UBXN8",2,3
"UCHL3",2,2
"UCP1",2,2
"UFD1",2,2
"UGCG",2,2
"UGT1A8",2,2
"UGT2B11",2,2
"ULBP3",2,2
"UQCRB",2,2
"UQCRFS1",2,2
"URAD",2,2
"USP10",2,2
"USP14",2,2
"UTP11",2,2
"UTP14C",2,2
"UTP23",2,2
"VAMP5",2,2
"VAPA",2,2
"VASH2",2,2
"VAT1L",2,2
"VAX1",2,2
"VBP1",2,2
"VDAC1",2,2
"VDR",2,2
"VEZF1",2,2
"VGF",2,2
"VGLL2",2,2
"VIP",2,2
"VPREB1",2,2
"VPS28",2,2
"VPS37A",2,2
"VPS72",2,2
"VPS9D1",2,2
"VRK1",2,2
"VSTM1",2,2
"VSX1",2,2
"VTI1B",2,2
"VTN",2,2
"VWA2",2,2
"WBP2",2,2
"WDR1",2,2
"WDR25",2,2
"WDR27",2,2
"WDR45B",2,2
"WDR55",2,2
"WDR61",2,2
"WDR74",2,2
"WDR91",2,2
"WDR92",2,2
"WDSUB1",2,2
"WEE2",2,2
"WFDC12",2,2
"WFDC5",2,2
"WFDC8",2,2
"WHAMM",2,2
"WIPF3",2,2
"WNT11",2,2
"WNT3A",2,2
"WNT6",2,2
"WNT8A",2,2
"WRAP73",2,2
"WSCD1",2,2
"WWOX",2,2
"XAF1",2,2
"XAGE2",2,2
"XKR5",2,2
"XKRX",2,2
"XXYLT1",2,2
"XYLB",2,2
"YBEY",2,2
"YBX1",2,3
"YIF1A",2,2
"YJU2",2,2
"YOD1",2,2
"YPEL1",2,2
"YPEL5",2,2
"ZADH2",2,2
"ZAR1",2,3
"ZBED6CL",2,2
"ZBTB12",2,2
"ZBTB48",2,2
"ZC3H10",2,2
"ZCRB1",2,2
"ZDHHC12",2,3
"ZDHHC13",2,2
"ZDHHC16",2,2
"ZDHHC18",2,2
"ZDHHC19",2,2
"ZDHHC2",2,2
"ZER1",2,2
"ZFAND2B",2,2
"ZFAND5",2,2
"ZFP42",2,2
"ZFP57",2,2
"ZFP69B",2,2
"ZFP90",2,2
"ZFPM1",2,2
"ZMYND15",2,2
"ZNF100",2,2
"ZNF138",2,2
"ZNF19",2,2
"ZNF195",2,2
"ZNF219",2,2
"ZNF221",2,2
"ZNF222",2,2
"ZNF24",2,2
"ZNF280D",2,2
"ZNF30",2,2
"ZNF322",2,2
"ZNF326",2,2
"ZNF337",2,2
"ZNF346",2,2
"ZNF354A",2,2
"ZNF362",2,2
"ZNF365",2,3
"ZNF385A",2,2
"ZNF385C",2,2
"ZNF391",2,2
"ZNF397",2,2
"ZNF404",2,2
"ZNF410",2,2
"ZNF416",2,2
"ZNF426",2,2
"ZNF467",2,2
"ZNF474",2,2
"ZNF488",2,2
"ZNF490",2,2
"ZNF491",2,3
"ZNF514",2,3
"ZNF554",2,2
"ZNF557",2,2
"ZNF558",2,2
"ZNF566",2,2
"ZNF571",2,2
"ZNF573",2,2
"ZNF589",2,2
"ZNF596",2,2
"ZNF598",2,2
"ZNF599",2,2
"ZNF620",2,2
"ZNF628",2,2
"ZNF639",2,2
"ZNF641",2,2
"ZNF660",2,2
"ZNF680",2,2
"ZNF683",2,2
"ZNF688",2,2
"ZNF691",2,2
"ZNF699",2,2
"ZNF701",2,2
"ZNF703",2,3
"ZNF705A",2,2
"ZNF764",2,2
"ZNF766",2,2
"ZNF774",2,2
"ZNF783",2,2
"ZNF789",2,2
"ZNF80",2,2
"ZNF816-ZNF321P",2,2
"ZNF830",2,2
"ZNF833P",2,2
"ZNF883",2,2
"ZNHIT1",2,2
"ZNRF2",2,2
"ZSCAN1",2,2
"ZSCAN4",2,2
"ZYX",2,2
"A4GNT",1,1
"AADACL3",1,1
"AAGAB",1,1
"AAMP",1,1
"AANAT",1,1
"AARD",1,1
"AATF",1,1
"ABHD1",1,1
"ABHD10",1,1
"ABHD11",1,1
"ABHD17B",1,1
"ABHD5",1,1
"AC002094.3",1,1
"AC004997.1",1,1
"AC005324.2",1,1
"AC012313.8",1,1
"AC016747.4",1,1
"AC017104.4",1,1
"AC023055.1",1,1
"AC048338.2",1,1
"AC073310.1",1,1
"AC090517.4",1,1
"AC091959.1",1,1
"AC093155.3",1,1
"AC104452.1",1,1
"AC109583.1",1,1
"AC116366.2",1,1
"AC131160.1",1,1
"AC139530.2",1,1
"AC144573.1",1,1
"AC242842.3",1,1
"AC245033.1",1,1
"AC245047.1",1,1
"ACAA1",1,1
"ACADS",1,1
"ACBD6",1,1
"ACER1",1,1
"ACOT1",1,1
"ACOT12",1,1
"ACOT13",1,1
"ACOT2",1,1
"ACP2",1,1
"ACTRT2",1,1
"ACVR1",1,1
"ADAP1",1,1
"ADAP2",1,1
"ADAT1",1,1
"ADAT2",1,1
"ADGRA2",1,1
"ADH1B",1,1
"ADH4",1,1
"ADHFE1",1,1
"ADIG",1,1
"ADK",1,1
"ADPRHL1",1,1
"ADPRM",1,1
"ADPRS",1,1
"ADRB1",1,1
"AEN",1,1
"AFMID",1,1
"AGPAT1",1,1
"AGPAT2",1,1
"AGPAT5",1,1
"AGR2",1,1
"AGTRAP",1,1
"AICDA",1,1
"AIG1",1,1
"AIMP1",1,1
"AIRE",1,1
"AK2",1,1
"AK6",1,1
"AK8",1,1
"AKAP5",1,1
"AKIRIN1",1,1
"AKR1B15",1,1
"AKR1C3",1,1
"AKR1C8P",1,1
"AKR1D1",1,1
"AKR7A3",1,1
"AKR7L",1,1
"AKT1S1",1,1
"AL021546.1",1,1
"AL031681.2",1,1
"AL049634.2",1,1
"AL121758.1",1,1
"AL136439.1",1,2
"AL162726.3",1,1
"AL163636.1",1,1
"AL645933.1",1,1
"ALDH1B1",1,1
"ALDH2",1,1
"ALDH3A1",1,1
"ALKBH3",1,1
"ALKBH4",1,1
"ALOX5AP",1,1
"ALX1",1,1
"ALYREF",1,1
"AMN1",1,1
"AMOT",1,1
"ANAPC10",1,1
"ANAPC2",1,1
"ANKRA2",1,1
"ANKRD20A5P",1,1
"ANKRD33",1,1
"ANKRD36",1,1
"ANKRD37",1,1
"ANKRD39",1,1
"ANKRD42",1,1
"ANKRD53",1,1
"ANKRD7",1,1
"ANKS3",1,1
"ANXA2R",1,1
"ANXA8",1,1
"AP000311.1",1,1
"AP001042.1",1,1
"AP001453.3",1,1
"AP004606.1",1,1
"AP1AR",1,1
"AP1S1",1,1
"AP1S3",1,1
"AP2S1",1,1
"AP3S1",1,1
"AP4S1",1,1
"AP5S1",1,1
"APCDD1L",1,1
"APEH",1,1
"APOBEC3C",1,1
"APOC2",1,1
"APOC3",1,1
"APOC4",1,1
"APOL3",1,1
"APOLD1",1,1
"AQP11",1,1
"AQP4",1,1
"AQP8",1,1
"ARC",1,1
"ARF4",1,1
"ARF5",1,1
"ARHGAP19",1,1
"ARHGAP42",1,1
"ARHGEF16",1,1
"ARHGEF37",1,1
"ARID3A",1,2
"ARL14",1,1
"ARL16",1,1
"ARL2",1,1
"ARL3",1,1
"ARL5A",1,1
"ARL6",1,1
"ARL6IP1",1,1
"ARL6IP4",1,1
"ARL6IP5",1,1
"ARL8B",1,1
"ARL9",1,1
"ARPC4",1,1
"ARPC5L",1,1
"ARRB1",1,1
"ARRB2",1,1
"ARSD",1,1
"ART1",1,1
"ARX",1,1
"ASAH1",1,1
"ASAH2B",1,2
"ASB14",1,1
"ASB18",1,1
"ASB3",1,1
"ASB8",1,1
"ASPDH",1,1
"ATAD1",1,1
"ATAD3C",1,2
"ATAT1",1,1
"ATE1",1,1
"ATF7",1,1
"ATG12",1,1
"ATG4B",1,1
"ATG9B",1,3
"ATOH7",1,1
"ATOH8",1,1
"ATP1B2",1,1
"ATP1B3",1,1
"ATP5MC2",1,1
"ATP5MG",1,1
"ATP5PO",1,1
"ATP6V1E1",1,1
"ATP6V1G2",1,1
"AUH",1,1
"AURKAIP1",1,1
"AVEN",1,1
"AZU1",1,1
"B3GALNT2",1,1
"B3GALT1",1,1
"B3GAT1",1,1
"B3GAT2",1,1
"B3GAT3",1,1
"B3GNT6",1,1
"B3GNT8",1,1
"B9D2",1,1
"BAALC",1,1
"BAD",1,1
"BAG1",1,1
"BAG3",1,1
"BAIAP2L2",1,1
"BAMBI",1,1
"BANF2",1,1
"BARHL1",1,1
"BARX2",1,1
"BATF",1,1
"BATF2",1,1
"BBOF1",1,1
"BCAP29",1,1
"BCAS4",1,1
"BCKDHB",1,1
"BCL2A1",1,1
"BCL2L14",1,1
"BCL2L2",1,1
"BCL7A",1,1
"BEGAIN",1,1
"BET1",1,1
"BET1L",1,1
"BEX1",1,1
"BHLHE22",1,1
"BICD2",1,1
"BICDL2",1,1
"BIRC5",1,1
"BLCAP",1,1
"BLOC1S1",1,1
"BLVRB",1,1
"BMF",1,1
"BMP8B",1,1
"BNIP1",1,1
"BNIP3L",1,2
"BOK",1,1
"BORCS5",1,1
"BORCS6",1,1
"BPIFA1",1,1
"BPNT1",1,1
"BRI3",1,1
"BRK1",1,1
"BSPRY",1,1
"BST2",1,1
"BTBD2",1,1
"BTBD8",1,1
"BTC",1,1
"BTF3L4",1,1
"BTLA",1,1
"BUD31",1,1
"BX119917.1",1,1
"BZW2",1,1
"C10ORF62",1,1
"C10ORF95",1,1
"C11ORF16",1,1
"C11ORF52",1,1
"C11ORF65",1,1
"C11ORF68",1,1
"C11ORF71",1,1
"C11ORF80",1,1
"C12ORF57",1,1
"C12ORF60",1,1
"C12ORF65",1,1
"C12ORF77",1,1
"C14ORF119",1,1
"C14ORF177",1,1
"C15ORF48",1,1
"C15ORF54",1,1
"C15ORF65",1,1
"C16ORF46",1,1
"C16ORF86",1,1
"C16ORF90",1,1
"C18ORF21",1,1
"C18ORF25",1,1
"C18ORF54",1,1
"C19ORF25",1,1
"C19ORF33",1,1
"C1ORF122",1,1
"C1ORF131",1,1
"C1ORF158",1,1
"C1ORF159",1,1
"C1ORF162",1,1
"C1ORF189",1,1
"C1ORF194",1,1
"C1ORF21",1,1
"C1ORF210",1,1
"C1ORF35",1,1
"C1ORF53",1,1
"C1QA",1,1
"C1QB",1,1
"C1QTNF1",1,1
"C1QTNF5",1,1
"C20ORF197",1,1
"C21ORF62",1,1
"C22ORF31",1,1
"C22ORF42",1,1
"C2ORF68",1,1
"C2ORF76",1,1
"C2ORF83",1,1
"C3ORF14",1,1
"C3ORF18",1,1
"C3ORF35",1,1
"C3ORF84",1,1
"C4B",1,2
"C4ORF19",1,1
"C4ORF3",1,1
"C4ORF45",1,1
"C5ORF22",1,1
"C5ORF64",1,1
"C6ORF120",1,1
"C6ORF15",1,1
"C6ORF201",1,1
"C7ORF33",1,1
"C7ORF50",1,1
"C7ORF65",1,1
"C7ORF66",1,1
"C8ORF33",1,1
"C8ORF76",1,1
"C9ORF116",1,1
"C9ORF24",1,1
"CA7",1,1
"CA8",1,1
"CAAP1",1,1
"CABLES2",1,1
"CABP1",1,1
"CABP7",1,1
"CACFD1",1,1
"CACNG1",1,1
"CACNG6",1,1
"CACNG8",1,1
"CACYBP",1,2
"CALHM4",1,1
"CALHM6",1,1
"CALM1",1,1
"CALR",1,1
"CAMK1D",1,1
"CAPG",1,1
"CAPZA3",1,1
"CARD16",1,1
"CARD18",1,1
"CARHSP1",1,1
"CARTPT",1,1
"CASC3",1,1
"CASP14",1,1
"CASP2",1,1
"CASP6",1,1
"CATSPERZ",1,2
"CAV3",1,1
"CAVIN3",1,1
"CAVIN4",1,1
"CBFA2T3",1,1
"CBLIF",1,1
"CBLL1",1,1
"CBLN1",1,1
"CBLN3",1,1
"CBR1",1,1
"CBWD1",1,1
"CBWD2",1,1
"CBWD6",1,1
"CBY2",1,1
"CCBE1",1,1
"CCDC102A",1,1
"CCDC103",1,1
"CCDC113",1,1
"CCDC115",1,1
"CCDC117",1,1
"CCDC124",1,1
"CCDC127",1,1
"CCDC153",1,1
"CCDC160",1,1
"CCDC163",1,1
"CCDC51",1,1
"CCDC54",1,1
"CCDC85B",1,1
"CCK",1,1
"CCKBR",1,3
"CCL1",1,2
"CCL17",1,1
"CCL19",1,1
"CCL2",1,1
"CCL21",1,1
"CCL25",1,1
"CCL26",1,1
"CCL27",1,1
"CCL28",1,1
"CCL3L3",1,1
"CCL4",1,1
"CCL4L2",1,1
"CCM2",1,1
"CCNB2",1,1
"CCNC",1,1
"CCND1",1,1
"CCNO",1,2
"CCR5",1,1
"CCR9",1,1
"CCS",1,1
"CD160",1,1
"CD164L2",1,1
"CD209",1,1
"CD247",1,1
"CD27",1,1
"CD2BP2",1,2
"CD300C",1,1
"CD300LB",1,1
"CD320",1,1
"CD37",1,1
"CD52",1,1
"CD6",1,1
"CD8B",1,1
"CDC14B",1,1
"CDC34",1,1
"CDC37P1",1,1
"CDC42EP2",1,1
"CDC42EP4",1,1
"CDC42SE2",1,1
"CDCA5",1,1
"CDCP2",1,1
"CDK2AP1",1,1
"CDK4",1,1
"CDK8",1,1
"CDK9",1,1
"CDKN2D",1,1
"CDKN3",1,1
"CDPF1",1,1
"CDR2L",1,1
"CDRT15",1,1
"CDSN",1,1
"CDV3",1,1
"CEACAM19",1,1
"CEACAM3",1,1
"CEACAM6",1,1
"CEBPE",1,1
"CELA3A",1,1
"CELF3",1,1
"CENATAC",1,1
"CENPBD1",1,1
"CENPH",1,1
"CENPM",1,1
"CENPN",1,1
"CENPP",1,1
"CENPQ",1,1
"CENPS",1,1
"CENPT",1,1
"CENPW",1,1
"CEP295",1,1
"CEP43",1,1
"CEP57L1",1,1
"CEPT1",1,1
"CERS4",1,1
"CES2",1,1
"CES4A",1,1
"CETN1",1,1
"CETN2",1,1
"CETN3",1,1
"CFAP100",1,1
"CFAP161",1,1
"CFAP298",1,1
"CFAP299",1,1
"CFAP300",1,1
"CFAP410",1,1
"CFDP1",1,2
"CFHR2",1,1
"CFI",1,1
"CFL1",1,1
"CGAS",1,1
"CGB1",1,1
"CGB3",1,1
"CGREF1",1,1
"CGRRF1",1,1
"CH25H",1,1
"CHCHD1",1,1
"CHCHD10",1,1
"CHCHD5",1,1
"CHCHD7",1,1
"CHDH",1,1
"CHID1",1,1
"CHKA",1,1
"CHMP1B",1,1
"CHMP3",1,1
"CHMP4B",1,1
"CHMP4C",1,1
"CHMP5",1,1
"CHMP6",1,1
"CHODL",1,1
"CHPF2",1,1
"CHRDL2",1,1
"CHRNE",1,1
"CHRNG",1,1
"CIAO2B",1,1
"CIAO3",1,1
"CIB3",1,1
"CIB4",1,1
"CIDEC",1,1
"CIPC",1,2
"CISD1",1,1
"CKLF-CMTM1",1,1
"CKMT1A",1,1
"CKS1B",1,1
"CLCA3P",1,1
"CLCF1",1,1
"CLDN15",1,1
"CLDN19",1,1
"CLDN20",1,1
"CLDN22",1,1
"CLDN23",1,1
"CLDN5",1,1
"CLDN9",1,1
"CLDND2",1,1
"CLEC11A",1,1
"CLEC18A",1,1
"CLEC18B",1,1
"CLEC2B",1,1
"CLEC7A",1,1
"CLIC3",1,1
"CLIC4",1,1
"CLN5",1,1
"CLNS1A",1,1
"CLP1",1,2
"CLPB",1,1
"CLRN1",1,1
"CLTA",1,1
"CMA1",1,1
"CMC4",1,1
"CMPK1",1,1
"CMPK2",1,1
"CMTM8",1,1
"CNFN",1,1
"CNIH1",1,1
"CNN2",1,1
"CNPY4",1,1
"CNR2",1,1
"CNRIP1",1,1
"COA1",1,1
"COA4",1,1
"COA8",1,1
"COCH",1,1
"COL8A2",1,1
"COMMD1",1,1
"COMMD3",1,1
"COMMD3-BMI1",1,1
"COMMD5",1,1
"COMMD6",1,1
"COPS4",1,1
"COPS7A",1,1
"COPS7B",1,1
"COPS8",1,1
"COPZ1",1,1
"COQ10A",1,1
"COQ7",1,1
"COQ8B",1,1
"COQ9",1,1
"CORO1A",1,1
"CORO1B",1,1
"COX17",1,1
"COX5A",1,1
"COX6A1",1,1
"COX6C",1,1
"COX7A2L",1,1
"CPA6",1,1
"CPLX2",1,1
"CPLX4",1,1
"CPO",1,1
"CPOX",1,1
"CRABP1",1,1
"CRACR2B",1,1
"CRADD",1,1
"CRBN",1,1
"CREB1",1,1
"CREB3L2",1,1
"CREG1",1,1
"CRH",1,1
"CRHR1",1,1
"CRIP1",1,1
"CRIP2",1,1
"CRIPT",1,1
"CRISPLD2",1,1
"CRPPA",1,2
"CRTC1",1,1
"CRY1",1,1
"CRYAB",1,1
"CRYBA4",1,1
"CRYBB1",1,2
"CRYGA",1,1
"CRYGB",1,1
"CRYGS",1,1
"CSH2",1,1
"CSKMT",1,1
"CSN1S1",1,2
"CSNK1G2",1,1
"CSNK1G3",1,1
"CSRNP1",1,1
"CSRP2",1,1
"CST11",1,1
"CST4",1,1
"CST5",1,1
"CST9",1,1
"CSTA",1,1
"CT45A1",1,1
"CT45A3",1,1
"CT83",1,1
"CTAG2",1,1
"CTDSP2",1,1
"CTRB1",1,1
"CTRL",1,1
"CTSD",1,1
"CTSK",1,1
"CTSW",1,1
"CTXN3",1,1
"CUEDC1",1,1
"CUTA",1,1
"CUZD1",1,1
"CX3CL1",1,1
"CXCL10",1,1
"CXCL11",1,1
"CXCL16",1,1
"CXXC1",1,1
"CXXC5",1,1
"CYB5RL",1,1
"CYCS",1,1
"CYP2R1",1,1
"CYP2W1",1,1
"CYREN",1,1
"CYS1",1,1
"CYSTM1",1,1
"CZIB",1,1
"DACT3",1,1
"DAD1",1,1
"DAG1",1,1
"DAOA",1,1
"DAPL1",1,1
"DAPP1",1,2
"DBF4",1,1
"DBI",1,1
"DBP",1,1
"DCAF4",1,1
"DCANP1",1,1
"DCD",1,1
"DCDC2",1,1
"DCTD",1,1
"DCTN5",1,1
"DCTPP1",1,1
"DCUN1D5",1,1
"DDI2",1,1
"DDIT4",1,1
"DDX19A",1,1
"DDX28",1,1
"DDX39B",1,1
"DECR2",1,1
"DEDD2",1,1
"DEF8",1,1
"DEFA3",1,1
"DEFB108B",1,1
"DEFB114",1,1
"DEFB115",1,1
"DEFB116",1,1
"DEFB118",1,1
"DEFB119",1,1
"DEFB121",1,1
"DEFB123",1,1
"DEFB126",1,1
"DEFB127",1,1
"DEFB131A",1,1
"DEFB132",1,1
"DELEC1",1,1
"DEPDC1B",1,1
"DERL3",1,1
"DES",1,1
"DFFB",1,1
"DHFR",1,1
"DHH",1,1
"DHODH",1,1
"DHRS1",1,1
"DHRS11",1,1
"DIO3",1,1
"DIPK2A",1,1
"DIRAS1",1,1
"DIRC1",1,1
"DKK1",1,1
"DLX2",1,1
"DLX3",1,1
"DMAC1",1,2
"DMPK",1,1
"DMRT1",1,1
"DMRTA2",1,1
"DMTF1",1,1
"DMTN",1,1
"DNAJA3",1,1
"DNAJB11",1,1
"DNAJC24",1,1
"DNAJC25-GNG10",1,1
"DNAJC30",1,1
"DNAJC5",1,1
"DNASE1L1",1,1
"DNASE2B",1,1
"DOHH",1,1
"DOK4",1,1
"DOLK",1,1
"DPCD",1,1
"DPEP2",1,1
"DPF3",1,1
"DPH1",1,1
"DPH3",1,1
"DPPA4",1,1
"DPRX",1,1
"DR1",1,1
"DRAP1",1,1
"DRAXIN",1,1
"DRD1",1,1
"DST-AS1",1,1
"DUOXA2",1,1
"DUSP12",1,1
"DUSP23",1,1
"DUXA",1,1
"DYNAP",1,1
"DYNLL1",1,1
"DYNLRB2",1,1
"DYNLT3",1,1
"E2F5",1,1
"E2F6",1,2
"EBLN2",1,2
"ECE2",1,1
"ECH1",1,1
"ECHDC2",1,1
"EDF1",1,1
"EEF1AKMT1",1,1
"EEF1AKMT2",1,1
"EEF1AKMT4",1,1
"EEF2KMT",1,1
"EFCAB2",1,1
"EFNA5",1,1
"EFNB3",1,1
"EGFL7",1,1
"EHF",1,1
"EIF3C",1,1
"EIF3CL",1,1
"EIF3J",1,1
"EIF4EBP2",1,1
"EIF6",1,1
"ELANE",1,1
"ELAVL2",1,1
"ELF3",1,1
"ELK3",1,1
"ELK4",1,1
"ELMO3",1,1
"ELOA3B",1,1
"ELOA3C",1,1
"ELOB",1,1
"ELOC",1,1
"ELOF1",1,1
"ELOVL7",1,1
"ELP4",1,1
"EMC4",1,1
"EMC8",1,1
"EMCN",1,1
"EMG1",1,1
"EMID1",1,1
"EMP1",1,1
"EMP2",1,1
"EMP3",1,1
"EMX2",1,1
"EN2",1,1
"ENDOD1",1,1
"ENKD1",1,1
"ENO1",1,1
"ENO2",1,1
"ENTPD8",1,1
"EPB42",1,1
"EPDR1",1,1
"EPGN",1,1
"EPHA10",1,1
"EPM2A",1,1
"EPN3",1,1
"EPPIN-WFDC6",1,1
"EQTN",1,1
"ERAS",1,1
"ERCC8",1,1
"ERG28",1,1
"ERGIC2",1,2
"ERI2",1,1
"ERO1B",1,1
"ERP44",1,1
"ERRFI1",1,1
"ESD",1,1
"ESPNL",1,1
"ESRRA",1,1
"ETFA",1,1
"ETFBKMT",1,1
"EVA1A",1,1
"EVI2A",1,1
"EXOC3L4",1,1
"EXOSC2",1,1
"EXOSC4",1,1
"EXOSC5",1,1
"EXOSC7",1,1
"EXOSC8",1,1
"EXTL2",1,1
"F3",1,1
"F8A1",1,1
"FA2H",1,1
"FAAP20",1,1
"FABP2",1,1
"FABP4",1,1
"FABP7",1,1
"FADS3",1,1
"FADS6",1,1
"FAHD1",1,1
"FAM104A",1,1
"FAM104B",1,1
"FAM107A",1,1
"FAM122A",1,1
"FAM122C",1,1
"FAM133A",1,1
"FAM133B",1,1
"FAM153A",1,1
"FAM162B",1,1
"FAM163A",1,1
"FAM163B",1,1
"FAM166B",1,1
"FAM166C",1,1
"FAM168A",1,1
"FAM174B",1,1
"FAM174C",1,1
"FAM204A",1,1
"FAM207A",1,1
"FAM209A",1,1
"FAM20C",1,1
"FAM229B",1,1
"FAM241A",1,1
"FAM241B",1,1
"FAM27E5",1,1
"FAM32A",1,1
"FAM3B",1,1
"FAM3C",1,1
"FAM43B",1,1
"FAM50A",1,1
"FAM53B",1,1
"FAM71C",1,1
"FAM71E1",1,1
"FAM72C",1,1
"FAM76A",1,1
"FAM83H",1,1
"FAM89A",1,1
"FAU",1,1
"FAXDC2",1,1
"FBLIM1",1,1
"FBP2",1,1
"FBXL12",1,1
"FBXL22",1,2
"FBXO16",1,1
"FBXO2",1,1
"FBXO39",1,1
"FBXO6",1,1
"FBXO9",1,1
"FBXW9",1,1
"FCAMR",1,1
"FCGR3A",1,1
"FCRLA",1,1
"FDX1",1,1
"FDX2",1,1
"FDXR",1,1
"FEM1C",1,1
"FGF12",1,1
"FGF17",1,1
"FGF20",1,1
"FGF21",1,1
"FGF22",1,1
"FGF4",1,1
"FGF9",1,1
"FGFBP1",1,1
"FGFBP2",1,1
"FGFBP3",1,1
"FITM1",1,1
"FIZ1",1,1
"FJX1",1,1
"FKBP1B",1,1
"FKBP3",1,1
"FKBP7",1,3
"FLACC1",1,1
"FLOT1",1,1
"FLYWCH2",1,1
"FNDC4",1,1
"FNDC5",1,1
"FNDC8",1,1
"FNTA",1,2
"FOSL1",1,1
"FOXB1",1,1
"FOXC2",1,1
"FOXF2",1,1
"FOXI2",1,1
"FOXK1",1,1
"FOXL1",1,1
"FOXL2",1,1
"FOXO1",1,2
"FOXQ1",1,1
"FOXR1",1,1
"FPGT",1,1
"FPR1",1,1
"FRRS1L",1,1
"FSCN1",1,1
"FSHB",1,1
"FTCD",1,1
"FTSJ1",1,1
"FUOM",1,1
"FUT10",1,1
"FXYD1",1,1
"FXYD6-FXYD2",1,1
"FXYD6P3",1,1
"GABARAPL2",1,1
"GABPA",1,1
"GABRD",1,1
"GADD45G",1,1
"GADL1",1,1
"GAGE10",1,1
"GAGE12J",1,1
"GAGE2E",1,1
"GALK1",1,1
"GALM",1,1
"GALP",1,1
"GALR2",1,1
"GALT",1,1
"GAMT",1,1
"GAPDH",1,1
"GAR1",1,1
"GAS1",1,1
"GASK1B",1,1
"GATA4",1,1
"GATA6",1,1
"GATAD1",1,1
"GATC",1,1
"GBP2",1,1
"GBX1",1,1
"GBX2",1,1
"GCG",1,1
"GCKR",1,1
"GCSAM",1,1
"GDAP1L1",1,1
"GDF11",1,1
"GDF7",1,1
"GDNF",1,1
"GEM",1,1
"GET1",1,1
"GFI1",1,1
"GGH",1,1
"GGNBP1",1,1
"GHRH",1,1
"GID4",1,1
"GINM1",1,1
"GINS1",1,1
"GIPC1",1,1
"GIPC3",1,1
"GJC3",1,1
"GJD3",1,1
"GKAP1",1,1
"GKN1",1,1
"GKN2",1,1
"GLDN",1,1
"GLIPR1",1,1
"GLIPR1L1",1,1
"GLIPR1L2",1,1
"GLOD5",1,1
"GLRXP3",1,1
"GLTP",1,1
"GLYATL2",1,1
"GM2A",1,1
"GMCL1",1,1
"GMFB",1,1
"GML",1,1
"GMPPA",1,2
"GMPR2",1,1
"GNAI3",1,1
"GNB1",1,1
"GNB2",1,1
"GNB4",1,2
"GNG13",1,1
"GOLGA7",1,1
"GOLGA7B",1,1
"GOLGA8A",1,1
"GON7",1,1
"GORASP1",1,1
"GOT1L1",1,2
"GOT2",1,1
"GPANK1",1,1
"GPATCH11",1,1
"GPD1L",1,1
"GPHA2",1,1
"GPHB5",1,1
"GPM6A",1,1
"GPN2",1,1
"GPR135",1,1
"GPR137",1,1
"GPR137C",1,1
"GPR146",1,1
"GPR150",1,1
"GPR152",1,1
"GPR18",1,1
"GPR27",1,1
"GPR31",1,1
"GPR45",1,1
"GPR62",1,1
"GPR68",1,1
"GPR78",1,1
"GPR88",1,1
"GPR89A",1,1
"GPRC5D",1,1
"GPS1",1,1
"GPSM3",1,1
"GPX2",1,1
"GPX3",1,1
"GPX4",1,1
"GPX8",1,1
"GRAMD2A",1,1
"GREM1",1,1
"GRIFIN",1,1
"GRIN1",1,1
"GRSF1",1,1
"GSC",1,1
"GSC2",1,1
"GSTA2",1,1
"GSTA3",1,1
"GSTA4",1,1
"GSTM3",1,1
"GSTM4",1,2
"GSTM5",1,1
"GSTT2",1,1
"GSTZ1",1,1
"GTF2A2",1,1
"GTF2B",1,1
"GTF2H4",1,1
"GTF3A",1,1
"GTPBP1",1,1
"GTPBP8",1,1
"GUCA1B",1,1
"H1-7",1,1
"H1-8",1,1
"H2AB1",1,1
"H2AC21",1,1
"H2AC6",1,1
"H2AJ",1,1
"H2AW",1,1
"H2AX",1,1
"H2BC10",1,1
"H2BC6",1,1
"H3-3B",1,2
"H3-5",1,1
"H3C1",1,1
"H3C10",1,1
"H3C12",1,1
"H4-16",1,1
"H4C7",1,1
"H4C9",1,1
"HABP2",1,1
"HACD3",1,3
"HADH",1,1
"HAMP",1,1
"HAND1",1,1
"HARBI1",1,1
"HASPIN",1,1
"HAUS1",1,1
"HAUS2",1,1
"HAUS3",1,1
"HBB",1,1
"HBD",1,1
"HBG1",1,1
"HBM",1,1
"HCAR1",1,1
"HCST",1,1
"HDC",1,1
"HDDC3",1,1
"HDGF",1,1
"HDGFL1",1,1
"HDGFL2",1,1
"HDHD3",1,1
"HEBP2",1,1
"HELT",1,1
"HENMT1",1,1
"HERPUD1",1,1
"HERPUD2",1,1
"HES1",1,1
"HES4",1,1
"HESX1",1,1
"HEXD",1,1
"HIC1",1,1
"HIGD2A",1,1
"HINFP",1,1
"HINT1",1,1
"HLA-A",1,1
"HLA-DOB",1,1
"HLA-DPA1",1,1
"HLA-DQA1",1,1
"HLA-DQB1",1,1
"HLA-DRA",1,1
"HMGA1",1,1
"HMGB1",1,1
"HMGN2",1,2
"HMGN2P46",1,1
"HMOX2",1,1
"HMSD",1,1
"HNRNPA0",1,1
"HNRNPAB",1,1
"HOGA1",1,1
"HOMER3",1,1
"HORMAD2",1,1
"HOXB4",1,1
"HOXB5",1,2
"HOXB7",1,1
"HOXC11",1,1
"HOXC5",1,1
"HOXC8",1,1
"HOXD1",1,1
"HOXD8",1,1
"HP",1,1
"HPCA",1,1
"HPGD",1,1
"HPR",1,1
"HR",1,1
"HRCT1",1,1
"HS1BP3",1,1
"HS3ST1",1,1
"HS3ST3B1",1,1
"HSBP1",1,1
"HSD17B13",1,1
"HSD17B8",1,1
"HSF4",1,1
"HSFX1",1,1
"HSPA1B",1,1
"HSPB1",1,1
"HSPB11",1,1
"HSPB6",1,1
"HSPB7",1,1
"HSPB8",1,1
"HSPB9",1,1
"HSPE1-MOB4",1,1
"HTN3",1,1
"HTR2B",1,2
"HTR3B",1,1
"HTR4",1,1
"HTR6",1,1
"HTR7",1,2
"HTRA2",1,1
"HYAL1",1,1
"HYPK",1,1
"IAH1",1,1
"IBA57",1,1
"ICAM5",1,1
"ID2",1,1
"IDI2",1,1
"IDO1",1,1
"IER3",1,1
"IER5L",1,1
"IFI44L",1,1
"IFIT1B",1,1
"IFITM1",1,1
"IFITM5",1,1
"IFNA4",1,1
"IFNGR2",1,1
"IFNL2",1,1
"IFNW1",1,1
"IFT20",1,1
"IFT22",1,1
"IFT57",1,1
"IGF2",1,1
"IGFBP2",1,1
"IGFBP3",1,1
"IGFBP4",1,1
"IGFBPL1",1,1
"IGFL1",1,1
"IGFL2",1,1
"IGHD2-21",1,1
"IGHJ5",1,1
"IGHV1-12",1,1
"IGHV1-2",1,1
"IGHV1-24",1,1
"IGHV1-45",1,1
"IGHV1-58",1,1
"IGHV1-69",1,1
"IGHV3-20",1,1
"IGHV3-23",1,1
"IGHV3-35",1,1
"IGHV3-38",1,1
"IGHV3-43",1,1
"IGHV3-48",1,1
"IGHV3OR16-8",1,1
"IGHV4-31",1,1
"IGHV4-59",1,1
"IGHV5-51",1,1
"IGKC",1,1
"IGKV1-16",1,1
"IGKV1-6",1,1
"IGKV1-9",1,1
"IGKV1D-12",1,1
"IGKV1D-13",1,1
"IGKV1D-33",1,1
"IGKV1D-8",1,1
"IGKV2-28",1,1
"IGKV2-30",1,1
"IGKV2D-24",1,1
"IGKV3-11",1,1
"IGKV3-20",1,1
"IGKV3D-11",1,1
"IGKV3D-7",1,1
"IGKV4-1",1,1
"IGKV6D-21",1,1
"IGKV6D-41",1,1
"IGLC2",1,1
"IGLC3",1,1
"IGLL3P",1,1
"IGLON5",1,1
"IGLV1-47",1,1
"IGLV1-51",1,1
"IGLV10-54",1,1
"IGLV2-14",1,1
"IGLV2-23",1,1
"IGLV2-33",1,1
"IGLV2-8",1,1
"IGLV3-12",1,1
"IGLV3-16",1,1
"IGLV3-21",1,1
"IGLV3-22",1,1
"IGLV3-32",1,3
"IGLV6-57",1,1
"IGLV7-43",1,2
"IGLV8-61",1,1
"IL17A",1,1
"IL1F10",1,1
"IL2",1,1
"IL20",1,1
"IL21",1,1
"IL3",1,1
"IL32",1,1
"IL36B",1,1
"IL36G",1,1
"IL36RN",1,1
"IL4",1,1
"IL5",1,1
"IL7",1,1
"IL9",1,1
"IMP3",1,1
"IMPA1",1,1
"INA",1,1
"ING2",1,1
"ING3",1,1
"ING4",1,1
"ING5",1,1
"INHBB",1,1
"INIP",1,1
"INKA1",1,1
"INO80C",1,1
"INO80E",1,1
"INSIG1",1,1
"INSL3",1,1
"INSL4",1,1
"INSL6",1,1
"INSM2",1,1
"IP6K2",1,1
"IPO7",1,2
"IQCK",1,1
"IRF2",1,1
"IRF7",1,1
"IRX2",1,1
"IRX5",1,1
"IRX6",1,1
"ISCA1",1,1
"ISOC1",1,1
"ISY1-RAB43",1,1
"ITGB1BP1",1,1
"ITM2C",1,1
"ITPA",1,1
"ITPKA",1,1
"IZUMO2",1,1
"JAZF1",1,1
"JDP2",1,1
"JMJD4",1,1
"JMJD7",1,1
"JMJD8",1,1
"JPT2",1,1
"KARS1",1,1
"KATNBL1",1,1
"KAZALD1",1,1
"KBTBD13",1,1
"KCNAB3",1,1
"KCNC4",1,1
"KCNE1",1,1
"KCNE3",1,1
"KCNE4",1,1
"KCNG3",1,1
"KCNK6",1,1
"KCNN1",1,1
"KCNS1",1,1
"KCTD14",1,2
"KCTD17",1,1
"KCTD4",1,1
"KCTD7",1,1
"KCTD9",1,1
"KDF1",1,1
"KHDC1",1,1
"KHNYN",1,1
"KIAA0513",1,1
"KIAA1143",1,1
"KIR3DX1",1,1
"KISS1",1,1
"KISS1R",1,1
"KLF12",1,1
"KLF3",1,1
"KLF6",1,1
"KLF8",1,1
"KLF9",1,1
"KLHDC8A",1,1
"KLHDC8B",1,1
"KLHL10",1,1
"KLHL2",1,1
"KLHL35",1,1
"KLK10",1,1
"KLK4",1,1
"KLK6",1,1
"KLRA1P",1,1
"KLRF1",1,1
"KMT5C",1,1
"KNOP1",1,1
"KRT16",1,1
"KRT33B",1,1
"KRT38",1,1
"KRT39",1,1
"KRT8",1,1
"KRTAP10-10",1,1
"KRTAP10-3",1,1
"KRTAP11-1",1,1
"KRTAP12-1",1,1
"KRTAP12-2",1,1
"KRTAP13-2",1,1
"KRTAP19-2",1,1
"KRTAP19-4",1,1
"KRTAP19-5",1,1
"KRTAP19-7",1,1
"KRTAP20-1",1,1
"KRTAP21-2",1,1
"KRTAP23-1",1,1
"KRTAP26-1",1,1
"KRTAP27-1",1,1
"KRTAP4-1",1,1
"KRTAP4-12",1,1
"KRTAP5-1",1,1
"KRTAP5-11",1,1
"KRTAP5-5",1,1
"KRTAP5-6",1,1
"KRTAP5-9",1,1
"KRTAP8-1",1,1
"KRTAP9-8",1,1
"KRTCAP3",1,1
"KTI12",1,1
"L34079.1",1,1
"L3HYPDH",1,1
"LACRT",1,1
"LAGE3",1,1
"LAMP1",1,1
"LAMTOR2",1,1
"LANCL1",1,1
"LAPTM5",1,1
"LAT",1,1
"LAT2",1,1
"LBH",1,1
"LBX1",1,1
"LCE1B",1,1
"LCE1F",1,1
"LCE2A",1,1
"LCE2D",1,1
"LCE3A",1,1
"LCE3B",1,1
"LCE3E",1,1
"LCE4A",1,1
"LCN2",1,1
"LCN6",1,1
"LCN8",1,2
"LDAH",1,1
"LDHB",1,1
"LDLRAP1",1,1
"LEAP2",1,1
"LEMD1",1,1
"LFNG",1,1
"LGALS13",1,1
"LGALS3",1,1
"LGALS7B",1,1
"LGI4",1,1
"LHFPL1",1,1
"LHFPL6",1,1
"LHX8",1,1
"LIMD1",1,1
"LIMD2",1,1
"LIN28A",1,1
"LIN52",1,1
"LIN7B",1,1
"LIN7C",1,1
"LINC00471",1,1
"LINC00518",1,1
"LINC00922",1,1
"LINC01588",1,1
"LINC02210-CRHR1",1,1
"LINC02694",1,1
"LINC02872",1,1
"LIX1L",1,1
"LLCFC1",1,1
"LLPH",1,1
"LMF2",1,1
"LMO2",1,1
"LOXL1",1,1
"LPAR2",1,1
"LRFN3",1,1
"LRP3",1,1
"LRP5L",1,1
"LRRC10",1,1
"LRRC14",1,2
"LRRC2",1,1
"LRRC20",1,1
"LRRC25",1,1
"LRRC3",1,1
"LRRC3B",1,1
"LRRC4",1,1
"LRRC58",1,1
"LRRC59",1,1
"LRRC75B",1,1
"LRTOMT",1,1
"LSAMP",1,1
"LSM10",1,1
"LSM12",1,1
"LSM2",1,1
"LSM3",1,1
"LSM6",1,1
"LST1",1,1
"LTA",1,1
"LTB4R2",1,1
"LTBR",1,1
"LUC7L",1,1
"LY6G6C",1,1
"LY6H",1,1
"LY6K",1,1
"LYG1",1,1
"LYL1",1,1
"LYNX1",1,1
"LYPD3",1,1
"LYPD6",1,1
"LYPD6B",1,1
"LYPLA1",1,1
"LYRM1",1,1
"LYRM2",1,1
"LYVE1",1,1
"LYZL4",1,1
"LZIC",1,1
"LZTS3",1,1
"MAB21L4",1,1
"MACROD1",1,1
"MAD2L1BP",1,1
"MAD2L2",1,1
"MAEA",1,1
"MAF",1,1
"MAFG",1,1
"MAGEA1",1,1
"MAGEF1",1,1
"MAJIN",1,1
"MAL",1,1
"MAL2",1,1
"MANBAL",1,1
"MANF",1,1
"MAOA",1,1
"MAP11",1,1
"MAP4K5",1,1
"MAPK1",1,1
"MAPK1IP1L",1,1
"MAPK3",1,1
"MAPKAPK5",1,1
"MARCHF3",1,1
"MARS2",1,1
"MARVELD2",1,1
"MB",1,1
"MBD2",1,1
"MBL2",1,1
"MBLAC1",1,1
"MBLAC2",1,1
"MBOAT2",1,1
"MC2R",1,1
"MC5R",1,1
"MCEMP1",1,1
"MCHR1",1,1
"MCM5",1,1
"MCM8",1,1
"MCM9",1,1
"MCTS1",1,1
"MCUB",1,1
"MDFIC",1,1
"MED10",1,1
"MED17",1,1
"MED18",1,1
"MED21",1,1
"MED31",1,1
"MEIOB",1,1
"MEIS3",1,1
"MEOX1",1,1
"MESD",1,1
"MESP2",1,1
"METRN",1,1
"METTL15",1,1
"METTL21A",1,1
"METTL22",1,1
"METTL6",1,1
"METTL8",1,1
"MFAP3",1,1
"MFAP4",1,1
"MFGE8",1,1
"MFSD10",1,1
"MFSD14B",1,1
"MFSD6L",1,1
"MGARP",1,1
"MGLL",1,1
"MGST3",1,1
"MIA",1,1
"MIDN",1,1
"MIER3",1,1
"MIIP",1,1
"MILR1",1,1
"MIP",1,1
"MIR1206",1,1
"MIR1207",1,1
"MIR1208",1,1
"MIR124-1",1,1
"MIR1257",1,1
"MIR1269A",1,1
"MIR133B",1,1
"MIR147A",1,1
"MIR154",1,1
"MIR16-1",1,1
"MIR1915",1,1
"MIR193A",1,1
"MIR193B",1,1
"MIR216B",1,1
"MIR222",1,1
"MIR299",1,1
"MIR30B",1,1
"MIR369",1,1
"MIR450A1",1,1
"MIR450A2",1,1
"MIR487A",1,1
"MIR492",1,1
"MIR494",1,1
"MIR509-2",1,1
"MIR515-2",1,1
"MIR516A2",1,1
"MIR516B1",1,1
"MIR517A",1,1
"MIR518A2",1,1
"MIR518C",1,1
"MIR519A1",1,1
"MIR519A2",1,1
"MIR519B",1,1
"MIR520A",1,1
"MIR526A1",1,1
"MIR526A2",1,1
"MIR527",1,1
"MIR543",1,1
"MIR544A",1,1
"MIR548I1",1,1
"MIR548I2",1,1
"MIR548I4",1,1
"MIR612",1,1
"MIR7-3",1,1
"MIR802",1,1
"MIR892B",1,1
"MIR9-1HG",1,1
"MIRLET7B",1,1
"MITD1",1,1
"MKNK1",1,1
"MKRN2",1,1
"MLF2",1,1
"MLNR",1,1
"MLXIP",1,1
"MMADHC",1,1
"MMD2",1,1
"MMGT1",1,1
"MMP1",1,1
"MMP20",1,2
"MMP7",1,1
"MOB2",1,1
"MOB4",1,1
"MOBP",1,1
"MOG",1,1
"MON1A",1,1
"MORN5",1,1
"MOSPD1",1,1
"MOSPD3",1,1
"MPIG6B",1,1
"MPL",1,1
"MPLKIP",1,1
"MPPED1",1,1
"MPST",1,1
"MPV17L2",1,1
"MPZL2",1,1
"MRM1",1,1
"MRM2",1,1
"MRM3",1,1
"MRO",1,2
"MRPL1",1,1
"MRPL14",1,1
"MRPL16",1,1
"MRPL17",1,1
"MRPL19",1,1
"MRPL21",1,1
"MRPL22",1,1
"MRPL27",1,1
"MRPL30",1,1
"MRPL39",1,1
"MRPL42",1,1
"MRPL43",1,1
"MRPL44",1,1
"MRPL49",1,1
"MRPL50",1,1
"MRPL54",1,1
"MRPS10",1,1
"MRPS15",1,1
"MRPS17",1,1
"MRPS21",1,1
"MRPS22",1,1
"MRPS24",1,1
"MRPS25",1,1
"MRPS28",1,1
"MRPS33",1,1
"MRPS34",1,1
"MRPS9",1,1
"MRTO4",1,1
"MS4A12",1,1
"MS4A13",1,1
"MS4A15",1,1
"MS4A3",1,1
"MS4A4A",1,1
"MS4A6E",1,1
"MSC",1,1
"MSMO1",1,1
"MST1",1,1
"MSTO1",1,1
"MSX1",1,1
"MT1G",1,1
"MT1X",1,1
"MT2A",1,1
"MT4",1,1
"MTCH1",1,1
"MTCH2",1,1
"MTCP1",1,1
"MTERF3",1,1
"MTFR1L",1,1
"MTFR2",1,1
"MTHFSD",1,1
"MTPN",1,1
"MTRES1",1,1
"MTURN",1,1
"MTX3",1,1
"MVD",1,1
"MXD1",1,1
"MXI1",1,1
"MYCL",1,1
"MYD88",1,1
"MYL1",1,1
"MYL4",1,1
"MYL6B",1,1
"MYL7",1,1
"MYL9",1,1
"MYO19",1,1
"MYO1G",1,1
"MYOZ3",1,1
"MZB1",1,1
"N4BP2L1",1,1
"N6AMT1",1,1
"NAA50",1,1
"NAA80",1,1
"NAAA",1,1
"NADK",1,1
"NAGLU",1,1
"NANOG",1,1
"NANP",1,1
"NANS",1,1
"NAP1L5",1,1
"NAPSA",1,1
"NAT8L",1,1
"NBL1",1,1
"NBPF10",1,1
"NBPF15",1,1
"NBPF7",1,1
"NCALD",1,1
"NCBP2",1,1
"NCCRP1",1,1
"NCMAP",1,1
"NCS1",1,1
"NDEL1",1,1
"NDFIP1",1,1
"NDUFA11",1,1
"NDUFA12",1,1
"NDUFA2",1,1
"NDUFA3",1,1
"NDUFA4",1,1
"NDUFA5",1,1
"NDUFA8",1,2
"NDUFAF2",1,1
"NDUFAF3",1,1
"NDUFAF6",1,2
"NDUFB1",1,1
"NDUFB10",1,1
"NDUFB3",1,1
"NDUFB4",1,1
"NDUFC2",1,1
"NDUFS7",1,1
"NEBL-AS1",1,1
"NEDD8",1,1
"NEK7",1,1
"NELFE",1,1
"NEMP1",1,1
"NEU4",1,1
"NEURL1",1,1
"NFATC2IP",1,1
"NFIX",1,1
"NFKBIA",1,1
"NFKBIL1",1,1
"NFYA",1,1
"NGB",1,1
"NGDN",1,1
"NGFR",1,1
"NHLRC3",1,1
"NIFK",1,1
"NINJ1",1,1
"NIPA2",1,1
"NIPSNAP1",1,1
"NIPSNAP2",1,1
"NIPSNAP3A",1,1
"NIT1",1,1
"NKAIN1",1,1
"NKAPD1",1,1
"NKIRAS2",1,1
"NKPD1",1,1
"NLGN4Y",1,1
"NMD3",1,2
"NME3",1,1
"NME4",1,1
"NME9",1,1
"NMRK1",1,1
"NNMT",1,1
"NOMO3",1,1
"NOP10",1,1
"NOP53",1,1
"NOXA1",1,1
"NOXRED1",1,1
"NPFFR1",1,1
"NPIPA1",1,1
"NPM1",1,1
"NPPA",1,1
"NPRL2",1,1
"NPTN",1,1
"NPTX2",1,1
"NPY",1,1
"NPY4R",1,1
"NPY5R",1,1
"NR0B2",1,1
"NR2F2",1,1
"NR2F6",1,1
"NR5A1",1,1
"NREP",1,1
"NRG4",1,1
"NRN1",1,1
"NRN1L",1,1
"NRSN2",1,1
"NRTN",1,1
"NSMF",1,1
"NSUN4",1,1
"NSUN7",1,1
"NT5C2",1,1
"NT5M",1,1
"NTN3",1,1
"NTS",1,1
"NUBP1",1,1
"NUBPL",1,1
"NUDC",1,1
"NUDT12",1,1
"NUDT14",1,1
"NUDT16L1",1,1
"NUDT18",1,1
"NUDT2",1,1
"NUDT21",1,1
"NUDT4",1,1
"NUDT8",1,1
"NUP62CL",1,1
"NUPR1",1,1
"NUS1",1,1
"NUSAP1",1,1
"NUTM2D",1,1
"NXPH4",1,1
"NXT1",1,1
"NYX",1,1
"OAF",1,1
"OARD1",1,1
"OAS1",1,1
"OAT",1,1
"OAZ2",1,1
"OCEL1",1,1
"OCLNP1",1,1
"OCM",1,1
"ODAPH",1,1
"ODC1",1,1
"ODF3L1",1,1
"OGFOD2",1,1
"OGFR",1,1
"OIP5",1,1
"OLFM3",1,1
"OLR1",1,1
"ONECUT3",1,1
"OPN3",1,2
"OPRPN",1,1
"OPTC",1,1
"OR10A5",1,1
"OR10W1",1,1
"OR13A1",1,1
"OR14J1",1,1
"OR14K1",1,1
"OR1D2",1,2
"OR1F1",1,1
"OR1J4",1,1
"OR1L1",1,1
"OR1N2",1,1
"OR2A25",1,1
"OR2A4",1,1
"OR2A42",1,1
"OR2A5",1,1
"OR2AT4",1,1
"OR2H2",1,1
"OR2J3",1,1
"OR2T29",1,1
"OR2V2",1,1
"OR2W3",1,1
"OR3A3",1,1
"OR4C3",1,1
"OR4D1",1,1
"OR4F17",1,1
"OR4F21",1,1
"OR51I2",1,1
"OR51L1",1,1
"OR51M1",1,1
"OR51S1",1,1
"OR51T1",1,1
"OR52E2",1,1
"OR52E6",1,1
"OR52E8",1,1
"OR52W1",1,1
"OR56B4",1,1
"OR5B2",1,1
"OR5B21",1,1
"OR5D18",1,1
"OR5M10",1,1
"OR5P3",1,1
"OR6B3",1,1
"OR6C4",1,1
"OR6C68",1,1
"OR6C75",1,1
"OR6M1",1,1
"OR8B3",1,1
"OR8B4",1,1
"OR9Q2",1,1
"ORAI1",1,1
"ORMDL3",1,1
"OSBP",1,1
"OSTC",1,1
"OSTM1",1,1
"OSTN",1,1
"OTUD6B",1,1
"OVCA2",1,1
"OVOL2",1,1
"OXCT2",1,1
"OXLD1",1,1
"OXNAD1",1,1
"OXSR1",1,1
"P2RX1",1,1
"P2RX6",1,1
"P2RY12",1,1
"P2RY14",1,1
"P2RY6",1,1
"PABPN1",1,1
"PAFAH1B2",1,1
"PAFAH2",1,1
"PAGE5",1,1
"PAIP1",1,1
"PAK1IP1",1,1
"PAOX",1,1
"PAQR4",1,1
"PAQR5",1,1
"PAQR8",1,1
"PARM1",1,1
"PARN",1,1
"PARVG",1,1
"PATE1",1,1
"PAWR",1,1
"PAX1",1,1
"PBX3",1,1
"PCBD1",1,1
"PCBP1",1,1
"PCBP4",1,1
"PCED1A",1,1
"PCGF3",1,1
"PCMTD1",1,2
"PCP2",1,1
"PCP4",1,1
"PCSK9",1,1
"PDC",1,1
"PDCD1LG2",1,1
"PDCD2",1,1
"PDE6D",1,1
"PDE7B",1,1
"PDGFRL",1,1
"PDHB",1,2
"PDIA3",1,1
"PDIA6",1,1
"PDK3",1,1
"PDLIM2",1,1
"PDP2",1,1
"PDPN",1,1
"PDXK",1,1
"PDZD3",1,1
"PDZD9",1,1
"PEAK3",1,1
"PEBP1",1,1
"PELI1",1,1
"PELO",1,1
"PEMT",1,1
"PEX10",1,1
"PEX11A",1,1
"PEX12",1,1
"PEX16",1,1
"PF4",1,1
"PFAS",1,1
"PFDN2",1,1
"PFN2",1,2
"PGAM5",1,1
"PGAP6",1,1
"PGPEP1",1,1
"PHAX",1,1
"PHF10",1,1
"PHKG2",1,1
"PHOSPHO1",1,1
"PHPT1",1,1
"PHYHIPL",1,1
"PIFO",1,1
"PIGH",1,1
"PIGK",1,1
"PIGM",1,1
"PIGP",1,1
"PIGY",1,1
"PIK3R5",1,1
"PILRA",1,1
"PIM1",1,1
"PIMREG",1,1
"PIP4K2B",1,1
"PIP5KL1",1,1
"PITHD1",1,1
"PITPNA",1,1
"PITPNM3",1,1
"PKIA",1,1
"PKIB",1,1
"PKMYT1",1,1
"PLA2G1B",1,1
"PLA2G2E",1,1
"PLA2G2F",1,1
"PLAAT2",1,1
"PLAAT3",1,1
"PLAAT5",1,1
"PLAC8L1",1,1
"PLAC9",1,1
"PLAG1",1,1
"PLAU",1,1
"PLEKHA3",1,1
"PLEKHB1",1,1
"PLEKHF1",1,1
"PLEKHG4",1,1
"PLEKHO2",1,1
"PLEKHS1",1,1
"PLPP3",1,1
"PLPP5",1,1
"PLPP6",1,1
"PLSCR1",1,1
"PLSCR5",1,1
"PMM1",1,1
"PMP22",1,1
"PMPCA",1,1
"PNMA1",1,1
"PNMT",1,1
"PNP",1,1
"PNPLA2",1,1
"PNPLA4",1,2
"POC1A",1,1
"POC1B-GALNT4",1,1
"PODNL1",1,1
"POLD4",1,1
"POLDIP2",1,1
"POLE3",1,3
"POLE4",1,1
"POLR1E",1,1
"POLR2E",1,1
"POLR2G",1,1
"POLR2H",1,1
"POLR2I",1,1
"POLR2M",1,1
"POLR3H",1,1
"PON2",1,1
"POP4",1,1
"POP7",1,1
"POT1",1,1
"PPCDC",1,1
"PPIB",1,1
"PPIL1",1,1
"PPIL6",1,1
"PPIP5K1",1,1
"PPM1A",1,1
"PPM1N",1,1
"PPP1R16A",1,1
"PPP1R18",1,1
"PPP1R1C",1,1
"PPP1R27",1,1
"PPP1R3D",1,1
"PPP2R1B",1,1
"PPP2R2D",1,1
"PPP3CB",1,1
"PPP3CC",1,1
"PPP3R1",1,1
"PPP4C",1,1
"PPP4R1",1,1
"PPP6C",1,1
"PPT1",1,1
"PRAMEF5",1,1
"PRB1",1,1
"PRDM12",1,1
"PRDX2",1,1
"PRDX3",1,1
"PRDX6",1,1
"PRELID2",1,1
"PRG3",1,1
"PRKAG1",1,1
"PRL",1,1
"PRM3",1,1
"PRNP",1,1
"PROK1",1,1
"PROK2",1,1
"PROSER2",1,1
"PRPF31",1,1
"PRPH",1,1
"PRPH2",1,1
"PRPS1",1,1
"PRPSAP1",1,1
"PRR22",1,1
"PRR3",1,1
"PRR35",1,1
"PRR4",1,1
"PRR5",1,1
"PRR5-ARHGAP8",1,1
"PRR7",1,1
"PRRC1",1,1
"PRRG2",1,1
"PRRX2",1,1
"PRSS33",1,1
"PRSS45P",1,1
"PRSS58",1,1
"PRXL2A",1,1
"PSAP",1,1
"PSAT1",1,1
"PSEN1",1,1
"PSKH1",1,1
"PSMA4",1,1
"PSMB4",1,1
"PSMC1",1,1
"PSMC3IP",1,1
"PSMD10",1,1
"PSMD8",1,1
"PSMD9",1,1
"PSORS1C1",1,1
"PSPH",1,1
"PSRC1",1,1
"PSTK",1,1
"PSTPIP2",1,1
"PTCD2",1,1
"PTGDR2",1,1
"PTGIR",1,1
"PTMA",1,1
"PTMS",1,1
"PTP4A3",1,1
"PTPN6",1,1
"PTRH1",1,1
"PTRH2",1,1
"PTRHD1",1,1
"PTTG1",1,1
"PTTG1IP",1,1
"PTX4",1,1
"PUF60",1,1
"PWWP2B",1,1
"PYCARD",1,1
"PYDC2",1,1
"PYGO1",1,1
"PYM1",1,1
"PYY",1,1
"QPCT",1,1
"QRFP",1,1
"QRSL1",1,1
"RAB11B",1,1
"RAB18",1,1
"RAB20",1,1
"RAB23",1,1
"RAB26",1,1
"RAB27A",1,1
"RAB27B",1,1
"RAB28",1,1
"RAB2B",1,1
"RAB31",1,1
"RAB34",1,1
"RAB39A",1,1
"RAB3IL1",1,1
"RAB40B",1,1
"RAB42",1,1
"RAB7A",1,1
"RAB8A",1,1
"RAB8B",1,1
"RABAC1",1,1
"RABIF",1,1
"RAC1",1,1
"RAD1",1,1
"RAET1E",1,1
"RALA",1,1
"RALGPS2",1,1
"RANBP1",1,1
"RAP2A",1,1
"RASGEF1A",1,1
"RASL11A",1,1
"RASSF1",1,1
"RASSF3",1,1
"RBM3",1,1
"RBMX2",1,2
"RBP4",1,1
"RBP5",1,1
"RBPJ",1,1
"RCC1",1,1
"RCCD1",1,1
"RCE1",1,1
"RDH13",1,1
"RDH14",1,1
"RDH16",1,1
"RDM1",1,1
"REC114",1,1
"REG3G",1,2
"RELL2",1,1
"RELT",1,1
"REP15",1,1
"RERGL",1,1
"RETN",1,1
"RETREG2",1,3
"RETREG3",1,1
"REXO1L1P",1,1
"REXO4",1,1
"RFC3",1,1
"RFC5",1,1
"RFESD",1,1
"RFT1",1,1
"RGPD1",1,1
"RGS13",1,1
"RHBDD2",1,1
"RHBDD3",1,1
"RHBDF1",1,1
"RHBG",1,1
"RHCE",1,1
"RHEB",1,1
"RHEX",1,1
"RHOD",1,1
"RHOF",1,1
"RIBC2",1,1
"RIMS4",1,1
"RIOK3",1,1
"RIPPLY2",1,1
"RIPPLY3",1,1
"RN7SL176P",1,1
"RN7SL262P",1,1
"RN7SL484P",1,1
"RNASE10",1,1
"RNASE12",1,1
"RNASE13",1,1
"RNASE6",1,1
"RNASE8",1,1
"RNASEH1",1,1
"RNASEH2C",1,1
"RNASEK-C17ORF49",1,1
"RNF114",1,1
"RNF121",1,1
"RNF126",1,1
"RNF167",1,1
"RNF180",1,1
"RNF208",1,1
"RNF212",1,1
"RNF217-AS1",1,1
"RNF39",1,1
"RNMT",1,1
"RNPC3",1,1
"RNU6-1178P",1,1
"ROGDI",1,1
"RPF1",1,1
"RPIA",1,1
"RPL10L",1,1
"RPL12",1,1
"RPL13",1,1
"RPL21",1,1
"RPL22L1",1,1
"RPL23AP42",1,1
"RPL24",1,1
"RPL26L1",1,1
"RPL26P30",1,1
"RPL27A",1,1
"RPL31",1,1
"RPL32",1,1
"RPL36A",1,1
"RPL37",1,1
"RPL39L",1,1
"RPL6",1,1
"RPL7A",1,1
"RPL7L1",1,1
"RPLP2",1,1
"RPN2",1,1
"RPP14",1,1
"RPP38",1,1
"RPRM",1,1
"RPS10-NUDT3",1,1
"RPS14",1,1
"RPS16",1,1
"RPS19",1,1
"RPS2",1,1
"RPS21",1,1
"RPS25",1,1
"RPS26P15",1,1
"RPS27L",1,1
"RPS3A",1,1
"RPUSD1",1,1
"RRAGB",1,1
"RRAS",1,1
"RRH",1,1
"RRM2B",1,1
"RRP7A",1,1
"RRP8",1,1
"RRP9",1,1
"RSKR",1,1
"RSPH9",1,1
"RSPO1",1,1
"RSPO4",1,1
"RTCA",1,1
"RTL1",1,1
"RTL8C",1,1
"RTN4RL1",1,1
"RTP1",1,1
"RTP5",1,1
"RTRAF",1,1
"RUFY4",1,1
"RUNDC3A",1,1
"RUNX3",1,1
"RWDD1",1,1
"RWDD2B",1,1
"RYK",1,1
"S100A1",1,1
"S100A13",1,1
"S100A2",1,1
"S100A3",1,1
"S100A6",1,1
"S100A7",1,1
"S100A7A",1,1
"S100A7L2",1,1
"S100G",1,1
"SAA1",1,1
"SAA2-SAA4",1,1
"SAC3D1",1,1
"SAMM50",1,1
"SAP18",1,1
"SAP30",1,1
"SAPCD1",1,1
"SARNP",1,1
"SBK2",1,1
"SBSN",1,1
"SCAMP4",1,1
"SCAMP5",1,1
"SCAND1",1,1
"SCARF1",1,2
"SCGB1D2",1,1
"SCGB1D4",1,1
"SCGB3A2",1,1
"SCNM1",1,1
"SCO2",1,1
"SCOC",1,1
"SCP2",1,1
"SCP2D1",1,1
"SCRT1",1,1
"SCT",1,1
"SCTR",1,1
"SCX",1,1
"SDHB",1,1
"SDHD",1,1
"SEBOX",1,1
"SEC11A",1,1
"SEC14L2",1,2
"SEC22A",1,1
"SEC61B",1,1
"SEC61G",1,1
"SELENBP1",1,1
"SELENOF",1,1
"SELENOK",1,1
"SELENOM",1,1
"SELENOS",1,1
"SELENOV",1,1
"SELPLG",1,1
"SENP3",1,1
"SENP8",1,1
"SEPSECS",1,1
"SEPTIN11",1,1
"SERF1B",1,1
"SERF2",1,1
"SERGEF",1,1
"SERHL2",1,1
"SERINC2",1,1
"SERINC4",1,1
"SERPINA13P",1,1
"SERPINA6",1,1
"SERPINB10",1,2
"SERPINB6",1,1
"SERTAD1",1,1
"SERTM1",1,1
"SESN3",1,1
"SETD6",1,1
"SETD9",1,1
"SF3B5",1,1
"SFR1",1,1
"SFRP2",1,1
"SFT2D2",1,1
"SFTPA2",1,1
"SFTPD",1,1
"SFXN1",1,1
"SFXN3",1,1
"SGF29",1,1
"SGTB",1,1
"SH2D1A",1,1
"SH2D3C",1,1
"SH2D7",1,1
"SH3BGR",1,1
"SH3BP1",1,1
"SH3BP2",1,1
"SH3GL1",1,1
"SH3YL1",1,1
"SHB",1,1
"SHBG",1,1
"SHF",1,1
"SHROOM1",1,1
"SIAE",1,1
"SIGLEC14",1,1
"SIGLECL1",1,1
"SIGMAR1",1,1
"SIRPD",1,1
"SIRT4",1,1
"SIVA1",1,1
"SKAP1",1,1
"SKP1",1,1
"SLAMF8",1,2
"SLBP",1,1
"SLC15A3",1,1
"SLC16A3",1,1
"SLC16A8",1,1
"SLC16A9",1,1
"SLC1A5",1,1
"SLC22A13",1,1
"SLC22A8",1,1
"SLC25A19",1,1
"SLC25A24",1,1
"SLC25A27",1,1
"SLC25A28",1,1
"SLC25A33",1,1
"SLC25A40",1,1
"SLC25A51",1,1
"SLC26A1",1,1
"SLC27A3",1,1
"SLC2A14",1,1
"SLC35D2",1,1
"SLC35E2A",1,1
"SLC35G2",1,1
"SLC35G5",1,1
"SLC35G6",1,1
"SLC38A6",1,1
"SLC38A8",1,1
"SLC39A11",1,1
"SLC39A3",1,1
"SLC48A1",1,1
"SLC52A1",1,1
"SLC5A2",1,1
"SLC66A3",1,1
"SLC6A16",1,1
"SLC7A4",1,1
"SLC9A3R2",1,1
"SLC9B1",1,1
"SLIRP",1,2
"SLURP2",1,1
"SLX1B",1,1
"SMAD5",1,1
"SMAD6",1,1
"SMAD7",1,1
"SMAP2",1,1
"SMARCB1",1,1
"SMCO3",1,1
"SMIM12",1,1
"SMIM14",1,1
"SMIM21",1,1
"SMIM29",1,1
"SMIM7",1,1
"SMIM8",1,1
"SMPD2",1,1
"SMPDL3B",1,1
"SMU1",1,1
"SMUG1",1,1
"SNAI2",1,1
"SNAP29",1,1
"SNCB",1,1
"SNORC",1,1
"SNORD113-2",1,1
"SNORD114-17",1,1
"SNORD114-7",1,1
"SNORD115-17",1,1
"SNORD115-18",1,1
"SNORD115-20",1,1
"SNORD115-29",1,1
"SNORD115-43",1,1
"SNORD115-48",1,1
"SNORD115-6",1,1
"SNRNP25",1,1
"SNRNP27",1,1
"SNRPB2",1,1
"SNRPC",1,1
"SNTA1",1,1
"SNTB2",1,1
"SNURF",1,1
"SNX11",1,1
"SNX12",1,1
"SNX22",1,1
"SOSTDC1",1,1
"SOWAHB",1,1
"SOX11",1,1
"SOX8",1,1
"SP5",1,1
"SPA17",1,1
"SPACA6",1,1
"SPAG11A",1,1
"SPAG11B",1,1
"SPAG7",1,1
"SPAG8",1,1
"SPANXD",1,1
"SPANXN4",1,1
"SPARC",1,1
"SPATA19",1,1
"SPATA20",1,1
"SPATA22",1,1
"SPATA45",1,1
"SPATA6L",1,1
"SPATA8",1,1
"SPATC1",1,1
"SPATS2",1,1
"SPCS3",1,1
"SPDYA",1,1
"SPEF1",1,1
"SPIB",1,1
"SPIN2A",1,1
"SPIN4",1,1
"SPINK13",1,1
"SPINK14",1,1
"SPINK8",1,1
"SPOCK3",1,1
"SPRED3",1,1
"SPRR1B",1,1
"SPRR2D",1,1
"SPRR2E",1,1
"SPRR2F",1,1
"SPRR3",1,1
"SPRY4",1,1
"SPRYD4",1,1
"SPSB2",1,1
"SPSB4",1,2
"SPTSSA",1,1
"SPTSSB",1,1
"SPZ1",1,1
"SRARP",1,1
"SRD5A3",1,1
"SREK1IP1",1,1
"SRGN",1,1
"SRI",1,1
"SRP19",1,1
"SRP72",1,1
"SRR",1,1
"SRSF10",1,1
"SRSF6",1,1
"SRSF7",1,1
"SRSF9",1,1
"SRXN1",1,1
"SS18L1",1,1
"SSBP1",1,1
"SSNA1",1,1
"SSPN",1,1
"SSR3",1,1
"SST",1,1
"SSTR1",1,1
"SSU72",1,1
"SSX2",1,1
"SSX4B",1,1
"ST20",1,1
"ST3GAL5",1,1
"STAG3L3",1,1
"STARD3NL",1,1
"STARD7-AS1",1,1
"STBD1",1,1
"STH",1,1
"STING1",1,1
"STMN3",1,1
"STOM",1,1
"STOML2",1,1
"STOML3",1,1
"STPG3",1,1
"STUM",1,1
"STX12",1,1
"STX1B",1,1
"STX8",1,1
"STXBP4",1,1
"SUCLG1",1,1
"SUMF1",1,1
"SUN3",1,1
"SURF1",1,2
"SUSD1",1,1
"SUV39H2",1,1
"SVOPL",1,1
"SYCE1",1,1
"SYNDIG1L",1,1
"SYPL1",1,1
"TAAR8",1,1
"TAB1",1,1
"TAC1",1,1
"TACR3",1,1
"TADA1",1,1
"TAF11",1,1
"TAF12",1,1
"TAF7",1,1
"TAF8",1,1
"TAF9",1,1
"TAF9B",1,1
"TAFA1",1,1
"TAFA4",1,1
"TAFA5",1,1
"TAGLN2",1,1
"TAL1",1,1
"TALDO1",1,1
"TANGO2",1,1
"TAP2",1,1
"TAPBP",1,1
"TARDBP",1,1
"TAS2R20",1,1
"TAS2R30",1,1
"TAS2R42",1,1
"TAS2R60",1,1
"TAS2R7",1,1
"TAX1BP3",1,1
"TBC1D26",1,1
"TBC1D28",1,1
"TBC1D29P",1,1
"TBX10",1,1
"TBX21",1,1
"TBX6",1,1
"TCAF2",1,1
"TCEA2",1,1
"TCEA3",1,1
"TCEAL8",1,1
"TCEAL9",1,1
"TCIM",1,1
"TCP10L",1,1
"TCP11L1",1,1
"TCTA",1,1
"TCTE3",1,1
"TDGF1",1,1
"TDP1",1,1
"TECR",1,1
"TENT5B",1,1
"TERF2",1,1
"TESK1",1,1
"TEX13B",1,1
"TEX19",1,1
"TEX30",1,1
"TFAM",1,1
"TFEB",1,1
"TGFA",1,1
"TGFB1I1",1,1
"TGFB2",1,1
"TH",1,1
"THEM4",1,1
"THOC3",1,1
"THOC7",1,1
"THRB",1,1
"THUMPD1",1,1
"THYN1",1,1
"TIAF1",1,1
"TIFAB",1,1
"TIGD3",1,1
"TIMD4",1,1
"TIMM10",1,1
"TIMM13",1,1
"TIMM17B",1,1
"TIMM23",1,1
"TIMM8B",1,1
"TIMM9",1,1
"TIMP1",1,2
"TIMP2",1,1
"TLCD3B",1,1
"TLDC2",1,1
"TLX1NB",1,1
"TM2D1",1,1
"TM2D2",1,1
"TM4SF1",1,1
"TM4SF18",1,1
"TM6SF1",1,1
"TMBIM6",1,1
"TMCO2",1,1
"TMCO5A",1,1
"TMED1",1,1
"TMED3",1,1
"TMED7-TICAM2",1,1
"TMEM101",1,1
"TMEM102",1,1
"TMEM106C",1,1
"TMEM107",1,1
"TMEM123",1,2
"TMEM126B",1,1
"TMEM127",1,1
"TMEM128",1,1
"TMEM130",1,1
"TMEM138",1,1
"TMEM139",1,1
"TMEM141",1,1
"TMEM143",1,1
"TMEM150A",1,1
"TMEM150B",1,1
"TMEM159",1,1
"TMEM160",1,1
"TMEM161B",1,1
"TMEM164",1,1
"TMEM170A",1,1
"TMEM176A",1,1
"TMEM178A",1,1
"TMEM179B",1,1
"TMEM186",1,1
"TMEM196",1,1
"TMEM200B",1,1
"TMEM201",1,1
"TMEM202",1,1
"TMEM205",1,1
"TMEM213",1,1
"TMEM215",1,1
"TMEM216",1,1
"TMEM217",1,1
"TMEM220",1,3
"TMEM222",1,1
"TMEM225",1,1
"TMEM229B",1,1
"TMEM230",1,1
"TMEM243",1,1
"TMEM248",1,1
"TMEM25",1,1
"TMEM250",1,1
"TMEM251",1,1
"TMEM255B",1,1
"TMEM256",1,1
"TMEM258",1,1
"TMEM259",1,1
"TMEM30B",1,1
"TMEM33",1,1
"TMEM35A",1,1
"TMEM39B",1,1
"TMEM40",1,1
"TMEM41B",1,1
"TMEM43",1,1
"TMEM45B",1,1
"TMEM47",1,1
"TMEM51",1,1
"TMEM52B",1,1
"TMEM54",1,1
"TMEM60",1,1
"TMEM65",1,1
"TMEM69",1,1
"TMEM82",1,1
"TMEM86A",1,1
"TMEM8B",1,1
"TMEM9",1,1
"TMEM95",1,1
"TMEM9B",1,1
"TMIGD1",1,1
"TMLHE",1,1
"TMPRSS11F",1,1
"TMPRSS12",1,1
"TMPRSS2",1,1
"TMSB4X",1,1
"TMUB2",1,1
"TNFAIP1",1,1
"TNFAIP8",1,1
"TNFAIP8L1",1,1
"TNFAIP8L3",1,1
"TNFRSF10B",1,1
"TNFRSF10C",1,1
"TNFRSF13B",1,1
"TNFRSF17",1,1
"TNFRSF25",1,1
"TNFRSF6B",1,1
"TNFRSF9",1,1
"TNFSF18",1,1
"TNNI1",1,1
"TNNI2",1,1
"TNP1",1,1
"TNP2",1,1
"TOB2",1,1
"TOM1L1",1,1
"TOMM20",1,1
"TOMM20L",1,1
"TOMM22",1,1
"TOMM70",1,1
"TP53INP2",1,1
"TP73-AS1",1,1
"TPBG",1,1
"TPD52L1",1,1
"TPD52L3",1,1
"TPGS2",1,1
"TPK1",1,1
"TPSAB1",1,1
"TRABD",1,1
"TRADD",1,1
"TRAF3IP2",1,1
"TRAJ21",1,1
"TRAJ30",1,1
"TRAJ33",1,1
"TRAJ37",1,1
"TRAJ38",1,1
"TRAJ42",1,1
"TRAJ5",1,1
"TRAJ50",1,1
"TRAPPC6A",1,1
"TRARG1",1,1
"TRAV14DV4",1,1
"TRAV16",1,1
"TRAV18",1,1
"TRAV20",1,1
"TRAV22",1,1
"TRAV24",1,1
"TRAV26-2",1,1
"TRAV29DV5",1,1
"TRAV34",1,1
"TRAV38-1",1,1
"TRAV8-1",1,1
"TRAV8-4",1,1
"TRAV9-1",1,1
"TRAV9-2",1,1
"TRBC2",1,2
"TRBJ2-1",1,1
"TRBV19",1,1
"TRBV24-1",1,1
"TRBV27",1,1
"TRBV28",1,1
"TRBV30",1,1
"TRBV4-2",1,1
"TRBV6-1",1,1
"TREM2",1,1
"TREX1",1,1
"TRGC1",1,1
"TRGJP",1,3
"TRGV3",1,1
"TRIM11",1,1
"TRIM27",1,1
"TRIM4",1,1
"TRIM52",1,1
"TRIM54",1,1
"TRIM62",1,1
"TRIM8",1,1
"TRIML2",1,1
"TRIR",1,1
"TRMO",1,1
"TRMT10B",1,2
"TRMT44",1,1
"TRPT1",1,1
"TRUB2",1,1
"TSC22D4",1,1
"TSEN15",1,2
"TSN",1,1
"TSPAN18",1,1
"TSPAN19",1,1
"TSPAN3",1,1
"TSPAN31",1,1
"TSPAN33",1,1
"TSPAN4",1,1
"TSPAN6",1,1
"TSPO2",1,1
"TSPYL6",1,1
"TSR3",1,1
"TSSK4",1,1
"TSSK6",1,1
"TTC1",1,1
"TTC12",1,1
"TTC32",1,1
"TTC33",1,1
"TTC8",1,1
"TTC9B",1,1
"TTLL10",1,1
"TTLL13P",1,1
"TTPAL",1,1
"TTR",1,1
"TUBB2A",1,1
"TUBB6",1,1
"TUSC2",1,1
"TXN",1,1
"TXNL4A",1,1
"TXNRD3",1,1
"TYMS",1,1
"TYSND1",1,1
"TYW5",1,1
"U2AF2",1,1
"UAP1L1",1,1
"UBA3",1,1
"UBAC1",1,1
"UBD",1,1
"UBE2B",1,1
"UBE2D1",1,1
"UBE2E3",1,1
"UBE2F",1,1
"UBE2G2",1,1
"UBE2M",1,1
"UBE2NL",1,1
"UBE2W",1,1
"UBFD1",1,1
"UBL3",1,1
"UBL7",1,1
"UBQLNL",1,1
"UBTD1",1,1
"UBXN11",1,1
"UCHL1",1,2
"UCKL1",1,1
"UCN2",1,1
"UCN3",1,1
"UFC1",1,1
"UFSP1",1,1
"UGDH",1,1
"UGT1A4",1,1
"UGT1A5",1,1
"UGT2B17",1,1
"UNC119",1,1
"UNC5A",1,1
"UNC5CL",1,1
"UNC80",1,1
"UNKNOWN",1,1
"UPK2",1,1
"UPK3A",1,1
"UPK3B",1,1
"UQCC2",1,1
"UQCRHL",1,1
"UQCRQ",1,1
"UROS",1,1
"USB1",1,1
"USF2",1,1
"USP17L2",1,1
"USP18",1,1
"USP3",1,2
"USP30",1,1
"USP50",1,1
"UTP6",1,1
"UTS2B",1,1
"UTS2R",1,1
"UXT",1,1
"VAMP1",1,1
"VAMP2",1,1
"VAMP3",1,1
"VAMP4",1,1
"VAT1",1,1
"VAULT",1,1
"VCPKMT",1,1
"VCX2",1,1
"VDAC3",1,1
"VEGFB",1,1
"VIPR1",1,1
"VKORC1",1,1
"VMO1",1,1
"VPS29",1,1
"VPS37B",1,1
"VPS37C",1,1
"VPS37D",1,1
"VSIR",1,1
"VSNL1",1,2
"VSTM2A",1,1
"VSTM2L",1,1
"VSX2",1,1
"VWA1",1,1
"WARS1",1,1
"WBP1L",1,1
"WBP2NL",1,1
"WDCP",1,1
"WDR41",1,1
"WDR53",1,1
"WDR77",1,1
"WDR83",1,1
"WDR89",1,1
"WFDC10A",1,1
"WFDC10B",1,1
"WFDC11",1,1
"WFDC13",1,1
"WFDC3",1,1
"WFDC6",1,1
"WNT1",1,1
"WNT10B",1,1
"WNT3",1,1
"WNT5A",1,1
"WNT7B",1,1
"WNT9B",1,1
"WSB2",1,1
"WWTR1",1,1
"XG",1,1
"XKR8",1,1
"XKR9",1,1
"XRCC3",1,1
"YAE1",1,1
"YAF2",1,1
"YARS1",1,1
"YARS2",1,1
"YBX3",1,1
"YDJC",1,1
"YIPF2",1,1
"YPEL2",1,1
"YRDC",1,1
"YTHDF2",1,1
"YWHAE",1,1
"YWHAH",1,1
"YWHAQ",1,1
"YY1",1,1
"Z82190.2",1,1
"ZACN",1,1
"ZBED2",1,1
"ZBTB25",1,1
"ZBTB34",1,1
"ZBTB45",1,1
"ZBTB8A",1,1
"ZC3H12D",1,1
"ZC3H4",1,1
"ZC3HAV1L",1,1
"ZC4H2",1,1
"ZCCHC17",1,1
"ZCCHC9",1,1
"ZDHHC14",1,1
"ZDHHC23",1,2
"ZDHHC4",1,1
"ZDHHC7",1,1
"ZFAND3",1,1
"ZFP1",1,1
"ZFYVE21",1,1
"ZGLP1",1,1
"ZMAT2",1,1
"ZMAT3",1,1
"ZMAT5",1,1
"ZMYND11",1,1
"ZMYND19",1,1
"ZNF136",1,1
"ZNF140",1,1
"ZNF155",1,1
"ZNF18",1,1
"ZNF205",1,1
"ZNF213",1,1
"ZNF253",1,1
"ZNF271P",1,1
"ZNF276",1,2
"ZNF32",1,1
"ZNF322P1",1,1
"ZNF446",1,1
"ZNF449",1,1
"ZNF503",1,1
"ZNF511-PRAP1",1,1
"ZNF524",1,1
"ZNF57",1,1
"ZNF576",1,1
"ZNF579",1,1
"ZNF621",1,1
"ZNF653",1,1
"ZNF672",1,1
"ZNF69",1,1
"ZNF707",1,1
"ZNF709",1,2
"ZNF740",1,1
"ZNF746",1,1
"ZNF747",1,1
"ZNF750",1,1
"ZNF767P",1,1
"ZNF775",1,1
"ZNF839",1,1
"ZP3",1,1
"ZRSR2",1,1
"ZSCAN18",1,1
