"patient_id","age","sex","mutation_burden","TP53_mutated","KRAS_mutated","PIK3CA_mutated","outcome","risk_group","treatment_response","relapse_status","TTN_mutated","HMCN1_mutated","GATA3_mutated","RYR2_mutated","CDH1_mutated","KMT2C_mutated","MAP3K1_mutated","MUC16_mutated","driver_gene_mutated","vc_5'Flank","vc_Frame_Shift_Ins","vc_Missense_Mutation","vc_Nonsense_Mutation","vc_Silent","vc_Splice_Region","vc_Splice_Site","vc_3'Flank","vc_3'UTR","vc_Frame_Shift_Del","vc_Intron","vc_RNA","vc_Translation_Start_Site","vc_In_Frame_Del","vc_Nonstop_Mutation","vc_5'UTR","vc_In_Frame_Ins","vc_IGR","pathway_pi3k_akt","pathway_tp53","pathway_chromatin_remodeling","pathway_wnt"
"TCGA-A7-A0DC",63,"female",0,0,0,0,"alive",NA,NA,"not reported",0,0,0,0,0,0,0,0,0,0,0,0,0,0,0,0,0,0,0,0,0,0,0,0,0,0,0,0,0,0,0
"TCGA-BH-A0B6",47,"female",840,0,0,1,"alive",NA,NA,NA,1,1,0,0,0,0,0,0,1,2,2,512,66,226,6,5,2,2,0,10,3,0,0,0,4,0,0,1,0,0,0
"TCGA-A8-A084",81,"female",0,0,0,0,"alive",NA,NA,NA,0,0,0,0,0,0,0,0,0,0,0,0,0,0,0,0,0,0,0,0,0,0,0,0,0,0,0,0,0,0,0
"TCGA-A8-A06U",80,"female",63,1,0,1,"dead",NA,NA,NA,1,0,0,0,0,0,0,0,1,0,1,39,5,14,1,1,0,0,1,1,0,0,0,0,0,0,0,1,1,0,0
"TCGA-D8-A146",57,"female",35,0,0,1,"alive",NA,"Not Reported",NA,0,0,0,0,0,0,0,0,1,0,1,22,3,6,1,0,0,0,2,0,0,0,0,0,0,0,0,1,0,0,0
"TCGA-A8-A09K",68,"female",45,0,0,0,"alive",NA,NA,NA,0,0,0,0,0,0,0,0,0,0,0,24,2,11,0,1,0,0,3,1,2,0,1,0,0,0,0,0,0,0,0
"TCGA-C8-A1HI",40,"female",55,0,0,0,"alive",NA,"Not Reported",NA,0,0,1,0,0,0,0,0,1,0,1,33,0,17,0,2,0,0,1,0,0,0,1,0,0,0,0,0,0,0,0
"TCGA-B6-A1KC",67,"female",30,0,0,0,"alive",NA,"Not Reported",NA,0,0,0,0,0,0,0,0,1,0,1,17,0,10,0,0,0,0,1,0,0,0,1,0,0,0,0,0,0,1,0
"TCGA-PL-A8LV",54,"female",110,1,0,0,"alive",NA,NA,NA,0,0,0,0,0,0,0,0,1,0,0,74,3,27,0,3,0,0,2,1,0,0,0,0,0,0,0,0,1,0,0
"TCGA-E2-A1L7",40,"female",67,1,0,0,"alive",NA,"Treatment Ongoing",NA,0,0,0,0,0,0,0,0,1,0,0,48,2,11,2,1,1,0,2,0,0,0,0,0,0,0,0,0,1,0,0
"TCGA-AR-A0U0",73,"female",37,1,0,0,"alive",NA,NA,NA,1,0,0,0,0,1,0,0,1,0,2,24,3,7,0,0,0,0,0,0,0,0,1,0,0,0,0,0,1,1,0
"TCGA-D8-A1XU",56,"female",26,0,0,0,"alive",NA,NA,NA,0,0,0,0,0,1,0,0,1,0,0,14,2,7,0,0,0,1,1,0,0,0,1,0,0,0,0,1,0,1,0
"TCGA-B6-A0IK",63,"female",148,1,0,1,"dead",NA,"Not Reported",NA,0,0,0,0,0,0,0,1,1,2,2,83,9,45,1,2,0,0,0,1,1,0,0,0,2,0,0,1,1,0,0
"TCGA-AN-A0XW",36,"female",328,0,0,0,"alive",NA,NA,NA,1,1,0,1,0,1,0,0,1,0,3,217,23,73,2,2,0,1,0,2,3,0,0,0,2,0,0,1,0,1,0
"TCGA-AC-A8OP",72,"female",153,0,0,0,"alive",NA,"Not Reported",NA,1,0,1,0,0,1,0,0,1,1,2,87,11,43,1,3,0,0,4,0,0,1,0,0,0,0,0,0,0,1,0
"TCGA-OL-A66N",59,"female",38,0,0,0,"alive",NA,NA,NA,0,0,0,0,1,0,1,0,1,0,2,22,3,8,1,0,0,0,1,1,0,0,0,0,0,0,0,0,0,0,0
"TCGA-A2-A0YM",67,"female",82,1,0,0,"alive",NA,NA,NA,0,0,0,0,0,0,0,0,1,0,0,49,6,20,0,1,1,0,2,2,0,0,0,0,0,1,0,0,1,0,0
"TCGA-OL-A5RY",52,"female",11,0,0,0,"alive",NA,"Not Reported",NA,0,0,0,0,0,0,0,0,0,0,0,7,0,1,0,0,0,0,3,0,0,0,0,0,0,0,0,0,0,0,0
"TCGA-A2-A4RW",49,"female",113,0,0,0,"alive",NA,NA,NA,0,0,0,0,0,0,0,1,1,0,0,73,6,22,1,3,0,0,2,2,0,0,3,1,0,0,0,0,0,1,0
"TCGA-OL-A6VQ",49,"female",57,0,0,1,"alive",NA,NA,NA,0,0,0,0,1,0,0,0,1,0,2,35,2,14,2,0,0,0,2,0,0,0,0,0,0,0,0,1,0,0,0
"TCGA-B6-A0WV",67,"female",34,0,0,0,"dead",NA,"Not Reported",NA,0,0,1,0,0,1,0,0,1,0,3,19,0,8,0,0,0,0,2,0,0,0,2,0,0,0,0,0,0,1,0
"TCGA-PE-A5DC",72,"female",114,0,0,0,"dead",NA,"Not Reported",NA,0,0,0,0,1,0,0,0,1,0,0,60,2,31,3,5,0,0,8,2,0,0,3,0,0,0,0,0,0,0,0
"TCGA-BH-A0BP",76,"female",156,1,0,0,"dead",NA,NA,NA,1,0,0,0,0,0,0,1,1,0,1,99,6,37,1,5,1,0,2,1,2,0,0,0,1,0,0,0,1,0,0
"TCGA-AC-A3OD",68,"female",45,1,0,1,"alive",NA,NA,NA,0,0,0,0,1,0,0,0,1,0,0,31,8,4,0,0,0,0,2,0,0,0,0,0,0,0,0,1,1,0,0
"TCGA-B6-A0RL",60,"female",59,0,0,0,"dead",NA,"Not Reported",NA,0,0,0,0,0,0,0,0,0,0,1,37,3,13,0,1,0,0,2,1,0,1,0,0,0,0,0,0,0,0,0
"TCGA-AN-A03Y",66,"female",39,0,0,1,"alive",NA,NA,NA,0,0,0,0,1,0,0,1,1,0,1,21,1,12,1,1,0,0,1,1,0,0,0,0,0,0,0,1,0,0,0
"TCGA-AN-A0FD",71,"female",34,0,0,0,"alive",NA,NA,NA,0,0,1,0,0,0,0,0,1,0,1,21,2,8,0,0,0,0,2,0,0,0,0,0,0,0,0,0,0,0,0
"TCGA-BH-A0DO",78,"female",25,0,0,1,"alive",NA,NA,NA,0,0,0,0,0,0,0,0,1,0,0,13,1,5,1,1,0,0,4,0,0,0,0,0,0,0,0,1,0,0,0
"TCGA-B6-A1KI",63,"female",22,0,0,1,"alive",NA,"Not Reported",NA,0,0,0,0,0,0,1,0,1,0,0,12,0,7,0,0,0,0,2,0,0,0,1,0,0,0,0,1,0,0,0
"TCGA-B6-A0IM",75,"female",32,0,0,0,"dead",NA,"Not Reported",NA,0,0,1,0,0,0,1,0,1,0,2,16,1,8,0,4,0,0,1,0,0,0,0,0,0,0,0,0,0,0,0
"TCGA-E9-A5FL",65,"female",96,1,0,0,"alive",NA,NA,NA,1,0,0,0,0,0,0,0,1,0,1,61,9,16,2,3,0,1,2,1,0,0,0,0,0,0,0,0,1,0,0
"TCGA-3C-AALJ",62,"female",32,0,0,0,"alive",NA,"Unknown",NA,1,0,1,0,0,0,0,0,1,1,1,19,0,5,0,1,0,0,2,0,1,0,2,0,0,0,0,0,0,0,0
"TCGA-E9-A3QA",33,"female",0,0,0,0,"alive",NA,NA,NA,0,0,0,0,0,0,0,0,0,0,0,0,0,0,0,0,0,0,0,0,0,0,0,0,0,0,0,0,0,0,0
"TCGA-LL-A7T0",70,"female",49,0,0,1,"alive",NA,NA,NA,1,0,0,0,0,0,0,0,1,0,0,30,4,13,0,0,1,0,1,0,0,0,0,0,0,0,0,1,0,0,0
"TCGA-OL-A66K",72,"female",28,0,0,0,"dead",NA,NA,NA,0,0,1,0,1,0,0,0,1,0,1,18,0,6,0,1,0,0,1,1,0,0,0,0,0,0,0,0,0,0,0
"TCGA-AN-A0FN",61,"female",37,0,0,0,"alive",NA,NA,NA,0,0,0,1,0,0,0,0,0,0,1,26,1,7,0,1,0,0,0,1,0,0,0,0,0,0,0,0,0,0,0
"TCGA-AN-A0FZ",45,"female",72,0,0,0,"alive",NA,NA,NA,0,1,1,0,0,0,0,0,1,0,1,54,2,13,0,0,0,0,1,1,0,0,0,0,0,0,0,0,0,0,0
"TCGA-A2-A0CX",52,"female",290,0,0,0,"alive",NA,NA,NA,1,1,0,0,0,0,0,0,0,1,0,192,20,63,4,1,1,0,1,4,3,0,0,0,0,0,0,0,0,0,0
"TCGA-B6-A0RQ",68,"female",47,0,0,1,"dead",NA,"Not Reported",NA,1,0,0,0,1,0,0,0,1,0,0,31,2,11,1,0,0,0,1,0,0,0,0,0,1,0,0,1,0,0,0
"TCGA-C8-A12Y",44,"female",41,0,0,1,"alive",NA,"Not Reported",NA,0,0,0,0,0,0,0,0,1,0,0,25,1,12,1,1,0,0,1,0,0,0,0,0,0,0,0,1,0,0,0
"TCGA-AN-A0FF",32,"female",22,0,0,1,"alive",NA,NA,NA,1,0,0,0,0,0,0,0,1,0,1,13,3,4,0,0,0,0,0,0,0,0,1,0,0,0,0,1,0,0,0
"TCGA-B6-A0WT",61,"female",21,0,0,0,"alive",NA,"Not Reported",NA,0,0,0,0,0,0,0,0,1,0,0,11,1,6,0,1,1,0,1,0,0,0,0,0,0,0,0,1,0,0,1
"TCGA-C8-A12V",55,"female",42,0,0,0,"alive",NA,"Not Reported",NA,0,0,0,0,0,0,0,0,1,0,0,32,2,5,0,1,0,0,0,1,0,0,1,0,0,0,0,1,0,0,0
"TCGA-C8-A1HN",56,"female",53,0,0,0,"alive",NA,"Not Reported",NA,0,0,1,0,0,0,0,0,1,0,2,28,6,12,0,2,0,0,2,1,0,0,0,0,0,0,0,0,0,0,0
"TCGA-A2-A4S0",77,"female",0,0,0,0,"alive",NA,NA,NA,0,0,0,0,0,0,0,0,0,0,0,0,0,0,0,0,0,0,0,0,0,0,0,0,0,0,0,0,0,0,0
"TCGA-BH-A5J0",63,"female",64,0,0,1,"alive",NA,NA,NA,1,0,0,0,0,0,0,0,1,0,0,47,5,8,0,0,0,0,2,1,0,0,0,0,1,0,0,1,0,0,0
"TCGA-D8-A1XD",36,"female",0,0,0,0,"alive",NA,NA,NA,0,0,0,0,0,0,0,0,0,0,0,0,0,0,0,0,0,0,0,0,0,0,0,0,0,0,0,0,0,0,0
"TCGA-AN-A0FT",63,"female",108,1,0,0,"alive",NA,NA,NA,0,0,0,0,0,0,0,0,1,0,3,62,9,28,0,3,0,0,2,1,0,0,0,0,0,0,0,0,1,0,0
"TCGA-AC-A3HN",87,"female",0,0,0,0,"alive",NA,"Not Reported",NA,0,0,0,0,0,0,0,0,0,0,0,0,0,0,0,0,0,0,0,0,0,0,0,0,0,0,0,0,0,0,0
"TCGA-C8-A26Y",89,"female",753,0,0,0,"alive",NA,NA,NA,1,0,0,0,0,1,0,0,1,0,2,486,51,172,7,10,0,1,9,7,3,1,2,1,0,1,0,1,0,1,0
"TCGA-B6-A0RT",39,"female",53,1,0,0,"alive",NA,"Not Reported",NA,0,0,0,0,0,0,0,0,1,0,0,39,2,7,0,1,0,0,3,0,1,0,0,0,0,0,0,0,1,0,0
"TCGA-A2-A1G1",85,"female",32,1,0,0,"alive",NA,NA,NA,1,0,0,0,0,0,1,0,1,0,0,19,0,7,1,2,0,0,2,0,0,1,0,0,0,0,0,0,1,0,0
"TCGA-A8-A08J",52,"female",34,0,0,0,"dead",NA,NA,NA,0,0,1,0,0,0,0,0,1,0,1,26,0,4,0,1,0,0,1,0,0,0,0,0,0,1,0,0,0,0,0
"TCGA-OL-A66H",74,"female",19,0,0,0,"alive",NA,NA,NA,0,0,0,0,0,1,0,0,0,0,0,12,1,3,1,0,0,0,2,0,0,0,0,0,0,0,0,0,0,1,0
"TCGA-D8-A3Z5",54,"female",0,0,0,0,"alive",NA,NA,NA,0,0,0,0,0,0,0,0,0,0,0,0,0,0,0,0,0,0,0,0,0,0,0,0,0,0,0,0,0,0,0
"TCGA-C8-A12M",70,"female",62,0,0,0,"alive",NA,"Not Reported",NA,0,0,1,0,0,0,0,0,1,0,1,38,3,14,2,0,0,0,3,1,0,0,0,0,0,0,0,0,0,0,0
"TCGA-BH-A0WA",82,"female",105,1,0,0,"alive",NA,NA,NA,0,0,0,0,0,0,0,0,1,0,0,72,3,18,0,5,0,0,3,2,0,0,2,0,0,0,0,0,1,0,0
"TCGA-BH-A0DE",62,"female",30,0,0,1,"alive",NA,NA,NA,0,0,0,0,0,1,0,0,1,0,1,20,1,5,0,1,0,0,1,0,0,0,1,0,0,0,0,1,0,1,0
"TCGA-OL-A5RX",51,"female",22,0,0,1,"alive",NA,NA,NA,0,0,1,0,0,1,0,0,1,0,0,14,3,3,0,0,0,1,1,0,0,0,0,0,0,0,0,1,0,1,0
"TCGA-B6-A0I9",62,"female",75,1,0,0,"dead",NA,"Not Reported",NA,1,0,1,0,0,0,0,0,1,0,1,47,4,17,0,1,0,0,4,0,0,0,0,0,1,0,0,0,1,0,0
"TCGA-BH-A0BQ",39,"female",25,0,0,1,"alive",NA,NA,NA,0,0,1,0,0,0,0,0,1,0,0,13,4,6,0,1,0,0,0,0,0,0,1,0,0,0,0,1,0,0,0
"TCGA-BH-A0BF",56,"female",33,1,0,1,"dead",NA,NA,NA,1,0,0,0,0,0,0,0,1,0,0,18,0,12,0,0,0,0,1,0,0,0,2,0,0,0,0,1,1,0,0
"TCGA-AQ-A54N",51,"female",64,1,0,0,"alive",NA,NA,NA,0,0,0,0,0,0,0,0,1,0,1,43,4,7,0,1,0,1,4,1,0,0,2,0,0,0,0,0,1,0,0
"TCGA-BH-A8FY",87,"female",41,0,0,1,"dead",NA,NA,NA,1,0,0,0,1,0,0,0,1,0,0,31,2,7,0,0,0,0,1,0,0,0,0,0,0,0,0,1,0,0,0
"TCGA-D8-A1XC",85,"female",31,0,0,0,"dead",NA,NA,NA,0,0,0,0,0,0,0,1,0,0,0,21,2,5,0,2,0,0,1,0,0,0,0,0,0,0,0,0,0,0,0
"TCGA-AC-A8OR",75,"female",29,0,0,0,"alive",NA,NA,NA,0,0,0,0,0,0,0,0,0,0,1,20,0,6,0,1,0,0,1,0,0,0,0,0,0,0,0,0,0,0,0
"TCGA-B6-A0WY",40,"female",26,0,0,1,"dead",NA,"Not Reported",NA,0,0,0,0,0,0,0,0,1,0,1,16,4,3,0,0,0,0,0,0,0,0,2,0,0,0,0,1,0,0,0
"TCGA-OK-A5Q2",59,"female",29,0,0,1,"alive",NA,NA,NA,0,0,0,0,1,0,1,0,1,0,1,16,3,4,1,2,0,0,0,1,0,0,0,0,0,1,0,1,0,0,0
"TCGA-E9-A5UO",41,"female",27,0,0,0,"alive",NA,NA,NA,0,0,1,0,0,0,0,0,1,0,2,13,3,7,0,0,0,0,1,0,0,0,1,0,0,0,0,0,0,0,0
"TCGA-E2-A1L6",44,"female",19,0,0,1,"alive",NA,"Treatment Ongoing;NA",NA,0,0,0,0,0,0,0,0,1,0,0,11,1,4,0,1,0,0,0,0,0,0,2,0,0,0,0,1,0,0,0
"TCGA-EW-A6SB",62,"female",59,1,0,0,"alive",NA,"Not Reported",NA,0,0,0,0,0,0,0,0,1,0,0,42,4,10,0,0,0,0,1,1,0,0,0,1,0,0,0,0,1,0,0
"TCGA-E9-A54Y",63,"female",41,0,0,0,"alive",NA,NA,NA,0,1,0,0,0,0,0,0,0,0,1,24,2,11,0,0,0,0,2,0,1,0,0,0,0,0,0,0,0,0,0
"TCGA-LL-A6FQ",77,"female",50,0,0,0,"alive",NA,NA,NA,0,0,1,0,0,0,0,0,1,0,1,26,4,14,0,1,0,0,1,2,0,0,0,0,1,0,0,1,0,0,0
"TCGA-B6-A0RS",38,"female",157,1,0,0,"dead",NA,"Not Reported",NA,1,0,0,0,0,0,0,1,1,0,0,108,2,35,0,4,0,1,3,1,0,0,2,0,1,0,0,0,1,0,0
"TCGA-A2-A0EV",80,"female",63,0,0,1,"alive",NA,NA,NA,0,0,0,0,0,0,0,0,1,0,1,44,3,11,2,2,0,0,0,0,0,0,0,0,0,0,0,1,0,0,0
"TCGA-C8-A3M7",60,"female",0,0,0,0,"dead",NA,"Not Reported",NA,0,0,0,0,0,0,0,0,0,0,0,0,0,0,0,0,0,0,0,0,0,0,0,0,0,0,0,0,0,0,0
"TCGA-AN-A0XS",63,"female",30,0,0,1,"alive",NA,NA,NA,0,0,0,0,0,0,1,0,1,0,0,20,1,3,0,1,0,0,4,0,1,0,0,0,0,0,0,1,0,0,0
"TCGA-AN-A0AJ",79,"female",85,1,0,1,"alive",NA,NA,NA,0,0,0,1,0,0,0,1,1,0,0,51,5,18,0,1,0,0,5,2,1,0,2,0,0,0,0,1,1,0,0
"TCGA-OL-A66J",80,"female",53,0,0,0,"alive",NA,NA,NA,0,0,0,0,0,0,0,0,0,0,0,37,2,9,0,2,0,0,2,0,0,0,1,0,0,0,0,0,0,0,0
"TCGA-B6-A0IG",50,"female",0,0,0,0,"dead",NA,"Not Reported",NA,0,0,0,0,0,0,0,0,0,0,0,0,0,0,0,0,0,0,0,0,0,0,0,0,0,0,0,0,0,0,0
"TCGA-PL-A8LY",30,"female",2,0,0,0,"alive",NA,NA,NA,0,0,0,0,0,0,0,0,0,0,0,1,0,1,0,0,0,0,0,0,0,0,0,0,0,0,0,0,0,0,0
"TCGA-AN-A04C",51,"female",83,1,0,1,"alive",NA,NA,NA,0,0,0,0,0,0,0,0,1,0,4,51,3,18,0,2,0,0,3,1,0,0,0,0,1,0,0,1,1,0,0
"TCGA-A7-A0CG",78,"female",51,0,0,1,"alive",NA,NA,NA,0,0,0,0,0,0,0,0,1,0,1,31,3,15,1,0,0,0,0,0,0,0,0,0,0,0,0,1,0,0,0
"TCGA-C8-A8HQ",53,"female",253,0,0,1,"alive",NA,NA,NA,0,0,1,1,0,0,0,1,1,1,1,167,17,58,0,2,0,1,3,1,0,0,0,0,2,0,0,1,0,1,0
"TCGA-BH-A0BR",59,"female",48,1,0,0,"alive",NA,NA,NA,0,0,1,0,0,0,0,0,1,0,0,36,2,8,0,1,0,0,1,0,0,0,0,0,0,0,0,1,1,0,0
"TCGA-BH-A0H3",46,"female",15,0,0,1,"alive",NA,NA,NA,0,0,1,0,0,0,0,0,1,0,2,9,1,2,0,1,0,0,0,0,0,0,0,0,0,0,0,1,0,0,0
"TCGA-BH-A42T",75,"female",0,0,0,0,"dead",NA,NA,NA,0,0,0,0,0,0,0,0,0,0,0,0,0,0,0,0,0,0,0,0,0,0,0,0,0,0,0,0,0,0,0
"TCGA-C8-A12N",58,"female",25,0,0,1,"alive",NA,"Not Reported",NA,0,0,0,0,0,1,1,0,1,0,0,8,0,12,0,1,0,0,4,0,0,0,0,0,0,0,0,1,0,1,0
"TCGA-AC-A5EI",88,"female",31,0,0,0,"alive",NA,NA,NA,0,0,1,1,0,0,0,0,1,0,1,20,0,5,0,2,0,0,1,0,1,0,1,0,0,0,0,0,0,0,0
"TCGA-B6-A0IQ",40,"female",0,0,0,0,"alive",NA,"Not Reported",NA,0,0,0,0,0,0,0,0,0,0,0,0,0,0,0,0,0,0,0,0,0,0,0,0,0,0,0,0,0,0,0
"TCGA-C8-A1HF",48,"female",33,1,0,1,"alive",NA,"Not Reported",NA,0,0,0,0,0,0,0,0,1,0,0,22,1,6,0,1,0,0,1,2,0,0,0,0,0,0,0,1,1,0,0
"TCGA-C8-A1HL",38,"female",27,0,0,0,"alive",NA,NA,NA,0,0,1,0,0,0,0,0,1,0,0,16,2,6,0,1,0,0,2,0,0,0,0,0,0,0,0,0,0,1,0
"TCGA-B6-A0RI",44,"female",19,0,0,0,"alive",NA,"Not Reported",NA,0,0,0,0,0,0,0,0,0,0,1,7,2,3,1,2,0,0,1,1,0,0,0,0,0,1,0,0,0,0,0
"TCGA-AN-A0XT",54,"female",17,1,0,0,"alive",NA,NA,NA,0,0,0,0,0,0,0,0,1,0,0,7,0,7,0,1,0,0,0,2,0,0,0,0,0,0,0,0,1,0,0
"TCGA-C8-A12O",50,"female",36,1,0,0,"alive",NA,"Not Reported",NA,0,0,0,0,0,0,0,0,1,0,0,24,1,8,0,0,0,1,1,0,0,0,1,0,0,0,0,0,1,0,0
"TCGA-A2-A4S1",66,"female",69,1,0,0,"alive",NA,NA,NA,0,0,0,0,0,0,0,0,1,0,0,54,2,8,0,1,0,0,3,1,0,0,0,0,0,0,0,0,1,0,0
"TCGA-AN-A0AT",62,"female",126,0,0,0,"alive",NA,NA,NA,1,0,0,0,0,0,0,0,0,0,1,91,3,21,0,1,1,0,5,2,1,0,0,0,0,0,0,0,0,0,0
"TCGA-AC-A62Y",79,"female",64,0,0,0,"alive",NA,"Not Reported",NA,0,0,0,0,0,0,0,0,1,0,2,42,3,13,0,0,1,0,1,2,0,0,0,0,0,0,0,1,0,0,0
"TCGA-BH-A1EY",79,"female",47,1,0,0,"dead",NA,NA,NA,1,0,0,0,0,1,0,0,1,0,0,24,2,16,1,2,0,0,0,1,0,0,1,0,0,0,0,0,1,1,0
"TCGA-BH-A0W4",46,"female",31,0,0,0,"alive",NA,NA,NA,0,0,0,0,0,0,0,0,1,0,0,22,2,3,0,1,0,0,2,0,1,0,0,0,0,0,0,1,0,0,0
"TCGA-B6-A0RE",61,"female",161,1,0,0,"alive",NA,NA,NA,0,0,0,0,0,0,0,1,1,0,2,104,10,34,3,1,0,0,2,0,1,0,3,1,0,0,0,0,1,0,0
"TCGA-A8-A08T",64,"female",47,0,0,1,"dead",NA,NA,NA,0,0,0,0,0,0,0,0,1,1,0,29,6,9,0,0,0,0,1,0,0,0,1,0,0,0,0,1,0,0,0
"TCGA-AN-A04D",58,"female",104,0,0,0,"alive",NA,NA,NA,1,0,0,0,0,0,0,1,0,0,1,65,2,25,0,2,0,1,3,1,0,0,3,0,0,1,0,0,0,0,0
"TCGA-AC-A7VC",56,"female",18,1,0,0,"alive",NA,NA,NA,0,0,0,0,0,0,0,0,1,0,0,11,2,4,0,0,0,0,0,0,0,0,1,0,0,0,0,0,1,0,0
"TCGA-C8-A132",56,"female",67,0,0,0,"alive",NA,"Not Reported",NA,0,0,0,0,0,0,0,0,0,0,0,45,3,14,1,1,0,0,2,1,0,0,0,0,0,0,0,0,0,0,0
"TCGA-A8-A08L",89,"female",230,0,0,1,"dead",NA,NA,NA,0,1,0,1,0,0,0,1,1,1,1,149,12,50,1,7,0,0,5,1,2,0,1,0,0,0,0,1,0,0,0
"TCGA-D8-A1XG",86,"female",22,0,0,0,"alive",NA,NA,NA,0,0,0,0,0,0,0,0,0,0,0,12,0,6,0,0,0,1,3,0,0,0,0,0,0,0,0,0,0,0,0
"TCGA-AN-A0FV",58,"female",93,1,0,0,"alive",NA,NA,NA,0,1,0,1,0,0,0,0,1,2,1,60,4,23,0,0,0,0,3,0,0,0,0,0,0,0,0,0,1,0,0
"TCGA-AN-A0FY",55,"female",53,1,0,0,"alive",NA,NA,NA,0,0,0,0,0,0,0,0,1,0,2,42,2,4,0,0,0,0,1,1,0,0,1,0,0,0,0,0,1,0,0
"TCGA-5T-A9QA",52,"female",46,0,0,0,"alive",NA,"Complete Response",NA,0,0,0,0,0,0,0,1,0,0,0,23,3,14,2,2,0,0,0,1,1,0,0,0,0,0,0,0,0,0,0
"TCGA-AC-A3W6",89,"female",0,0,0,0,"alive",NA,NA,NA,0,0,0,0,0,0,0,0,0,0,0,0,0,0,0,0,0,0,0,0,0,0,0,0,0,0,0,0,0,0,0
"TCGA-B6-A0X4",62,"female",22,0,0,0,"dead",NA,"Not Reported",NA,0,0,0,0,0,1,0,1,0,0,0,12,4,4,0,0,0,0,1,0,1,0,0,0,0,0,0,0,0,1,0
"TCGA-AR-A1AJ",83,"female",37,1,0,0,"alive",NA,NA,NA,1,0,0,0,0,0,0,0,1,0,0,30,0,4,0,0,0,0,1,2,0,0,0,0,0,0,0,1,1,0,0
"TCGA-BH-A8FZ",58,"female",69,0,0,0,"alive",NA,NA,NA,0,0,0,0,0,0,0,0,0,0,1,47,2,13,0,1,0,1,2,0,1,0,1,0,0,0,0,0,0,0,0
"TCGA-E2-A1LK",84,"female",47,1,0,0,"dead",NA,NA,NA,1,0,0,0,0,0,0,0,1,1,2,24,1,13,2,1,0,0,2,1,0,0,0,0,0,0,0,0,1,0,1
"TCGA-B6-A0X0",54,"female",20,0,0,0,"dead",NA,"Not Reported",NA,0,0,1,0,0,0,0,0,1,0,0,11,1,6,0,1,0,0,0,0,0,0,1,0,0,0,0,0,0,0,0
"TCGA-BH-A0BG",73,"female",0,0,0,0,"alive",NA,NA,NA,0,0,0,0,0,0,0,0,0,0,0,0,0,0,0,0,0,0,0,0,0,0,0,0,0,0,0,0,0,0,0
"TCGA-BH-A201",64,"female",18,0,0,1,"alive",NA,NA,NA,0,0,0,0,0,0,0,0,1,0,0,13,0,3,0,1,0,0,0,0,0,0,1,0,0,0,0,1,0,0,0
"TCGA-B6-A0IB",64,"female",72,0,0,0,"dead",NA,"Not Reported",NA,0,0,0,0,0,0,0,0,1,1,0,44,6,15,0,3,0,0,3,0,0,0,0,0,0,0,0,1,0,0,0
"TCGA-AC-A8OQ",72,"female",92,1,0,0,"alive",NA,NA,NA,0,0,0,0,0,0,0,0,1,2,0,58,4,17,0,3,0,0,4,2,1,0,1,0,0,0,0,0,1,0,0
"TCGA-C8-A12P",55,"female",178,1,0,0,"alive",NA,NA,NA,0,0,0,1,0,0,0,0,1,0,0,112,6,41,0,3,1,0,5,6,2,0,0,1,1,0,0,0,1,0,0
"TCGA-B6-A0IN",45,"female",34,0,0,0,"dead",NA,"Not Reported",NA,1,0,1,0,0,0,0,0,1,0,2,18,3,9,0,1,0,0,1,0,0,0,0,0,0,0,0,0,0,0,0
"TCGA-AN-A0XV",67,"female",36,0,0,0,"alive",NA,NA,NA,0,0,0,0,0,1,0,0,0,0,0,20,3,8,0,1,0,0,4,0,0,0,0,0,0,0,0,0,0,1,0
"TCGA-BH-A0H6",82,"female",21,0,0,0,"alive",NA,"Not Reported",NA,0,0,0,0,0,0,1,0,1,0,0,11,1,5,0,1,0,0,3,0,0,0,0,0,0,0,0,0,0,0,0
"TCGA-OL-A66L",71,"female",69,0,0,1,"alive",NA,NA,NA,0,0,0,0,0,0,0,0,1,0,0,47,0,18,1,2,0,0,0,0,0,1,0,0,0,0,0,1,0,0,0
"TCGA-Z7-A8R6",46,"female",72,1,0,0,"alive",NA,"Complete Response",NA,0,1,0,0,0,0,0,0,1,0,1,38,7,21,0,1,0,0,2,0,0,0,1,0,1,0,0,0,1,0,0
"TCGA-C8-A1HE",59,"female",48,0,0,1,"alive",NA,"Not Reported",NA,0,0,0,0,0,0,0,0,1,0,0,26,4,15,0,1,1,0,1,0,0,0,0,0,0,0,0,1,0,0,0
"TCGA-A8-A07B",69,"female",72,1,0,1,"alive",NA,NA,NA,0,0,0,0,1,0,0,0,1,0,2,45,4,17,0,0,0,0,3,0,1,0,0,0,0,0,0,1,1,0,0
"TCGA-AC-A2FM",87,"female",0,0,0,0,"dead",NA,NA,NA,0,0,0,0,0,0,0,0,0,0,0,0,0,0,0,0,0,0,0,0,0,0,0,0,0,0,0,0,0,0,0
"TCGA-B6-A1KF",68,"female",58,1,0,0,"alive",NA,"Not Reported",NA,0,0,0,1,0,0,0,0,1,0,1,37,1,14,1,1,1,0,2,0,0,0,0,0,0,0,0,0,1,0,0
"TCGA-AN-A03X",74,"female",34,0,0,1,"alive",NA,NA,NA,0,0,0,0,0,0,1,0,1,1,2,20,2,6,1,0,0,0,1,0,0,0,1,0,0,0,0,1,0,0,0
"TCGA-EW-A1PB",70,"female",153,1,0,0,"alive",NA,NA,NA,0,0,0,0,0,0,0,0,1,0,0,95,11,33,1,5,0,1,3,1,1,0,2,0,0,0,0,0,1,0,0
"TCGA-D8-A1JL",72,"female",116,1,0,0,"alive",NA,"Not Reported",NA,0,0,0,0,0,0,0,0,1,0,1,68,6,29,1,3,0,0,5,3,0,0,0,0,0,0,0,0,1,0,0
"TCGA-EW-A6SA",59,"male",73,0,0,0,"alive",NA,"Not Reported",NA,0,0,0,0,0,0,1,0,1,1,1,50,3,16,0,2,0,0,0,0,0,0,0,0,0,0,0,0,0,1,0
"TCGA-AN-A0XR",55,"female",31,0,0,0,"alive",NA,NA,NA,0,0,1,0,0,0,0,0,1,0,3,22,0,5,0,1,0,0,0,0,0,0,0,0,0,0,0,1,0,0,1
"TCGA-D8-A1XV",84,"female",31,0,0,0,"alive",NA,NA,NA,0,0,0,0,0,0,0,0,0,0,0,18,1,9,0,1,0,0,1,0,1,0,0,0,0,0,0,0,0,0,0
"TCGA-AN-A0AR",55,"female",123,1,0,0,"alive",NA,NA,NA,0,0,0,0,0,0,0,0,1,1,0,78,3,24,0,5,0,0,8,0,0,1,3,0,0,0,0,0,1,0,0
"TCGA-AN-A0XO",59,"female",34,0,0,1,"alive",NA,NA,NA,0,0,0,0,0,0,0,0,1,0,0,21,1,6,1,1,0,0,1,1,0,1,1,0,0,0,0,1,0,0,0
"TCGA-B6-A0WS",58,"female",20,0,0,0,"dead",NA,NA,NA,0,0,1,0,0,0,0,0,1,0,0,11,1,5,1,1,0,0,0,0,0,1,0,0,0,0,0,0,0,0,0
"TCGA-B6-A0I5",49,"female",24,0,0,1,"alive",NA,"Not Reported",NA,0,0,0,0,0,0,0,0,1,0,0,15,0,5,2,0,0,0,0,0,1,0,1,0,0,0,0,1,0,0,0
"TCGA-E2-A1LG",50,"female",163,1,0,0,"alive",NA,NA,NA,0,0,0,0,0,1,0,0,1,0,0,101,11,42,0,2,0,1,1,2,0,0,2,0,1,0,0,0,1,1,0
"TCGA-BH-A0HA",31,"female",365,0,0,1,"alive",NA,NA,NA,1,0,0,0,0,0,0,0,1,0,10,199,13,63,5,7,0,1,55,4,2,0,6,0,0,0,0,1,0,0,1
"TCGA-B6-A0WW",58,"female",39,0,0,1,"dead",NA,NA,NA,0,0,0,0,0,0,0,0,1,0,1,22,1,9,2,1,0,0,3,0,0,0,0,0,0,0,0,1,0,0,0
"TCGA-AN-A0FJ",59,"female",102,1,0,0,"alive",NA,NA,NA,1,0,0,0,0,0,0,1,1,0,1,63,5,22,1,1,0,1,5,3,0,0,0,0,0,0,0,0,1,0,0
"TCGA-3C-AALI",50,"female",559,1,0,0,"alive",NA,"Complete Response",NA,1,1,0,1,0,1,0,1,1,0,2,365,33,130,3,6,3,2,2,8,4,1,0,0,0,0,0,0,1,1,0
"TCGA-D8-A1JK",89,"female",222,1,0,1,"alive",NA,NA,NA,1,0,0,0,0,0,0,0,1,0,0,134,11,49,2,3,1,1,17,0,2,0,2,0,0,0,0,1,1,0,1
"TCGA-C8-A130",52,"female",47,1,0,1,"alive",NA,"Not Reported",NA,0,0,0,0,0,0,0,0,1,1,0,26,2,15,0,1,0,0,1,0,0,0,1,0,0,0,0,1,1,0,0
"TCGA-AC-A6NO",43,"female",29,0,0,1,"alive",NA,NA,NA,0,0,1,0,0,0,0,0,1,0,1,17,1,9,0,0,0,0,1,0,0,0,0,0,0,0,0,1,0,0,0
"TCGA-AN-A0XN",68,"female",154,1,0,0,"alive",NA,NA,NA,0,0,0,0,0,0,0,0,1,0,1,103,7,25,1,5,0,0,6,2,1,0,3,0,0,0,0,0,1,0,0
"TCGA-A2-A4RX",67,"female",0,0,0,0,"alive",NA,NA,NA,0,0,0,0,0,0,0,0,0,0,0,0,0,0,0,0,0,0,0,0,0,0,0,0,0,0,0,0,0,0,0
"TCGA-B6-A0IP",74,"female",0,0,0,0,"dead",NA,NA,NA,0,0,0,0,0,0,0,0,0,0,0,0,0,0,0,0,0,0,0,0,0,0,0,0,0,0,0,0,0,0,0
"TCGA-AC-A8OS",71,"female",49,0,0,1,"alive",NA,NA,NA,0,0,0,0,1,0,0,0,1,0,1,23,4,15,0,2,0,0,3,1,0,0,0,0,0,0,0,1,0,0,0
"TCGA-D8-A1J9",48,"female",205,1,0,0,"alive",NA,"Not Reported",NA,1,0,0,0,0,0,0,1,1,0,0,129,15,54,2,0,1,0,1,3,0,0,0,0,0,0,0,0,1,0,0
"TCGA-B6-A0RH",51,"female",37,1,0,1,"dead",NA,"Not Reported",NA,0,0,0,0,0,0,0,0,1,0,1,21,3,8,0,2,0,0,2,0,0,0,0,0,0,0,0,1,1,0,0
"TCGA-AR-A0TX",64,"female",328,1,0,0,"alive",NA,NA,NA,1,0,0,0,0,1,0,1,1,0,1,216,26,75,2,0,0,0,3,2,0,0,0,2,1,0,0,0,1,1,0
"TCGA-B6-A0RM",57,"female",30,0,0,0,"dead",NA,NA,NA,0,0,0,0,0,0,1,0,1,0,0,16,2,7,1,0,0,0,4,0,0,0,0,0,0,0,0,0,0,0,0
"TCGA-OL-A5D6",71,"female",37,1,0,1,"dead",NA,"Not Reported",NA,1,0,0,0,0,0,0,0,1,0,0,24,0,10,0,0,0,0,2,0,0,0,1,0,0,0,0,1,1,0,0
"TCGA-D8-A1JF",79,"female",49,1,0,1,"alive",NA,"Not Reported",NA,0,0,0,0,0,0,0,0,1,0,3,30,1,10,0,1,0,0,2,0,0,1,0,0,0,1,0,1,1,0,0
"TCGA-B6-A0IA",51,"female",26,0,0,0,"alive",NA,"Not Reported",NA,1,0,0,0,0,0,0,0,0,0,0,15,1,8,1,0,0,0,1,0,0,0,0,0,0,0,0,0,0,0,0
"TCGA-D8-A1XB",62,"female",34,0,0,1,"alive",NA,NA,NA,0,0,0,0,0,0,1,0,1,0,0,24,1,5,0,0,0,1,1,0,0,0,1,1,0,0,0,1,0,0,0
"TCGA-E2-A1L8",52,"female",30,0,0,1,"alive",NA,"Treatment Ongoing",NA,0,0,0,0,1,0,0,0,1,0,0,20,0,7,0,1,1,0,1,0,0,0,0,0,0,0,0,1,0,0,0
"TCGA-AN-A0AK",76,"female",1452,0,0,1,"alive",NA,NA,NA,1,1,1,1,0,0,0,1,1,3,55,734,48,320,10,29,1,8,198,10,6,1,27,0,1,1,0,1,0,1,0
"TCGA-B6-A0X5",61,"female",41,0,0,1,"dead",NA,"Not Reported",NA,1,0,0,0,0,0,0,0,1,0,2,25,1,10,0,1,0,0,2,0,0,0,0,0,0,0,0,1,0,0,0
"TCGA-BH-A28Q",46,"female",22,0,0,0,"alive",NA,NA,NA,0,0,1,1,1,0,0,0,1,0,1,13,1,5,0,1,0,0,1,0,0,0,0,0,0,0,0,0,0,0,1
"TCGA-AC-A7VB",51,"female",25,0,0,0,"alive",NA,"Not Reported",NA,0,0,0,0,0,0,0,0,0,0,0,13,2,7,0,1,0,0,2,0,0,0,0,0,0,0,0,0,0,0,0
"TCGA-AC-A5EH",76,"female",154,1,0,1,"alive",NA,NA,NA,0,0,0,0,0,1,0,0,1,0,2,91,9,37,2,5,1,1,1,2,0,0,1,1,1,0,0,1,1,1,0
"TCGA-BH-A0EI",51,"female",19,0,0,0,"alive",NA,NA,NA,0,0,0,0,0,0,0,0,0,0,1,14,0,3,0,0,0,0,0,0,0,0,0,0,1,0,0,0,0,0,0
"TCGA-AC-A4ZE",63,"female",50,0,0,0,"alive",NA,NA,NA,1,0,0,0,1,0,0,0,1,0,2,36,1,7,0,2,0,0,1,1,0,0,0,0,0,0,0,0,0,0,0
"TCGA-B6-A400",43,"female",0,0,0,0,"alive",NA,"Not Reported",NA,0,0,0,0,0,0,0,0,0,0,0,0,0,0,0,0,0,0,0,0,0,0,0,0,0,0,0,0,0,0,0
"TCGA-OL-A6VR",48,"female",10,0,0,0,"alive",NA,NA,NA,0,0,0,0,0,0,0,0,0,0,0,6,0,3,0,0,0,0,0,0,0,0,1,0,0,0,0,0,0,0,0
"TCGA-D8-A27P",64,"female",25,0,0,1,"alive",NA,NA,NA,0,0,0,0,0,1,0,0,1,0,0,12,3,7,1,1,0,0,0,1,0,0,0,0,0,0,0,1,0,1,0
"TCGA-AN-A0FL",62,"female",179,1,0,0,"alive",NA,NA,NA,1,0,0,0,0,0,0,0,1,0,1,113,10,37,2,4,1,0,6,1,2,0,2,0,0,0,0,0,1,0,0
"TCGA-C8-A1HG",50,"female",52,1,0,0,"alive",NA,"Not Reported",NA,0,0,0,0,0,1,0,0,1,0,2,29,2,16,0,0,0,0,0,0,2,0,1,0,0,0,0,0,1,1,0
"TCGA-OL-A5D8",40,"female",29,0,0,0,"alive",NA,"Not Reported",NA,0,1,1,0,0,0,0,0,1,0,1,14,3,7,0,0,0,0,4,0,0,0,0,0,0,0,0,0,0,0,0
"TCGA-C8-A138",54,"female",46,1,0,0,"alive",NA,"Not Reported",NA,0,0,0,0,0,0,0,0,1,0,0,26,2,11,1,0,0,1,2,1,0,0,1,0,0,1,0,0,1,0,0
"TCGA-BH-A0BO",54,"female",28,0,0,1,"alive",NA,NA,NA,0,0,0,0,0,0,1,0,1,0,2,17,2,5,0,2,0,0,0,0,0,0,0,0,0,0,0,1,0,0,0
"TCGA-B6-A1KN",57,"female",61,1,0,0,"alive",NA,"Not Reported",NA,0,0,0,0,0,0,0,0,1,0,1,42,3,10,0,2,0,0,2,0,0,0,1,0,0,0,0,0,1,0,0
"TCGA-D8-A27G",75,"female",921,0,0,1,"alive",NA,NA,NA,1,1,0,1,1,1,0,1,1,1,3,617,68,200,2,6,0,2,1,10,3,2,0,1,5,0,0,1,0,1,1
"TCGA-B6-A0WX",40,"female",35,1,0,0,"dead",NA,"Not Reported",NA,0,0,0,0,0,0,0,0,1,0,0,22,2,10,0,1,0,0,0,0,0,0,0,0,0,0,0,0,1,0,0
"TCGA-JL-A3YX",46,"female",0,0,0,0,"alive",NA,NA,NA,0,0,0,0,0,0,0,0,0,0,0,0,0,0,0,0,0,0,0,0,0,0,0,0,0,0,0,0,0,0,0
"TCGA-AC-A2BM",41,"female",13,0,0,0,"alive",NA,NA,NA,0,0,0,0,0,0,0,0,0,0,0,11,1,1,0,0,0,0,0,0,0,0,0,0,0,0,0,0,0,0,0
"TCGA-E9-A1QZ",61,"female",21,0,0,0,"alive",NA,NA,NA,0,0,0,0,0,0,0,0,0,0,0,15,1,4,0,0,0,0,1,0,0,0,0,0,0,0,0,0,0,0,0
"TCGA-AN-A0AS",70,"female",38,1,0,0,"alive",NA,NA,NA,1,0,0,0,0,0,1,0,1,0,1,26,3,5,0,2,0,0,0,0,0,0,1,0,0,0,0,0,1,0,0
"TCGA-B6-A0IE",38,"female",31,1,0,1,"dead",NA,"Not Reported",NA,0,0,0,0,0,0,0,0,1,0,0,21,3,4,1,1,0,0,0,1,0,0,0,0,0,0,0,1,1,0,0
"TCGA-AC-A23H",89,"female",5064,0,0,1,"dead",NA,NA,NA,1,1,0,1,0,1,1,1,1,2,3,3307,380,1159,27,61,4,14,15,47,22,9,1,7,6,0,0,1,0,1,1
"TCGA-BH-A6R8",46,"female",30,0,0,0,"alive",NA,NA,NA,0,0,0,0,0,1,0,0,1,0,0,19,2,5,0,0,0,1,1,1,1,0,0,0,0,0,0,1,0,1,0
"TCGA-BH-A6R9",61,"female",10,0,0,1,"alive",NA,NA,NA,0,0,0,0,0,0,0,0,1,0,0,7,0,2,0,0,0,0,0,0,0,0,1,0,0,0,0,1,0,0,0
"TCGA-C8-A12L",67,"female",77,1,0,1,"alive",NA,NA,NA,0,0,0,0,0,0,0,0,1,0,2,50,1,14,0,1,0,0,3,2,0,0,3,0,1,0,0,1,1,0,0
"TCGA-UU-A93S",63,"female",146,1,0,0,"dead",NA,NA,NA,1,0,0,0,0,0,0,1,1,0,1,95,7,32,1,3,0,0,2,2,0,0,1,1,1,0,0,0,1,0,0
"TCGA-B6-A0RP",73,"female",24,0,0,1,"dead",NA,"Not Reported",NA,1,0,0,0,0,1,0,1,1,0,0,18,1,4,0,1,0,0,0,0,0,0,0,0,0,0,0,1,0,1,0
"TCGA-BH-A42V",41,"female",39,0,0,1,"alive",NA,NA,NA,0,0,0,0,0,0,0,0,1,1,0,23,4,7,1,0,0,1,2,0,0,0,0,0,0,0,0,1,0,0,0
"TCGA-B6-A0IH",81,"female",39,0,0,0,"dead",NA,"Not Reported",NA,0,0,0,0,1,0,0,0,1,0,1,29,3,3,0,0,0,1,1,0,0,0,1,0,0,0,0,0,0,0,0
"TCGA-B6-A0X7",62,"female",0,0,0,0,"dead",NA,"Not Reported",NA,0,0,0,0,0,0,0,0,0,0,0,0,0,0,0,0,0,0,0,0,0,0,0,0,0,0,0,0,0,0,0
"TCGA-B6-A0I1",73,"female",0,0,0,0,"dead",NA,NA,NA,0,0,0,0,0,0,0,0,0,0,0,0,0,0,0,0,0,0,0,0,0,0,0,0,0,0,0,0,0,0,0
"TCGA-AC-A62X",72,"female",54,1,0,0,"alive",NA,NA,NA,0,0,0,0,0,0,0,0,1,0,1,39,1,11,0,0,0,0,1,1,0,0,0,0,0,0,0,0,1,0,0
"TCGA-C8-A1HK",53,"female",63,1,0,0,"alive",NA,NA,NA,1,0,0,0,0,0,0,0,1,0,1,45,1,12,0,0,1,0,2,0,1,0,0,0,0,0,0,0,1,0,0
"TCGA-AN-A0XL",61,"female",0,0,0,0,"alive",NA,NA,NA,0,0,0,0,0,0,0,0,0,0,0,0,0,0,0,0,0,0,0,0,0,0,0,0,0,0,0,0,0,0,0
"TCGA-C8-A12Q",78,"female",113,1,0,0,"dead",NA,NA,NA,0,0,0,0,0,0,0,0,1,0,1,71,9,27,1,1,0,1,0,0,1,0,0,1,0,0,0,0,1,0,0
"TCGA-AC-A6IV",47,"female",19,0,0,0,"alive",NA,"Not Reported",NA,0,0,1,0,1,0,0,0,1,0,0,11,1,4,0,1,0,0,1,0,0,0,0,0,1,0,0,0,0,0,0
"TCGA-B6-A0RV",42,"female",46,0,0,0,"alive",NA,"Not Reported",NA,0,0,0,0,0,0,0,0,0,0,0,25,2,15,0,3,0,0,0,0,1,0,0,0,0,0,0,0,0,0,0
"TCGA-EW-A6S9",34,"female",19,1,0,0,"alive",NA,NA,NA,0,0,0,0,0,0,0,0,1,0,0,12,0,4,0,0,0,0,0,2,1,0,0,0,0,0,0,0,1,0,0
"TCGA-XX-A89A",68,"female",175,0,0,1,"alive",NA,NA,NA,0,0,0,0,1,0,0,0,1,1,0,126,6,40,1,0,0,0,0,0,0,0,0,0,1,0,0,1,0,0,0
"TCGA-AN-A0XP",69,"female",31,0,0,1,"alive",NA,NA,NA,0,0,0,0,0,1,0,0,1,0,0,16,2,7,0,3,0,0,3,0,0,0,0,0,0,0,0,1,0,1,0
"TCGA-AN-A046",68,"female",5978,1,1,1,"alive",NA,NA,NA,1,1,0,1,0,1,0,1,1,6,13,4000,691,1059,31,70,3,6,2,53,31,0,0,6,7,0,0,1,1,1,1
"TCGA-BH-A18G",81,"female",1528,0,0,0,"alive",NA,NA,NA,1,1,0,0,0,0,1,1,1,1,49,857,46,343,13,28,2,2,149,13,10,2,6,1,6,0,0,0,0,0,1
"TCGA-AN-A0FW",67,"female",114,0,0,0,"alive",NA,NA,NA,0,0,0,0,0,0,0,0,0,0,3,72,9,22,1,2,0,1,2,1,0,0,0,1,0,0,0,0,0,0,0
"TCGA-B6-A0RO",71,"female",35,0,0,1,"alive",NA,"Not Reported",NA,1,0,0,1,0,0,0,0,1,0,3,20,3,5,0,1,0,0,1,0,1,0,1,0,0,0,0,1,0,0,0
"TCGA-B6-A0IC",89,"female",39,0,0,1,"dead",NA,NA,NA,0,0,0,0,0,0,0,0,1,0,2,24,0,8,0,0,0,2,3,0,0,0,0,0,0,0,0,1,0,0,0
"TCGA-D8-A1XM",57,"female",57,0,0,1,"alive",NA,NA,NA,0,0,0,0,0,0,0,0,1,0,1,36,2,14,0,2,0,0,1,0,1,0,0,0,0,0,0,1,0,0,0
"TCGA-Z7-A8R5",60,"female",24,0,0,1,"alive",NA,"Stable Disease",NA,0,0,0,0,1,0,0,0,1,0,0,15,0,5,0,1,1,0,1,0,1,0,0,0,0,0,0,1,0,0,0
"TCGA-C8-A12X",62,"female",47,0,0,0,"alive",NA,"Not Reported",NA,0,0,0,0,0,0,0,0,0,0,1,29,5,10,1,1,0,0,0,0,0,0,0,0,0,0,0,0,0,0,0
"TCGA-OL-A97C",67,"female",65,0,0,0,"alive",NA,NA,NA,0,0,0,0,0,0,0,0,0,0,0,42,0,10,0,1,0,0,8,0,0,0,4,0,0,0,0,0,0,0,0
"TCGA-A8-A06X",77,"female",221,0,0,0,"dead",NA,NA,NA,1,0,1,0,0,1,0,0,1,1,2,147,6,49,2,3,1,0,4,1,2,0,3,0,0,0,0,1,0,1,0
"TCGA-AC-A3QQ",53,"female",43,0,0,0,"alive",NA,NA,NA,1,0,0,0,1,0,0,0,1,0,0,30,4,6,0,0,0,0,2,0,0,0,1,0,0,0,0,0,0,0,0
"TCGA-AN-A0G0",56,"female",34,1,0,0,"alive",NA,"Not Reported",NA,0,0,0,0,0,0,0,0,1,0,2,21,4,5,0,0,1,0,0,0,1,0,0,0,0,0,0,0,1,0,0
"TCGA-D8-A1XA",64,"female",26,1,0,0,"alive",NA,NA,NA,0,0,0,0,0,0,1,0,1,0,1,12,2,6,0,0,0,0,4,0,0,0,0,1,0,0,0,0,1,0,0
"TCGA-AC-A6IX",49,"female",91,0,0,0,"alive",NA,"Not Reported",NA,0,0,0,0,1,0,0,0,1,3,0,59,3,20,1,0,0,0,5,0,0,0,0,0,0,0,0,1,0,0,0
"TCGA-BH-A0AU",45,"female",23,0,0,0,"alive",NA,NA,NA,0,0,0,0,0,0,0,0,0,0,1,10,2,7,0,0,0,0,2,0,0,0,0,0,1,0,0,0,0,0,0
"TCGA-B6-A0RG",26,"female",63,0,0,1,"alive",NA,"Not Reported",NA,0,0,1,0,0,0,0,0,1,0,0,47,2,9,0,0,0,0,5,0,0,0,0,0,0,0,0,1,0,1,0
"TCGA-D8-A1XQ",69,"female",970,1,0,0,"alive",NA,NA,NA,1,0,0,0,0,0,0,0,1,1,13,547,30,212,8,25,2,0,108,6,1,1,12,1,3,0,0,0,1,0,0
"TCGA-BH-A18N",88,"female",40,0,0,0,"dead",NA,NA,NA,0,0,0,0,0,1,1,0,1,0,1,23,2,12,0,0,0,0,2,0,0,0,0,0,0,0,0,0,0,1,0
"TCGA-B6-A0RU",40,"female",49,1,0,0,"alive",NA,"Not Reported",NA,0,0,0,0,0,0,0,0,1,0,0,29,6,10,0,0,0,0,3,0,0,0,1,0,0,0,0,0,1,0,0
"TCGA-AR-A0TV",66,"female",69,1,0,0,"alive",NA,NA,NA,0,0,0,0,0,0,0,0,1,0,2,46,3,11,0,0,1,0,3,1,1,0,1,0,0,0,0,0,1,0,0
"TCGA-C8-A12W",49,"female",60,1,0,0,"alive",NA,"Not Reported",NA,1,0,0,0,0,0,0,0,1,0,0,40,1,15,0,1,0,0,1,2,0,0,0,0,0,0,0,0,1,0,0
"TCGA-BH-A1EV",45,"female",95,0,0,0,"dead",NA,NA,NA,0,0,0,0,0,0,0,0,0,0,0,71,1,20,0,0,0,0,0,2,0,1,0,0,0,0,0,0,0,0,0
"TCGA-A2-A4S3",59,"female",68,1,0,0,"alive",NA,NA,NA,0,0,0,0,0,0,0,0,1,0,0,38,3,21,0,2,0,0,0,1,1,1,1,0,0,0,0,0,1,0,0
"TCGA-C8-A12U",46,"female",44,0,0,1,"alive",NA,NA,NA,0,0,1,1,0,0,0,0,1,0,1,27,4,9,0,2,0,0,0,1,0,0,0,0,0,0,0,1,0,0,0
"TCGA-B6-A2IU",62,"female",46,0,0,0,"alive",NA,"Not Reported",NA,0,0,0,0,1,0,0,0,1,0,0,27,6,9,1,0,0,0,1,0,2,0,0,0,0,0,0,0,0,0,0
"TCGA-AN-A0FS",55,"female",71,0,0,1,"alive",NA,NA,NA,0,1,0,0,0,0,0,0,1,0,2,40,5,22,0,0,0,0,0,0,2,0,0,0,0,0,0,1,0,0,0
"TCGA-AN-A0AM",56,"female",85,0,0,0,"alive",NA,NA,NA,0,0,1,0,0,0,0,0,1,0,1,53,3,22,2,3,0,0,0,0,1,0,0,0,0,0,0,0,0,0,0
"TCGA-AC-A6IW",73,"female",149,1,0,0,"alive",NA,NA,NA,0,0,0,0,0,0,0,0,1,0,0,94,3,42,1,4,0,0,2,1,1,0,0,0,1,0,0,0,1,0,0
"TCGA-AC-A3EH",79,"female",0,0,0,0,"dead",NA,"Not Reported",NA,0,0,0,0,0,0,0,0,0,0,0,0,0,0,0,0,0,0,0,0,0,0,0,0,0,0,0,0,0,0,0
"TCGA-C8-A137",34,"female",48,0,0,0,"alive",NA,"Not Reported",NA,0,0,0,0,0,0,0,0,0,0,0,30,3,10,0,1,0,0,1,1,0,0,0,1,1,0,0,0,0,0,0
"TCGA-B6-A0I6",49,"female",180,1,0,0,"dead",NA,"Not Reported",NA,1,1,0,0,0,0,0,0,1,0,0,118,9,37,2,3,0,0,6,2,1,0,2,0,0,0,0,0,1,0,0
"TCGA-B6-A0IO",66,"female",0,0,0,0,"alive",NA,"Not Reported",NA,0,0,0,0,0,0,0,0,0,0,0,0,0,0,0,0,0,0,0,0,0,0,0,0,0,0,0,0,0,0,0
"TCGA-PL-A8LX",35,"female",33,0,0,0,"alive",NA,NA,NA,0,0,0,0,0,1,0,0,0,0,2,22,1,8,0,0,0,0,0,0,0,0,0,0,0,0,0,0,0,1,0
"TCGA-E9-A54X",85,"female",0,0,0,0,"alive",NA,NA,NA,0,0,0,0,0,0,0,0,0,0,0,0,0,0,0,0,0,0,0,0,0,0,0,0,0,0,0,0,0,0,0
"TCGA-A2-A0EU",79,"female",47,0,0,0,"alive",NA,NA,NA,0,0,0,0,0,0,1,1,1,0,1,35,0,8,1,1,0,0,1,0,0,0,0,0,0,0,0,0,0,0,0
"TCGA-AN-A0AL",41,"female",89,1,0,0,"alive",NA,NA,NA,1,0,0,0,0,0,0,0,1,2,0,55,5,12,0,3,0,0,10,0,1,0,1,0,0,0,0,0,1,0,0
"TCGA-B6-A0I8",46,"female",124,0,0,0,"dead",NA,"Not Reported",NA,1,0,0,1,0,0,0,1,0,0,0,69,4,34,1,5,0,0,8,2,0,0,1,0,0,0,0,0,0,0,0
"TCGA-AN-A0XU",54,"female",129,1,0,0,"alive",NA,NA,NA,1,0,0,1,0,0,0,0,1,0,1,84,4,18,1,6,0,0,7,2,1,0,5,0,0,0,0,0,1,0,0
"TCGA-JL-A3YW",49,"female",0,0,0,0,"alive",NA,NA,NA,0,0,0,0,0,0,0,0,0,0,0,0,0,0,0,0,0,0,0,0,0,0,0,0,0,0,0,0,0,0,0
"TCGA-B6-A40B",76,"female",0,0,0,0,"alive",NA,NA,NA,0,0,0,0,0,0,0,0,0,0,0,0,0,0,0,0,0,0,0,0,0,0,0,0,0,0,0,0,0,0,0
"TCGA-BH-A42U",80,"female",15,0,0,0,"alive",NA,NA,NA,0,0,0,0,0,0,0,0,0,0,0,11,0,4,0,0,0,0,0,0,0,0,0,0,0,0,0,0,0,0,0
"TCGA-AN-A049",62,"female",36,0,0,1,"alive",NA,NA,NA,0,0,0,0,0,0,1,0,1,0,2,24,0,7,0,0,0,0,3,0,0,0,0,0,0,0,0,1,0,0,0
"TCGA-AN-A041",29,"female",33,0,0,0,"alive",NA,NA,NA,0,0,1,0,0,0,0,0,1,0,0,22,1,8,0,0,0,0,2,0,0,0,0,0,0,0,0,0,0,0,0
"TCGA-B6-A0WZ",50,"female",71,0,0,0,"alive",NA,"Not Reported",NA,1,0,0,0,0,0,0,1,1,0,0,47,3,20,0,0,0,0,0,1,0,0,0,0,0,0,0,1,0,0,0
"TCGA-B6-A0I2",45,"female",56,1,0,0,"alive",NA,"Not Reported",NA,0,0,0,0,0,0,0,0,1,0,1,39,5,11,0,0,0,0,0,0,0,0,0,0,0,0,0,0,1,0,0
"TCGA-B6-A0IJ",42,"female",147,1,0,0,"alive",NA,"Not Reported",NA,1,0,0,0,0,1,0,0,1,0,1,108,8,22,0,3,0,1,1,1,0,0,2,0,0,0,0,0,1,1,0
"TCGA-AN-A0FK",88,"female",49,0,0,0,"alive",NA,NA,NA,0,0,0,0,0,0,0,1,0,0,0,24,2,19,1,1,0,0,1,0,0,0,1,0,0,0,0,0,0,0,0
"TCGA-AR-A24N",54,"female",40,0,0,0,"alive",NA,NA,NA,1,0,0,0,0,1,0,0,0,1,1,25,3,8,0,1,0,0,0,0,1,0,0,0,0,0,0,0,0,1,0
"TCGA-B6-A0RN",60,"female",35,0,0,1,"alive",NA,"Not Reported",NA,0,0,0,0,0,0,0,0,1,0,0,20,0,11,0,0,0,0,2,0,1,0,0,0,0,1,0,1,0,0,0
"TCGA-OL-A5DA",61,"female",75,0,0,1,"alive",NA,NA,NA,0,0,0,1,1,0,0,1,1,0,1,47,2,21,1,0,0,0,1,0,2,0,0,0,0,0,0,1,0,0,0
"TCGA-AN-A04A",36,"female",39,0,0,0,"alive",NA,NA,NA,0,0,1,0,0,0,0,0,1,0,0,22,3,12,0,0,0,0,1,0,0,0,1,0,0,0,0,0,0,0,0
"TCGA-AN-A0FX",52,"female",97,1,0,0,"alive",NA,NA,NA,0,0,0,0,0,0,0,0,1,1,0,65,3,16,0,2,1,0,5,2,0,0,2,0,0,0,0,0,1,0,0
"TCGA-BH-A0W3",58,"female",19,0,0,1,"alive",NA,NA,NA,0,0,0,0,0,0,0,0,1,0,0,8,0,9,0,1,0,0,1,0,0,0,0,0,0,0,0,1,0,0,0
"TCGA-B6-A0X1",48,"female",80,1,0,0,"dead",NA,"Not Reported",NA,1,0,0,0,0,0,0,0,1,0,1,49,3,13,1,3,0,0,4,3,1,0,2,0,0,0,0,0,1,0,0
"TCGA-A8-A08S",71,"female",51,0,0,0,"alive",NA,NA,NA,0,0,0,0,0,0,0,0,0,0,1,33,0,14,0,1,0,0,1,0,0,0,0,0,0,1,0,0,0,0,0
"TCGA-A2-A0YT",56,"female",59,1,0,1,"dead",NA,NA,NA,1,0,0,1,0,1,0,0,1,1,1,39,4,10,0,2,0,0,0,2,0,0,0,0,0,0,0,1,1,1,0
"TCGA-BH-A0E6",69,"female",0,0,0,0,"alive",NA,NA,NA,0,0,0,0,0,0,0,0,0,0,0,0,0,0,0,0,0,0,0,0,0,0,0,0,0,0,0,0,0,0,0
"TCGA-A8-A093",61,"female",112,0,0,1,"alive",NA,NA,NA,0,0,0,0,0,0,0,1,1,1,0,64,11,27,2,1,0,1,1,2,0,0,2,0,0,0,0,1,0,0,0
"TCGA-A7-A26J",49,"female",60,0,0,0,"alive",NA,NA,NA,0,0,0,1,0,0,0,0,0,0,0,39,4,14,3,0,0,0,0,0,0,0,0,0,0,0,0,0,0,0,0
"TCGA-A8-A09E",73,"female",51,0,0,0,"alive",NA,NA,NA,1,0,0,0,0,0,0,0,1,0,0,32,2,12,0,1,0,0,1,1,2,0,0,0,0,0,0,1,0,0,0
"TCGA-E9-A22B",71,"female",65,0,0,0,"alive",NA,NA,NA,0,0,0,0,0,0,0,0,0,0,0,46,2,15,0,1,0,0,1,0,0,0,0,0,0,0,0,0,0,0,0
"TCGA-A8-A08F",59,"female",135,0,0,0,"alive",NA,NA,NA,1,1,0,0,0,0,0,0,0,0,1,88,5,26,0,2,0,0,8,0,1,0,3,1,0,0,0,0,0,0,0
"TCGA-LL-A6FP",89,"female",62,0,0,1,"alive",NA,NA,NA,0,0,0,0,1,1,0,0,1,1,1,34,5,12,0,1,0,0,3,1,1,1,2,0,0,0,0,1,0,1,0
"TCGA-A8-A06T",74,"female",31,0,0,0,"alive",NA,NA,NA,0,0,1,0,0,0,0,0,1,0,1,22,0,4,0,1,0,0,2,0,0,0,1,0,0,0,0,0,0,0,0
"TCGA-AR-A2LR",49,"female",62,1,0,0,"alive",NA,NA,NA,0,0,0,0,0,0,0,0,1,0,1,37,2,15,0,1,0,0,4,0,0,0,2,0,0,0,0,0,1,0,0
"TCGA-A7-A6VY",48,"female",103,1,0,0,"alive",NA,NA,NA,0,0,0,0,0,0,0,0,1,0,1,73,3,17,0,0,0,1,5,1,1,0,1,0,0,0,0,0,1,0,0
"TCGA-AQ-A0Y5",70,"female",57,0,0,1,"dead",NA,NA,NA,0,0,0,0,0,0,0,0,1,0,0,35,3,14,0,2,0,0,1,1,0,0,1,0,0,0,0,1,0,0,0
"TCGA-5L-AAT1",63,"female",1290,0,0,1,"alive",NA,NA,NA,1,1,1,1,1,0,1,1,1,4,3,811,111,310,2,15,0,3,0,8,12,2,1,2,6,0,0,1,0,1,1
"TCGA-GI-A2C8",63,"female",115,0,0,0,"alive",NA,NA,NA,1,1,0,0,1,0,0,0,1,0,0,84,5,24,0,1,0,0,1,0,0,0,0,0,0,0,0,0,0,0,0
"TCGA-A8-A09I",84,"female",140,0,0,0,"alive",NA,NA,NA,0,1,0,1,0,0,0,0,0,0,1,93,8,33,1,0,0,0,1,1,0,0,2,0,0,0,0,0,0,0,0
"TCGA-AO-A0JI",56,"female",18,0,0,0,"alive",NA,NA,NA,0,0,0,0,0,0,0,0,0,0,1,11,1,3,0,1,0,0,0,1,0,0,0,0,0,0,0,0,0,0,0
"TCGA-V7-A7HQ",75,"female",22,0,0,0,"alive",NA,NA,NA,0,0,0,0,0,0,1,0,1,0,1,12,3,5,0,0,0,0,1,0,0,0,0,0,0,0,0,0,0,0,0
"TCGA-EW-A2FW",52,"female",24,0,0,0,"alive",NA,NA,NA,0,0,1,0,0,0,0,0,1,0,0,15,3,4,0,0,0,0,1,1,0,0,0,0,0,0,0,0,0,0,0
"TCGA-A8-A07E",81,"female",0,0,0,0,"alive",NA,NA,NA,0,0,0,0,0,0,0,0,0,0,0,0,0,0,0,0,0,0,0,0,0,0,0,0,0,0,0,0,0,0,0
"TCGA-A8-A091",61,"female",21,0,0,0,"alive",NA,NA,NA,0,0,0,0,1,0,0,0,1,0,2,11,1,6,0,0,0,0,0,0,0,0,1,0,0,0,0,0,0,0,0
"TCGA-A2-A0ET",58,"female",49,0,0,0,"alive",NA,NA,NA,0,0,0,0,0,0,0,0,0,0,2,30,4,12,0,0,0,0,0,0,1,0,0,0,0,0,0,0,0,0,0
"TCGA-AO-A0J5",48,"female",56,0,0,1,"dead",NA,NA,NA,0,0,1,0,0,0,0,0,1,0,2,32,3,15,1,1,0,1,0,0,1,0,0,0,0,0,0,1,0,0,0
"TCGA-C8-A1HO",34,"female",35,0,0,0,"alive",NA,NA,NA,0,0,1,0,1,0,0,0,1,1,1,18,4,10,0,0,0,0,0,0,1,0,0,0,0,0,0,0,0,0,0
"TCGA-D8-A4Z1",68,"female",51,0,0,0,"alive",NA,NA,NA,0,1,0,0,0,0,0,0,0,0,0,31,5,13,0,2,0,0,0,0,0,0,0,0,0,0,0,0,0,0,0
"TCGA-AR-A2LL",70,"female",32,0,0,0,"alive",NA,NA,NA,0,0,0,0,1,0,0,0,1,0,0,27,1,4,0,0,0,0,0,0,0,0,0,0,0,0,0,1,0,0,0
"TCGA-A7-A0DA",62,"female",161,1,0,0,"alive",NA,NA,NA,0,0,0,0,0,0,0,0,1,1,1,107,6,20,1,7,0,0,8,3,0,0,7,0,0,0,0,0,1,1,0
"TCGA-BH-A0BD",47,"female",20,0,0,1,"alive",NA,NA,NA,0,0,0,1,0,0,0,0,1,0,0,18,0,1,0,0,0,0,1,0,0,0,0,0,0,0,0,1,0,0,0
"TCGA-EW-A1P7",59,"female",14,0,0,0,"alive",NA,NA,NA,1,0,0,0,0,0,0,0,0,0,0,11,0,2,0,0,0,0,1,0,0,0,0,0,0,0,0,0,0,0,0
"TCGA-A8-A07I",69,"female",43,0,0,0,"alive",NA,NA,NA,0,0,0,0,0,0,0,1,1,0,1,29,0,10,0,0,0,0,0,2,0,0,1,0,0,0,0,0,0,1,0
"TCGA-GM-A2DO",54,"female",166,0,0,0,"alive",NA,NA,NA,0,0,1,0,1,0,0,1,1,0,0,98,11,49,3,2,0,1,0,0,2,0,0,0,0,0,0,0,0,0,0
"TCGA-C8-A274",63,"female",214,0,0,1,"alive",NA,NA,NA,1,0,0,1,1,1,0,0,1,0,3,139,11,54,0,1,1,0,1,3,0,0,1,0,0,0,0,1,0,1,0
"TCGA-BH-A0C0",62,"female",100,1,0,0,"alive",NA,NA,NA,0,0,0,0,1,0,0,1,1,0,0,68,7,12,1,5,0,0,4,2,0,0,1,0,0,0,0,0,1,0,0
"TCGA-AC-A2QH",58,"female",68,1,0,0,"alive",NA,NA,NA,0,0,0,0,0,0,0,0,1,0,0,33,3,16,1,2,0,0,6,0,0,0,7,0,0,0,0,0,1,0,0
"TCGA-BH-A0DX",62,"female",70,0,0,1,"alive",NA,NA,NA,1,0,0,0,0,0,0,0,1,0,0,51,4,11,1,1,1,0,0,1,0,0,0,0,0,0,0,1,0,0,0
"TCGA-E2-A14O",76,"female",30,0,0,0,"alive",NA,NA,NA,0,0,0,0,0,0,0,0,0,0,0,22,2,3,0,0,0,0,1,0,1,0,1,0,0,0,0,0,0,0,0
"TCGA-A8-A07G",65,"female",60,0,0,1,"alive",NA,NA,NA,0,0,0,0,0,0,0,0,1,0,1,35,7,13,0,0,0,1,2,1,0,0,0,0,0,0,0,1,0,0,0
"TCGA-BH-A28O",50,"female",0,0,0,0,"alive",NA,NA,NA,0,0,0,0,0,0,0,0,0,0,0,0,0,0,0,0,0,0,0,0,0,0,0,0,0,0,0,0,0,0,0
"TCGA-A2-A0D4",37,"female",37,0,0,0,"alive",NA,NA,NA,0,0,0,0,0,0,0,0,0,0,1,27,1,5,0,0,0,1,1,1,0,0,0,0,0,0,0,0,0,0,0
"TCGA-AC-A62V",58,"male",77,0,0,0,"dead",NA,NA,NA,0,0,1,1,0,0,0,0,1,0,0,53,2,17,1,0,0,0,3,0,1,0,0,0,0,0,0,0,0,0,0
"TCGA-BH-A0HP",65,"female",292,0,0,0,"alive",NA,NA,NA,1,1,1,0,1,0,0,0,1,0,1,182,19,74,1,8,1,0,0,5,0,1,0,0,0,0,0,1,0,0,0
"TCGA-GM-A3NY",72,"female",0,0,0,0,"alive",NA,NA,NA,0,0,0,0,0,0,0,0,0,0,0,0,0,0,0,0,0,0,0,0,0,0,0,0,0,0,0,0,0,0,0
"TCGA-E9-A247",59,"female",38,0,0,0,"alive",NA,NA,NA,1,0,0,0,0,0,0,0,0,0,0,27,2,5,0,0,0,1,1,2,0,0,0,0,0,0,0,0,0,0,0
"TCGA-A2-A0ES",52,"female",13,0,0,0,"alive",NA,NA,NA,0,0,0,0,0,0,0,0,0,0,0,7,1,4,0,0,0,0,1,0,0,0,0,0,0,0,0,0,0,0,0
"TCGA-E9-A1R4",66,"female",125,0,0,1,"alive",NA,NA,NA,1,0,0,0,0,0,0,0,1,0,1,80,13,24,0,2,1,0,1,1,1,1,0,0,0,0,0,1,0,0,0
"TCGA-AO-A1KQ",84,"male",0,0,0,0,"alive",NA,NA,NA,0,0,0,0,0,0,0,0,0,0,0,0,0,0,0,0,0,0,0,0,0,0,0,0,0,0,0,0,0,0,0
"TCGA-C8-A26W",58,"female",55,1,0,1,"alive",NA,NA,NA,1,0,0,0,0,0,0,0,1,0,0,38,1,14,1,0,0,0,1,0,0,0,0,0,0,0,0,1,1,0,0
"TCGA-D8-A143",51,"female",52,1,0,1,"alive",NA,NA,NA,0,0,0,0,0,0,0,0,1,0,1,31,3,9,1,1,0,0,2,0,0,0,4,0,0,0,0,1,1,0,0
"TCGA-AC-A2FO",65,"female",25,0,0,1,"alive",NA,NA,NA,0,0,0,0,1,0,0,0,1,0,2,14,2,5,0,2,0,0,0,0,0,0,0,0,0,0,0,1,0,0,0
"TCGA-BH-A0B1",66,"female",53,0,0,0,"alive",NA,NA,NA,0,0,0,0,0,0,0,0,0,0,0,34,3,12,0,0,0,0,3,0,0,0,1,0,0,0,0,0,0,0,0
"TCGA-AO-A12B",63,"female",0,0,0,0,"alive",NA,NA,NA,0,0,0,0,0,0,0,0,0,0,0,0,0,0,0,0,0,0,0,0,0,0,0,0,0,0,0,0,0,0,0
"TCGA-AR-A24Q",49,"female",181,1,0,1,"alive",NA,NA,NA,0,0,0,0,0,0,0,0,1,0,0,114,5,44,1,7,0,0,5,1,1,0,3,0,0,0,0,1,1,0,0
"TCGA-GM-A5PX",65,"female",29,0,0,0,"alive",NA,NA,NA,0,0,0,0,1,0,0,1,1,0,1,16,4,7,0,0,0,0,1,0,0,0,0,0,0,0,0,0,0,0,0
"TCGA-AR-A1AX",64,"female",24,0,0,0,"alive",NA,NA,NA,0,0,0,0,0,0,0,0,0,0,0,17,1,3,0,0,0,0,1,1,0,0,1,0,0,0,0,0,0,0,1
"TCGA-A8-A08C",65,"female",27,0,0,0,"alive",NA,NA,NA,0,0,1,0,0,1,0,1,1,0,0,18,3,4,0,1,0,0,0,0,0,0,0,0,0,1,0,0,0,1,0
"TCGA-A8-A099",76,"female",30,0,0,0,"alive",NA,NA,NA,0,0,0,0,0,0,0,0,0,0,0,23,1,3,2,0,0,0,0,0,1,0,0,0,0,0,0,0,0,0,0
"TCGA-E9-A1R2",51,"female",58,0,0,0,"alive",NA,NA,NA,0,0,0,0,0,0,0,0,0,0,0,33,6,9,0,0,0,0,7,0,0,0,2,0,1,0,0,0,0,0,0
"TCGA-AO-A0J6",61,"female",111,1,0,0,"alive",NA,NA,NA,1,0,0,0,0,0,0,0,1,0,1,70,6,19,0,3,0,0,9,0,0,1,2,0,0,0,0,0,1,0,0
"TCGA-EW-A1PF",50,"female",0,0,0,0,"alive",NA,NA,NA,0,0,0,0,0,0,0,0,0,0,0,0,0,0,0,0,0,0,0,0,0,0,0,0,0,0,0,0,0,0,0
"TCGA-D8-A73W",79,"female",43,0,0,0,"dead",NA,NA,NA,1,0,0,0,0,0,0,0,0,0,0,28,4,7,1,0,0,0,2,0,1,0,0,0,0,0,0,0,0,0,0
"TCGA-EW-A423",75,"female",0,0,0,0,"alive",NA,NA,NA,0,0,0,0,0,0,0,0,0,0,0,0,0,0,0,0,0,0,0,0,0,0,0,0,0,0,0,0,0,0,0
"TCGA-LL-A442",56,"female",0,0,0,0,"alive",NA,NA,NA,0,0,0,0,0,0,0,0,0,0,0,0,0,0,0,0,0,0,0,0,0,0,0,0,0,0,0,0,0,0,0
"TCGA-D8-A27R",41,"female",27,0,0,0,"alive",NA,NA,NA,0,0,0,0,0,0,0,0,1,0,0,19,1,3,0,2,0,0,1,0,1,0,0,0,0,0,0,0,0,1,0
"TCGA-E9-A22G",47,"female",103,1,0,0,"alive",NA,NA,NA,0,0,0,0,0,0,0,0,1,0,1,56,5,27,0,3,0,1,7,2,0,0,1,0,0,0,0,0,1,0,0
"TCGA-E2-A1LE",71,"female",0,0,0,0,"dead",NA,NA,NA,0,0,0,0,0,0,0,0,0,0,0,0,0,0,0,0,0,0,0,0,0,0,0,0,0,0,0,0,0,0,0
"TCGA-3C-AAAU",55,"female",26,0,0,0,"alive",NA,NA,NA,0,0,1,0,0,0,0,0,1,1,2,11,1,7,2,2,0,0,0,0,0,0,0,0,0,0,0,0,0,0,0
"TCGA-A2-A0D0",60,"female",86,1,0,0,"alive",NA,NA,NA,0,0,0,0,0,0,0,1,1,0,0,49,4,20,0,4,1,1,3,0,0,0,2,1,1,0,0,0,1,0,0
"TCGA-AR-A2LN",65,"female",41,0,0,0,"alive",NA,NA,NA,1,0,0,0,1,0,0,0,1,0,2,22,3,14,0,0,0,0,0,0,0,0,0,0,0,0,0,0,0,0,0
"TCGA-AR-A0U1",36,"female",91,1,0,0,"alive",NA,NA,NA,0,0,0,0,0,0,0,0,1,0,0,61,5,16,0,5,0,0,1,0,2,0,1,0,0,0,0,0,1,0,0
"TCGA-AR-A2LM",49,"female",16,0,0,1,"alive",NA,NA,NA,0,0,0,0,1,0,0,0,1,0,2,10,0,3,0,0,1,0,0,0,0,0,0,0,0,0,0,1,0,0,0
"TCGA-S3-A6ZH",29,"female",28,0,0,0,"alive",NA,NA,NA,0,0,0,0,0,0,0,0,1,0,1,21,1,4,0,0,0,0,1,0,0,0,0,0,0,0,0,1,0,0,0
"TCGA-A2-A0EP",56,"female",8,0,0,0,"alive",NA,NA,NA,0,0,0,0,0,0,0,0,0,0,0,6,1,1,0,0,0,0,0,0,0,0,0,0,0,0,0,0,0,0,0
"TCGA-BH-A0B3",53,"female",41,1,0,0,"alive",NA,NA,NA,0,0,0,0,0,0,0,0,1,0,0,27,2,6,0,1,0,0,3,0,2,0,0,0,0,0,0,0,1,0,0
"TCGA-EW-A1J1",38,"female",21,0,0,1,"alive",NA,NA,NA,0,0,0,0,0,0,1,0,1,0,1,11,1,7,0,0,0,0,1,0,0,0,0,0,0,0,0,1,0,0,0
"TCGA-LL-A9Q3",69,"female",48,0,0,1,"alive",NA,NA,NA,0,0,0,0,1,0,0,0,1,0,1,26,6,12,0,0,0,0,3,0,0,0,0,0,0,0,0,1,0,0,0
"TCGA-EW-A1P6",64,"female",23,0,0,0,"alive",NA,NA,NA,0,0,0,0,0,0,1,0,1,0,1,16,0,4,0,0,0,0,1,1,0,0,0,0,0,0,0,0,0,0,0
"TCGA-E2-A155",58,"female",64,1,0,0,"alive",NA,NA,NA,0,0,0,1,0,0,0,0,1,0,0,38,7,14,1,1,0,0,3,0,0,0,0,0,0,0,0,0,1,0,0
"TCGA-LL-A5YN",46,"female",23,0,0,1,"alive",NA,NA,NA,0,0,0,0,0,0,0,0,1,0,1,20,0,2,0,0,0,0,0,0,0,0,0,0,0,0,0,1,0,0,0
"TCGA-GI-A2C9",58,"female",0,0,0,0,"alive",NA,NA,NA,0,0,0,0,0,0,0,0,0,0,0,0,0,0,0,0,0,0,0,0,0,0,0,0,0,0,0,0,0,0,0
"TCGA-A2-A0CZ",46,"female",0,0,0,0,"alive",NA,NA,NA,0,0,0,0,0,0,0,0,0,0,0,0,0,0,0,0,0,0,0,0,0,0,0,0,0,0,0,0,0,0,0
"TCGA-A2-A0CO",85,"female",0,0,0,0,"dead",NA,NA,NA,0,0,0,0,0,0,0,0,0,0,0,0,0,0,0,0,0,0,0,0,0,0,0,0,0,0,0,0,0,0,0
"TCGA-E2-A14Y",35,"female",40,1,0,1,"alive",NA,NA,NA,0,0,0,0,0,0,0,0,1,0,0,27,0,10,0,1,0,0,2,0,0,0,0,0,0,0,0,1,1,0,0
"TCGA-E2-A156",61,"female",27,0,0,1,"alive",NA,NA,NA,0,0,0,0,0,0,1,0,1,0,1,16,2,3,0,2,0,0,3,0,0,0,0,0,0,0,0,1,0,0,0
"TCGA-AR-A250",58,"female",110,0,0,0,"alive",NA,NA,NA,0,0,0,0,0,0,0,0,0,0,2,73,9,22,0,0,0,1,1,1,0,0,1,0,0,0,0,0,0,0,0
"TCGA-BH-A0BS",55,"female",16,0,0,0,"alive",NA,NA,NA,0,0,1,0,0,0,0,0,1,0,0,9,0,5,0,1,0,0,1,0,0,0,0,0,0,0,0,1,0,0,0
"TCGA-AR-A1AW",65,"female",38,1,0,1,"alive",NA,NA,NA,0,1,0,1,0,0,0,1,1,0,0,24,3,10,0,0,0,0,1,0,0,0,0,0,0,0,0,1,1,0,0
"TCGA-E2-A109",64,"female",0,0,0,0,"alive",NA,NA,NA,0,0,0,0,0,0,0,0,0,0,0,0,0,0,0,0,0,0,0,0,0,0,0,0,0,0,0,0,0,0,0
"TCGA-D8-A1XT",61,"female",36,1,0,0,"alive",NA,NA,NA,0,0,0,0,0,0,0,0,1,0,0,23,3,8,0,0,0,0,2,0,0,0,0,0,0,0,0,0,1,0,0
"TCGA-E2-A2P5",78,"female",80,1,0,1,"dead",NA,NA,NA,0,0,0,0,1,1,0,0,1,0,2,47,2,24,0,2,1,1,0,1,0,0,0,0,0,0,0,1,1,1,0
"TCGA-E2-A572",72,"female",18,0,0,0,"alive",NA,NA,NA,0,0,0,0,0,1,0,0,0,0,0,14,1,2,0,1,0,0,0,0,0,0,0,0,0,0,0,0,0,1,0
"TCGA-D8-A13Y",52,"female",79,1,0,0,"alive",NA,NA,NA,0,0,0,0,0,0,0,0,1,0,1,50,2,19,0,2,0,0,5,0,0,0,0,0,0,0,0,0,1,0,0
"TCGA-W8-A86G",66,"female",18,0,0,0,"alive",NA,NA,NA,0,0,0,0,1,0,0,0,1,1,2,10,0,5,0,0,0,0,0,0,0,0,0,0,0,0,0,0,0,0,0
"TCGA-EW-A1OY",63,"female",64,1,0,0,"alive",NA,NA,NA,0,0,0,0,0,1,1,0,1,0,0,41,4,14,0,1,0,0,4,0,0,0,0,0,0,0,0,0,1,1,0
"TCGA-AO-A12D",43,"female",58,1,0,0,"alive",NA,NA,NA,0,0,0,0,0,0,0,1,1,0,0,39,2,14,0,0,0,1,1,1,0,0,0,0,0,0,0,0,1,0,0
"TCGA-BH-A0H7",65,"female",63,1,0,0,"alive",NA,NA,NA,0,0,0,0,0,0,0,0,1,0,0,38,4,16,1,1,0,1,0,0,2,0,0,0,0,0,0,0,1,0,0
"TCGA-E9-A1R0",58,"female",32,0,0,1,"alive",NA,NA,NA,1,0,0,0,0,0,0,0,1,0,0,21,1,9,0,0,0,0,0,1,0,0,0,0,0,0,0,1,0,0,0
"TCGA-E9-A1NA",58,"female",91,0,0,0,"alive",NA,NA,NA,0,0,1,0,0,0,0,1,1,0,3,63,4,16,1,0,0,0,2,0,0,0,1,0,1,0,0,0,0,0,0
"TCGA-D8-A1JP",73,"female",122,0,0,1,"alive",NA,NA,NA,1,0,0,0,0,1,0,1,1,0,0,78,5,25,2,2,0,1,4,0,0,1,3,0,1,0,0,1,0,1,0
"TCGA-A2-A259",70,"female",24,0,0,0,"alive",NA,NA,NA,0,0,0,0,0,1,1,0,1,0,1,13,2,3,1,0,0,0,2,0,0,0,1,1,0,0,0,0,0,1,0
"TCGA-A2-A3XS",62,"female",0,0,0,0,"dead",NA,NA,NA,0,0,0,0,0,0,0,0,0,0,0,0,0,0,0,0,0,0,0,0,0,0,0,0,0,0,0,0,0,0,0
"TCGA-E2-A1IO",37,"female",11,1,0,1,"alive",NA,NA,NA,0,0,0,0,0,0,0,0,1,0,2,7,0,1,0,1,0,0,0,0,0,0,0,0,0,0,0,1,1,0,0
"TCGA-C8-A8HP",59,"female",168,1,0,0,"alive",NA,NA,NA,1,1,0,0,0,0,1,0,1,0,0,98,14,42,2,0,0,0,0,8,2,0,1,0,1,0,0,0,1,0,0
"TCGA-BH-A0W5",77,"female",28,0,0,1,"alive",NA,NA,NA,0,0,0,0,0,0,1,0,1,0,0,21,1,3,1,0,0,0,1,0,0,0,1,0,0,0,0,1,0,0,0
"TCGA-E2-A14U",74,"female",0,0,0,0,"alive",NA,NA,NA,0,0,0,0,0,0,0,0,0,0,0,0,0,0,0,0,0,0,0,0,0,0,0,0,0,0,0,0,0,0,0
"TCGA-BH-A0B8",64,"female",71,0,0,0,"alive",NA,NA,NA,0,0,0,0,0,0,0,0,0,0,1,38,5,24,0,0,0,0,1,1,0,1,0,0,0,0,0,0,0,0,0
"TCGA-E2-A154",68,"female",49,0,0,1,"alive",NA,NA,NA,0,0,1,0,0,0,0,0,1,0,0,33,1,9,0,0,0,0,3,1,1,0,1,0,0,0,0,1,0,0,0
"TCGA-A8-A07P",68,"female",55,0,0,0,"alive",NA,NA,NA,1,0,0,0,0,0,0,0,0,1,0,30,4,13,0,2,0,0,3,1,0,0,1,0,0,0,0,0,0,0,0
"TCGA-E9-A1RE",74,"female",50,0,0,1,"alive",NA,NA,NA,0,0,0,0,0,0,0,0,1,0,0,33,5,8,1,1,0,1,1,0,0,0,0,0,0,0,0,1,0,0,0
"TCGA-E9-A243",52,"female",76,1,0,0,"alive",NA,NA,NA,0,0,0,0,0,0,0,0,1,0,0,48,4,17,0,0,0,0,2,2,0,0,3,0,0,0,0,0,1,0,0
"TCGA-AR-A24M",38,"female",19,0,0,1,"alive",NA,NA,NA,0,0,0,0,0,0,0,0,1,0,0,10,0,7,0,0,0,0,1,1,0,0,0,0,0,0,0,1,0,0,0
"TCGA-D8-A1JH",56,"female",22,0,0,1,"alive",NA,NA,NA,0,0,0,0,0,0,1,0,1,0,2,13,0,4,0,0,0,0,1,2,0,0,0,0,0,0,0,1,0,0,0
"TCGA-AR-A1AT",62,"female",29,0,0,0,"dead",NA,NA,NA,1,0,0,0,1,0,0,1,1,0,0,18,0,6,0,1,0,0,4,0,0,0,0,0,0,0,0,0,0,0,0
"TCGA-AC-A3YI",74,"female",15,0,0,0,"alive",NA,NA,NA,0,0,0,0,1,0,0,1,1,0,1,12,0,2,0,0,0,0,0,0,0,0,0,0,0,0,0,0,0,0,0
"TCGA-AC-A3YJ",66,"female",0,0,0,0,"alive",NA,NA,NA,0,0,0,0,0,0,0,0,0,0,0,0,0,0,0,0,0,0,0,0,0,0,0,0,0,0,0,0,0,0,0
"TCGA-BH-A0DH",63,"female",42,0,0,0,"alive",NA,NA,NA,0,1,0,0,0,0,0,0,0,0,0,27,2,8,0,1,0,0,3,0,0,0,1,0,0,0,0,0,0,0,0
"TCGA-E2-A159",50,"female",157,1,0,0,"alive",NA,NA,NA,0,0,0,0,0,0,0,0,1,0,0,104,9,37,1,4,0,1,1,0,0,0,0,0,0,0,0,0,1,0,0
"TCGA-BH-A0BM",54,"female",25,0,0,1,"alive",NA,NA,NA,0,0,0,0,0,0,0,0,1,0,1,12,2,8,1,0,0,0,1,0,0,0,0,0,0,0,0,1,0,0,0
"TCGA-AR-A1AL",60,"female",28,0,1,1,"alive",NA,NA,NA,0,0,0,0,1,0,0,0,1,0,0,21,0,5,0,0,0,0,2,0,0,0,0,0,0,0,0,1,0,0,0
"TCGA-GM-A2DA",46,"female",32,0,0,0,"dead",NA,NA,NA,0,0,0,0,0,0,0,0,0,0,1,18,1,9,0,1,0,1,1,0,0,0,0,0,0,0,0,0,0,0,0
"TCGA-A2-A0YG",63,"female",59,1,0,0,"alive",NA,NA,NA,0,0,0,0,0,0,0,0,1,0,0,37,3,14,1,2,0,0,0,0,2,0,0,0,0,0,0,0,1,0,0
"TCGA-OL-A66P",75,"female",95,0,0,0,"alive",NA,NA,NA,0,0,0,0,0,0,0,0,1,0,5,53,3,21,1,0,0,0,9,0,0,1,2,0,0,0,0,1,0,0,0
"TCGA-AC-A5XS",74,"female",496,0,0,1,"alive",NA,NA,NA,1,1,0,1,1,0,0,1,1,0,0,328,28,119,2,6,1,1,3,3,4,0,0,0,1,0,0,1,0,0,0
"TCGA-D8-A1JG",62,"female",136,1,0,1,"alive",NA,NA,NA,1,0,0,0,0,0,0,0,1,0,2,79,18,28,1,1,1,0,2,2,0,1,1,0,0,0,0,1,1,0,0
"TCGA-A8-A06Y",66,"female",34,0,0,0,"alive",NA,NA,NA,0,0,1,0,0,0,0,0,1,0,1,20,1,7,0,2,1,0,1,0,0,0,1,0,0,0,0,0,0,0,0
"TCGA-A8-A07L",58,"female",97,0,0,0,"alive",NA,NA,NA,0,0,0,0,0,0,0,0,0,1,1,64,5,18,1,2,0,0,2,0,1,1,1,0,0,0,0,0,0,0,0
"TCGA-E9-A22A",74,"female",28,0,0,0,"alive",NA,NA,NA,0,0,0,0,0,0,0,0,0,0,0,19,2,5,0,1,0,0,1,0,0,0,0,0,0,0,0,0,0,0,0
"TCGA-AR-A0TW",50,"female",56,0,0,0,"alive",NA,NA,NA,0,0,1,0,0,0,0,0,1,0,1,30,5,14,0,2,1,0,2,1,0,0,0,0,0,0,0,0,0,0,0
"TCGA-E2-A15C",61,"female",40,0,0,1,"alive",NA,NA,NA,0,0,0,0,0,0,1,0,1,0,2,23,0,9,0,1,1,1,2,0,1,0,0,0,0,0,0,1,0,0,0
"TCGA-AR-A1AV",68,"male",43,0,0,1,"alive",NA,NA,NA,0,0,1,0,0,0,0,0,1,0,0,28,2,6,0,0,0,0,4,0,2,0,1,0,0,0,0,1,0,0,0
"TCGA-E2-A15L",65,"female",31,0,0,1,"alive",NA,NA,NA,0,0,0,1,0,0,1,0,1,0,1,23,2,3,0,0,0,0,2,0,0,0,0,0,0,0,0,1,0,0,0
"TCGA-AR-A24R",45,"female",23,0,0,0,"alive",NA,NA,NA,0,0,0,0,0,0,0,0,0,0,0,14,0,5,0,0,0,0,3,0,0,0,1,0,0,0,0,0,0,0,0
"TCGA-AC-A2QI",76,"female",0,0,0,0,"alive",NA,NA,NA,0,0,0,0,0,0,0,0,0,0,0,0,0,0,0,0,0,0,0,0,0,0,0,0,0,0,0,0,0,0,0
"TCGA-A2-A0CS",73,"female",41,0,0,1,"dead",NA,NA,NA,0,0,0,0,0,1,0,0,1,0,3,21,2,11,0,1,0,0,2,0,0,0,1,0,0,0,0,1,0,1,0
"TCGA-A7-A4SE",54,"female",96,1,0,0,"alive",NA,NA,NA,0,0,0,0,0,0,0,0,1,0,0,62,3,16,1,3,0,0,8,1,0,0,1,0,1,0,0,0,1,0,0
"TCGA-E9-A1NI",51,"female",36,0,0,1,"alive",NA,NA,NA,0,0,1,0,0,0,0,0,1,0,10,16,2,7,0,0,0,0,0,0,1,0,0,0,0,0,0,1,0,0,0
"TCGA-A8-A095",45,"female",157,0,0,1,"alive",NA,NA,NA,1,0,0,0,0,0,0,1,1,0,0,98,11,40,0,3,0,1,1,2,1,0,0,0,0,0,0,1,0,0,0
"TCGA-AO-A129",29,"female",0,0,0,0,"alive",NA,NA,NA,0,0,0,0,0,0,0,0,0,0,0,0,0,0,0,0,0,0,0,0,0,0,0,0,0,0,0,0,0,0,0
"TCGA-AR-A0TZ",43,"female",56,0,0,1,"dead",NA,NA,NA,0,0,0,0,0,1,0,0,1,0,0,41,3,9,0,2,0,0,1,0,0,0,0,0,0,0,0,1,0,1,0
"TCGA-E9-A226",45,"female",64,1,0,1,"dead",NA,NA,NA,1,0,0,0,0,1,0,0,1,0,1,37,1,18,0,2,0,0,5,0,0,0,0,0,0,0,0,1,1,1,0
"TCGA-OL-A5D7",70,"female",56,1,0,0,"alive",NA,NA,NA,1,0,0,0,0,0,0,0,1,0,1,37,0,10,0,2,0,1,1,2,1,0,1,0,0,0,0,0,1,0,0
"TCGA-LD-A7W6",54,"female",30,0,0,0,"alive",NA,NA,NA,0,0,0,0,1,0,0,0,1,0,0,16,3,6,0,2,0,0,1,1,0,0,0,1,0,0,0,0,0,0,0
"TCGA-D8-A27M",59,"female",64,1,0,0,"alive",NA,NA,NA,0,0,0,0,0,0,0,0,1,0,0,41,6,13,0,1,0,0,2,0,1,0,0,0,0,0,0,0,1,0,0
"TCGA-A2-A0YF",67,"female",30,0,0,0,"alive",NA,NA,NA,0,0,0,0,0,0,1,0,1,0,0,14,0,11,1,0,1,0,2,0,0,0,1,0,0,0,0,0,0,0,0
"TCGA-BH-A0HB",55,"female",34,0,0,0,"alive",NA,NA,NA,0,0,0,0,0,0,0,0,0,0,0,21,1,9,0,1,0,0,2,0,0,0,0,0,0,0,0,0,0,0,0
"TCGA-LL-A50Y",84,"female",38,0,0,1,"alive",NA,NA,NA,0,0,0,0,1,1,0,0,1,0,0,17,5,13,0,0,0,0,3,0,0,0,0,0,0,0,0,1,0,1,0
"TCGA-D8-A1JS",77,"female",22,0,0,1,"alive",NA,NA,NA,0,0,0,0,0,0,0,1,1,0,0,15,0,6,0,1,0,0,0,0,0,0,0,0,0,0,0,1,0,0,0
"TCGA-A8-A0AD",83,"female",36,0,0,0,"alive",NA,NA,NA,0,0,0,0,0,0,0,0,0,0,1,19,1,10,0,3,0,0,1,0,0,0,0,0,1,0,0,0,0,0,0
"TCGA-EW-A1PC",66,"female",0,0,0,0,"alive",NA,NA,NA,0,0,0,0,0,0,0,0,0,0,0,0,0,0,0,0,0,0,0,0,0,0,0,0,0,0,0,0,0,0,0
"TCGA-A7-A5ZV",62,"female",196,1,0,0,"alive",NA,NA,NA,0,1,0,0,0,0,0,0,1,0,1,126,7,40,1,5,0,1,9,1,3,0,0,0,2,0,0,0,1,0,0
"TCGA-A7-A26F",55,"female",81,1,0,0,"alive",NA,NA,NA,0,0,0,0,0,0,0,0,1,0,1,54,3,14,0,2,0,0,5,0,0,0,0,0,0,2,0,1,1,0,0
"TCGA-GM-A3NW",63,"female",72,0,0,1,"alive",NA,NA,NA,0,1,0,0,0,0,0,1,1,0,0,41,3,24,0,2,1,0,0,0,0,0,1,0,0,0,0,1,0,0,0
"TCGA-B6-A3ZX",50,"female",0,0,0,0,"dead",NA,NA,NA,0,0,0,0,0,0,0,0,0,0,0,0,0,0,0,0,0,0,0,0,0,0,0,0,0,0,0,0,0,0,0
"TCGA-E9-A1R7",64,"female",48,0,0,0,"alive",NA,NA,NA,0,0,1,0,0,0,0,0,1,1,1,31,3,10,1,0,0,0,0,1,0,0,0,0,0,0,0,0,0,0,0
"TCGA-A2-A0EO",54,"female",31,0,0,1,"alive",NA,NA,NA,0,0,0,0,0,0,0,0,1,0,0,20,2,7,0,0,0,0,1,0,0,0,1,0,0,0,0,1,0,0,0
"TCGA-E2-A15G",76,"female",66,0,0,1,"alive",NA,NA,NA,0,0,0,0,0,0,1,0,1,0,1,35,4,22,0,1,1,0,2,0,0,0,0,0,0,0,0,1,0,0,0
"TCGA-D8-A27T",53,"female",24,0,0,1,"alive",NA,NA,NA,0,0,0,0,1,0,0,0,1,0,0,15,0,7,1,1,0,0,0,0,0,0,0,0,0,0,0,1,0,0,0
"TCGA-D8-A1JN",80,"female",176,0,0,1,"alive",NA,NA,NA,1,0,1,0,0,0,0,1,1,0,2,98,10,54,1,2,0,0,3,3,1,0,0,0,2,0,0,1,0,0,0
"TCGA-A2-A1G6",50,"female",7,0,0,0,"alive",NA,NA,NA,0,0,0,0,0,0,0,0,0,0,0,6,0,0,0,1,0,0,0,0,0,0,0,0,0,0,0,0,0,0,0
"TCGA-BH-A0HW",62,"female",33,0,0,0,"alive",NA,NA,NA,0,0,0,0,0,0,0,0,1,0,2,21,2,8,0,0,0,0,0,0,0,0,0,0,0,0,0,0,0,1,0
"TCGA-E9-A2JT",63,"female",20,0,0,0,"alive",NA,NA,NA,0,1,0,0,1,0,0,0,1,0,0,11,5,4,0,0,0,0,0,0,0,0,0,0,0,0,0,0,0,0,0
"TCGA-A7-A26H",72,"female",124,0,0,1,"alive",NA,NA,NA,0,0,0,0,0,0,0,0,1,0,1,74,12,32,1,1,0,1,1,0,0,0,0,0,0,1,0,1,0,0,1
"TCGA-A2-A04T",62,"female",108,1,0,1,"alive",NA,NA,NA,0,0,0,0,0,0,0,0,1,0,2,66,5,19,2,5,0,0,4,0,2,0,3,0,0,0,0,1,1,0,0
"TCGA-E2-A1IL",78,"female",28,0,0,1,"alive",NA,NA,NA,0,0,0,0,0,0,0,0,1,0,0,16,1,8,0,0,0,0,2,0,1,0,0,0,0,0,0,1,0,0,0
"TCGA-E2-A1B1",45,"female",51,0,0,0,"alive",NA,NA,NA,0,0,0,0,0,0,0,0,0,0,0,34,4,9,0,1,1,0,0,0,1,0,1,0,0,0,0,0,0,0,0
"TCGA-D8-A3Z6",56,"female",26,0,0,1,"alive",NA,NA,NA,0,0,0,0,1,0,1,0,1,1,0,17,0,3,0,0,0,0,4,0,0,0,1,0,0,0,0,1,0,0,0
"TCGA-AR-A255",62,"female",61,0,0,1,"alive",NA,NA,NA,0,1,0,0,0,0,0,0,1,0,1,40,5,13,0,0,0,0,1,0,1,0,0,0,0,0,0,1,0,0,0
"TCGA-A7-A5ZX",48,"female",31,0,0,0,"alive",NA,NA,NA,0,0,0,0,1,0,0,0,1,0,0,20,1,6,0,2,0,0,2,0,0,0,0,0,0,0,0,0,0,0,0
"TCGA-GM-A5PV",63,"female",24,0,0,0,"alive",NA,NA,NA,0,0,0,0,1,0,0,0,1,0,0,15,0,5,1,1,0,0,2,0,0,0,0,0,0,0,0,1,0,0,0
"TCGA-A2-A04R",36,"female",91,0,0,0,"alive",NA,NA,NA,1,0,0,0,0,0,0,0,0,0,0,61,4,18,0,4,0,0,2,2,0,0,0,0,0,0,0,0,0,0,0
"TCGA-D8-A1JI",54,"female",35,0,0,0,"alive",NA,NA,NA,0,0,0,0,0,0,0,0,1,0,1,19,2,11,0,1,0,0,1,0,0,0,0,0,0,0,0,1,0,1,0
"TCGA-D8-A1XW",53,"female",100,1,0,0,"alive",NA,NA,NA,0,1,0,0,0,0,0,0,1,0,0,64,5,21,0,4,0,1,3,1,0,1,0,0,0,0,0,0,1,0,0
"TCGA-EW-A1J2",50,"female",32,0,0,1,"alive",NA,NA,NA,0,0,0,0,1,0,0,0,1,0,0,22,3,7,0,0,0,0,0,0,0,0,0,0,0,0,0,1,0,0,0
"TCGA-UL-AAZ6",73,"female",95,0,0,0,"alive",NA,NA,NA,0,0,0,0,0,0,0,0,0,2,3,53,4,24,2,2,0,0,1,3,0,0,0,0,1,0,0,0,0,0,0
"TCGA-AO-A0J7",71,"female",20,0,0,1,"alive",NA,NA,NA,0,0,0,0,0,0,1,0,1,0,2,8,2,4,0,1,1,0,1,0,1,0,0,0,0,0,0,1,0,0,0
"TCGA-E2-A153",51,"female",25,0,0,1,"alive",NA,NA,NA,0,0,0,0,0,1,0,0,1,0,0,15,1,5,0,0,0,0,3,0,0,0,0,0,1,0,0,1,0,1,0
"TCGA-AO-A0J4",41,"female",116,1,0,0,"alive",NA,NA,NA,1,0,0,0,0,0,0,0,1,1,1,78,6,26,0,0,0,0,2,1,0,0,1,0,0,0,0,0,1,0,0
"TCGA-A8-A09D",47,"female",49,0,0,1,"alive",NA,NA,NA,0,0,0,0,0,0,0,1,1,0,0,28,0,15,0,2,0,1,1,1,0,0,1,0,0,0,0,1,0,0,0
"TCGA-A2-A25A",44,"female",282,0,0,1,"alive",NA,NA,NA,0,0,0,0,1,0,0,1,1,1,0,197,14,60,1,1,3,0,1,2,1,0,1,0,0,0,0,1,0,0,0
"TCGA-EW-A2FV",39,"female",446,0,0,0,"alive",NA,NA,NA,0,0,0,0,0,0,0,0,0,3,0,15,0,3,0,11,0,1,406,4,2,0,0,0,1,0,0,0,0,0,0
"TCGA-LD-A74U",79,"female",228,1,0,1,"alive",NA,NA,NA,0,0,0,0,1,1,0,0,1,1,1,134,19,60,3,4,1,0,0,3,0,0,0,0,2,0,0,1,1,1,0
"TCGA-A8-A08X",42,"female",31,1,0,0,"alive",NA,NA,NA,0,0,0,0,0,0,0,0,1,0,0,18,2,9,0,1,0,1,0,0,0,0,0,0,0,0,0,0,1,0,0
"TCGA-EW-A1OW",58,"female",0,0,0,0,"alive",NA,NA,NA,0,0,0,0,0,0,0,0,0,0,0,0,0,0,0,0,0,0,0,0,0,0,0,0,0,0,0,0,0,0,0
"TCGA-AQ-A04L",48,"female",0,0,0,0,"alive",NA,NA,NA,0,0,0,0,0,0,0,0,0,0,0,0,0,0,0,0,0,0,0,0,0,0,0,0,0,0,0,0,0,0,0
"TCGA-AO-A0J8",61,"female",29,0,0,0,"alive",NA,NA,NA,0,0,0,0,1,0,0,0,1,0,2,15,2,6,0,0,0,0,2,0,2,0,0,0,0,0,0,0,0,0,0
"TCGA-A7-A4SB",56,"female",0,0,0,0,"alive",NA,NA,NA,0,0,0,0,0,0,0,0,0,0,0,0,0,0,0,0,0,0,0,0,0,0,0,0,0,0,0,0,0,0,0
"TCGA-A2-A0CQ",62,"female",37,0,0,0,"alive",NA,NA,NA,0,0,0,0,0,0,0,0,0,0,0,24,0,12,0,0,0,0,0,0,0,0,0,0,0,1,0,0,0,0,0
"TCGA-BH-A0AV",52,"female",72,1,0,0,"alive",NA,NA,NA,1,0,0,0,0,0,0,0,1,0,1,43,1,19,0,2,0,0,3,1,1,0,1,0,0,0,0,0,1,0,0
"TCGA-BH-A0W7",49,"female",212,0,0,1,"alive",NA,NA,NA,1,0,0,0,0,0,0,0,1,0,0,123,11,65,1,3,0,3,0,3,2,1,0,0,0,0,0,1,0,0,0
"TCGA-A2-A25C",50,"female",30,0,0,1,"alive",NA,NA,NA,1,1,0,0,0,0,0,0,1,0,0,21,2,4,0,2,0,0,0,1,0,0,0,0,0,0,0,1,0,0,0
"TCGA-AC-A23E",50,"female",21,0,0,1,"alive",NA,NA,NA,0,0,0,0,0,0,0,0,1,0,0,11,2,4,1,0,0,1,2,0,0,0,0,0,0,0,0,1,0,0,0
"TCGA-BH-A0C3",47,"female",14,1,0,0,"alive",NA,NA,NA,0,0,0,0,0,0,0,0,1,0,0,7,1,4,0,0,0,0,2,0,0,0,0,0,0,0,0,0,1,0,0
"TCGA-AC-A3W7",66,"female",68,0,0,1,"alive",NA,NA,NA,0,0,0,0,1,0,0,0,1,0,1,35,7,18,0,2,0,0,5,0,0,0,0,0,0,0,0,1,0,0,0
"TCGA-BH-A0GY",67,"female",36,1,0,1,"alive",NA,NA,NA,1,0,0,0,0,0,0,0,1,0,0,26,1,5,0,0,0,0,3,0,0,0,1,0,0,0,0,1,1,0,0
"TCGA-A2-A0EQ",64,"female",235,1,0,1,"alive",NA,NA,NA,1,0,0,1,0,0,0,1,1,0,1,152,7,65,1,4,1,0,1,0,1,0,1,1,0,0,0,1,1,0,0
"TCGA-OL-A5RZ",57,"female",112,0,0,0,"alive",NA,NA,NA,0,0,0,0,0,0,0,0,0,0,1,68,2,31,0,3,0,2,1,0,1,0,2,0,1,0,0,0,0,0,0
"TCGA-A7-A6VX",68,"female",133,1,0,1,"alive",NA,NA,NA,0,0,0,0,0,1,0,0,1,0,1,86,9,22,1,3,0,1,5,2,0,0,2,0,1,0,0,1,1,1,0
"TCGA-A2-A0CM",40,"female",57,1,0,0,"dead",NA,NA,NA,0,0,0,0,0,0,0,0,1,0,1,33,4,14,0,1,0,0,3,0,0,0,1,0,0,0,0,0,1,0,0
"TCGA-EW-A1PH",52,"female",46,1,0,0,"alive",NA,NA,NA,0,0,0,1,0,0,0,0,1,0,1,30,4,7,2,0,0,0,1,0,0,0,1,0,0,0,0,0,1,0,0
"TCGA-AR-A1AN",46,"female",26,1,0,0,"alive",NA,NA,NA,0,0,0,0,0,0,0,0,1,0,0,18,1,4,0,2,0,0,1,0,0,0,0,0,0,0,0,0,1,0,0
"TCGA-AR-A1AS",54,"female",42,1,1,1,"alive",NA,NA,NA,1,0,1,1,0,0,0,0,1,0,0,24,3,12,0,1,0,0,1,0,0,0,0,1,0,0,0,1,1,0,0
"TCGA-OL-A5S0",66,"female",33,0,0,1,"alive",NA,NA,NA,0,0,0,0,0,0,0,0,1,0,2,19,0,7,1,0,0,0,3,0,0,0,1,0,0,0,0,1,0,0,0
"TCGA-D8-A1JA",60,"female",948,0,0,0,"alive",NA,NA,NA,1,0,0,1,0,0,0,1,0,1,1,619,64,222,2,10,1,2,5,10,3,2,3,0,3,0,0,0,0,0,0
"TCGA-A2-A0T7",51,"female",23,0,0,1,"alive",NA,NA,NA,0,0,0,0,0,0,0,0,1,0,1,12,2,4,0,1,0,0,1,2,0,0,0,0,0,0,0,1,0,0,0
"TCGA-LD-A9QF",73,"female",14,0,0,0,"alive",NA,NA,NA,0,0,0,0,0,0,0,0,0,0,0,9,0,5,0,0,0,0,0,0,0,0,0,0,0,0,0,0,0,0,0
"TCGA-E2-A15F",64,"female",0,0,0,0,"alive",NA,NA,NA,0,0,0,0,0,0,0,0,0,0,0,0,0,0,0,0,0,0,0,0,0,0,0,0,0,0,0,0,0,0,0
"TCGA-BH-A0H9",69,"female",45,0,0,1,"alive",NA,NA,NA,1,0,0,0,0,0,0,0,1,0,2,29,2,9,0,0,0,0,2,1,0,0,0,0,0,0,0,1,0,0,0
"TCGA-C8-A12Z",45,"female",53,1,0,0,"alive",NA,NA,NA,0,0,0,0,0,0,0,0,1,0,1,37,2,10,0,0,1,1,0,0,0,0,1,0,0,0,0,0,1,0,0
"TCGA-GM-A2DH",58,"female",192,1,0,1,"alive",NA,NA,NA,1,1,0,0,0,0,0,1,1,0,1,123,11,34,0,5,0,2,7,3,1,0,4,1,0,0,0,1,1,0,0
"TCGA-A8-A07S",73,"female",0,0,0,0,"alive",NA,NA,NA,0,0,0,0,0,0,0,0,0,0,0,0,0,0,0,0,0,0,0,0,0,0,0,0,0,0,0,0,0,0,0
"TCGA-LL-A5YP",49,"female",74,1,0,0,"alive",NA,NA,NA,0,0,0,0,0,0,0,0,1,0,0,52,5,13,0,1,0,0,0,2,1,0,0,0,0,0,0,1,1,0,0
"TCGA-E2-A15M",66,"female",90,1,0,0,"dead",NA,NA,NA,0,0,0,0,0,0,0,1,1,0,0,53,1,26,1,3,0,0,4,1,0,0,0,0,1,0,0,0,1,0,0
"TCGA-BH-A8G0",54,"female",12,0,0,0,"alive",NA,NA,NA,0,0,0,0,1,0,0,0,1,0,0,6,0,4,1,0,0,0,0,0,0,1,0,0,0,0,0,0,0,0,0
"TCGA-D8-A13Z",51,"female",89,1,0,0,"alive",NA,NA,NA,0,0,0,0,0,0,0,0,1,0,1,62,3,13,2,2,0,0,2,1,0,0,2,0,0,1,0,1,1,0,0
"TCGA-A2-A4RY",46,"female",0,0,0,0,"alive",NA,NA,NA,0,0,0,0,0,0,0,0,0,0,0,0,0,0,0,0,0,0,0,0,0,0,0,0,0,0,0,0,0,0,0
"TCGA-E9-A1RI",43,"female",17,0,0,1,"alive",NA,NA,NA,0,0,0,0,0,0,0,0,1,0,0,8,0,8,1,0,0,0,0,0,0,0,0,0,0,0,0,1,0,0,0
"TCGA-C8-A273",29,"female",20,0,0,0,"alive",NA,NA,NA,0,0,1,0,0,0,0,0,1,0,2,11,0,5,0,1,0,0,0,0,0,0,0,0,1,0,0,0,0,0,0
"TCGA-BH-A0DP",60,"female",27,0,0,1,"alive",NA,NA,NA,0,0,0,0,0,0,0,0,1,1,0,18,1,5,0,0,0,0,0,1,0,0,0,1,0,0,0,1,0,0,0
"TCGA-WT-AB44",77,"female",31,0,0,0,"alive",NA,NA,NA,0,0,0,0,1,0,0,0,1,0,1,19,3,5,1,0,0,0,1,1,0,0,0,0,0,0,0,1,0,0,0
"TCGA-E2-A1IJ",57,"female",17,0,0,0,"alive",NA,NA,NA,0,0,0,0,1,0,0,0,1,0,1,8,1,4,0,0,0,0,2,0,1,0,0,0,0,0,0,0,0,0,0
"TCGA-AR-A0TQ",27,"female",38,0,0,0,"alive",NA,NA,NA,0,0,1,0,0,0,0,0,1,0,1,23,0,12,0,0,0,1,0,0,0,0,0,0,1,0,0,0,0,0,0
"TCGA-AR-A2LJ",40,"female",0,0,0,0,"alive",NA,NA,NA,0,0,0,0,0,0,0,0,0,0,0,0,0,0,0,0,0,0,0,0,0,0,0,0,0,0,0,0,0,0,0
"TCGA-EW-A1IW",80,"female",87,0,0,1,"alive",NA,NA,NA,1,0,0,1,0,0,0,1,1,0,0,50,6,24,0,3,0,0,3,1,0,0,0,0,0,0,0,1,0,0,0
"TCGA-A2-A0EN",70,"female",34,0,0,0,"alive",NA,NA,NA,1,0,0,0,0,1,0,0,0,0,1,21,1,6,1,1,0,0,3,0,0,0,0,0,0,0,0,0,0,1,0
"TCGA-E2-A574",44,"female",115,1,0,0,"alive",NA,NA,NA,1,0,0,0,0,0,0,0,1,1,0,73,5,29,0,2,0,0,2,2,1,0,0,0,0,0,0,0,1,0,0
"TCGA-E9-A1RH",63,"female",93,1,0,1,"alive",NA,NA,NA,1,0,0,0,0,0,0,0,1,0,0,54,6,20,0,2,0,0,4,1,1,0,4,1,0,0,0,1,1,0,0
"TCGA-A8-A08O",45,"female",28,0,0,1,"alive",NA,NA,NA,0,0,0,0,0,0,0,0,1,1,0,18,0,6,1,0,0,0,1,0,0,0,1,0,0,0,0,1,0,0,0
"TCGA-EW-A1P0",55,"female",19,0,0,1,"alive",NA,NA,NA,1,0,0,0,0,0,0,0,1,0,0,15,0,4,0,0,0,0,0,0,0,0,0,0,0,0,0,1,0,0,0
"TCGA-AC-A3QP",79,"female",0,0,0,0,"alive",NA,NA,NA,0,0,0,0,0,0,0,0,0,0,0,0,0,0,0,0,0,0,0,0,0,0,0,0,0,0,0,0,0,0,0
"TCGA-EW-A1P8",58,"female",36,1,0,0,"dead",NA,NA,NA,0,0,0,0,0,0,0,0,1,0,1,18,4,11,0,1,0,0,1,0,0,0,0,0,0,0,0,0,1,0,1
"TCGA-3C-AALK",52,"female",52,0,0,1,"alive",NA,NA,NA,0,0,0,0,0,0,0,0,1,0,1,35,2,9,0,1,1,0,2,0,1,0,0,0,0,0,0,1,0,0,0
"TCGA-AO-A0J9",61,"female",126,0,0,0,"alive",NA,NA,NA,0,0,0,0,1,0,0,0,1,1,0,80,7,30,0,2,0,0,4,0,2,0,0,0,0,0,0,0,0,0,0
"TCGA-A2-A3KD",47,"female",11,0,0,0,"alive",NA,NA,NA,0,0,0,0,0,0,0,0,0,0,0,6,0,3,0,1,0,0,0,0,0,1,0,0,0,0,0,0,0,0,0
"TCGA-BH-A0E7",79,"female",43,0,0,0,"alive",NA,NA,NA,0,0,0,0,0,0,1,0,1,0,3,20,4,9,0,1,0,1,4,1,0,0,0,0,0,0,0,0,0,1,0
"TCGA-AC-A2FK",45,"female",0,0,0,0,"alive",NA,NA,NA,0,0,0,0,0,0,0,0,0,0,0,0,0,0,0,0,0,0,0,0,0,0,0,0,0,0,0,0,0,0,0
"TCGA-E2-A56Z",69,"female",41,0,0,0,"alive",NA,NA,NA,0,0,1,0,0,0,0,0,1,0,0,28,1,9,0,0,0,0,3,0,0,0,0,0,0,0,0,0,0,0,0
"TCGA-GM-A2DK",58,"female",25,0,0,0,"alive",NA,NA,NA,0,0,0,0,0,0,0,0,0,0,0,15,0,7,0,0,0,0,1,2,0,0,0,0,0,0,0,0,0,0,0
"TCGA-BH-A0GZ",62,"female",32,0,0,0,"alive",NA,NA,NA,0,0,0,0,0,0,0,0,0,0,0,24,2,5,0,0,0,0,1,0,0,0,0,0,0,0,0,0,0,0,0
"TCGA-E9-A1R6",63,"female",29,0,0,0,"alive",NA,NA,NA,0,0,0,0,0,0,1,0,1,0,1,19,1,6,0,0,0,0,1,0,0,0,1,0,0,0,0,0,0,0,0
"TCGA-AO-A03M",29,"female",0,0,0,0,"alive",NA,NA,NA,0,0,0,0,0,0,0,0,0,0,0,0,0,0,0,0,0,0,0,0,0,0,0,0,0,0,0,0,0,0,0
"TCGA-AO-A12H",69,"female",24,0,0,0,"alive",NA,NA,NA,0,0,0,0,0,1,0,0,1,0,2,14,2,4,0,0,0,0,0,0,1,0,1,0,0,0,0,1,0,1,0
"TCGA-B6-A40C",51,"female",35,0,0,0,"alive",NA,NA,NA,0,0,1,0,1,0,0,0,1,0,2,21,2,9,1,0,0,0,0,0,0,0,0,0,0,0,0,0,0,0,0
"TCGA-AR-A24X",52,"female",26,0,0,0,"alive",NA,NA,NA,0,0,1,0,1,0,0,0,1,0,0,16,2,5,0,2,0,0,0,1,0,0,0,0,0,0,0,1,0,0,0
"TCGA-A2-A0CV",41,"female",22,0,0,0,"alive",NA,NA,NA,0,0,1,0,0,0,0,0,1,0,0,16,2,3,0,1,0,0,0,0,0,0,0,0,0,0,0,0,0,0,0
"TCGA-D8-A145",80,"female",40,0,0,1,"alive",NA,NA,NA,0,0,0,0,0,0,0,0,1,0,1,31,0,5,1,0,0,0,2,0,0,0,0,0,0,0,0,1,0,0,0
"TCGA-D8-A1XJ",76,"female",88,1,0,0,"alive",NA,NA,NA,1,0,0,1,0,0,0,0,1,0,0,53,6,21,0,2,0,1,4,0,0,0,1,0,0,0,0,0,1,0,0
"TCGA-BH-A0BL",35,"female",57,1,0,0,"alive",NA,NA,NA,0,0,0,0,0,0,0,0,1,0,0,38,7,7,1,1,0,0,2,0,0,0,1,0,0,0,0,0,1,0,0
"TCGA-A2-A0EY",62,"female",225,1,0,1,"alive",NA,NA,NA,1,0,0,0,0,0,0,1,1,3,1,132,14,63,2,4,1,0,2,2,1,0,0,0,0,0,0,1,1,0,0
"TCGA-A2-A1FV",74,"female",40,0,0,0,"alive",NA,NA,NA,0,0,0,0,1,0,0,0,1,0,3,22,4,7,0,0,0,0,1,1,2,0,0,0,0,0,0,0,0,0,0
"TCGA-D8-A27I",58,"female",33,0,0,0,"alive",NA,NA,NA,0,0,0,1,1,0,0,0,1,0,0,21,1,9,0,0,0,0,2,0,0,0,0,0,0,0,0,0,0,0,0
"TCGA-D8-A1JT",70,"female",35,0,0,0,"alive",NA,NA,NA,0,0,1,1,0,1,0,1,1,0,0,20,0,10,1,0,0,0,2,1,0,0,1,0,0,0,0,0,0,1,0
"TCGA-EW-A3U0",61,"female",0,0,0,0,"alive",NA,NA,NA,0,0,0,0,0,0,0,0,0,0,0,0,0,0,0,0,0,0,0,0,0,0,0,0,0,0,0,0,0,0,0
"TCGA-D8-A1X7",40,"female",21,0,0,0,"alive",NA,NA,NA,0,0,0,0,0,0,0,0,0,0,0,15,2,4,0,0,0,0,0,0,0,0,0,0,0,0,0,0,0,0,0
"TCGA-EW-A1IX",48,"female",32,0,0,1,"alive",NA,NA,NA,0,0,0,0,0,1,1,0,1,1,0,19,5,5,0,2,0,0,0,0,0,0,0,0,0,0,0,1,0,1,0
"TCGA-A7-A4SF",54,"female",83,0,0,1,"alive",NA,NA,NA,0,0,0,0,0,0,0,0,1,0,0,49,3,22,1,0,0,0,5,1,1,0,0,0,1,0,0,1,0,0,0
"TCGA-E9-A229",37,"female",25,0,0,1,"alive",NA,NA,NA,0,0,0,0,0,0,0,0,1,0,0,12,2,8,1,0,0,0,1,0,0,0,1,0,0,0,0,1,0,0,0
"TCGA-AR-A24H",65,"female",149,0,0,0,"alive",NA,NA,NA,0,1,0,0,1,0,0,0,1,0,1,94,5,26,2,4,0,2,9,1,0,0,5,0,0,0,0,0,0,0,0
"TCGA-EW-A1J5",59,"female",449,0,0,1,"alive",NA,NA,NA,1,1,0,1,1,1,0,1,1,0,1,297,23,113,0,5,0,2,1,2,3,0,0,1,1,0,0,1,0,1,0
"TCGA-A8-A07O",51,"female",45,1,0,0,"alive",NA,NA,NA,0,0,0,0,0,0,0,1,1,0,0,28,0,12,0,2,0,0,0,0,1,0,2,0,0,0,0,0,1,0,0
"TCGA-BH-A0BZ",59,"female",261,0,0,0,"alive",NA,NA,NA,1,0,0,1,0,0,0,1,0,0,4,164,16,42,1,9,0,1,13,1,0,0,6,1,1,2,0,0,0,0,0
"TCGA-LL-A740",61,"female",53,0,0,0,"alive",NA,NA,NA,0,0,0,0,0,0,0,0,0,0,1,30,2,13,0,2,0,0,3,1,0,0,1,0,0,0,0,0,0,0,0
"TCGA-AR-A0TU",35,"female",83,0,0,0,"alive",NA,NA,NA,0,0,0,0,0,0,0,0,0,0,0,47,5,22,0,2,0,1,4,0,0,0,2,0,0,0,0,0,0,0,0
"TCGA-A2-A0SU",66,"female",31,0,0,0,"alive",NA,NA,NA,0,0,1,0,0,0,0,0,1,0,1,15,2,6,0,1,0,0,4,0,0,0,2,0,0,0,0,0,0,0,0
"TCGA-E2-A14T",52,"female",37,0,0,0,"alive",NA,NA,NA,1,0,1,0,0,0,0,0,1,0,1,23,1,7,0,1,1,0,2,0,0,0,1,0,0,0,0,0,0,0,0
"TCGA-E2-A1LB",41,"female",51,0,0,0,"alive",NA,NA,NA,0,0,0,0,0,0,0,1,0,0,0,30,6,11,0,0,0,0,2,1,0,0,1,0,0,0,0,0,0,0,0
"TCGA-BH-A0BW",71,"female",89,1,0,0,"alive",NA,NA,NA,1,0,0,0,0,1,0,0,1,0,3,46,4,21,1,1,0,0,9,1,0,0,3,0,0,0,0,0,1,1,0
"TCGA-BH-A0C7",48,"female",53,0,0,0,"alive",NA,NA,NA,1,0,1,0,0,0,0,0,1,0,1,30,2,14,0,1,1,0,4,0,0,0,0,0,0,0,0,0,0,0,0
"TCGA-E2-A15S",34,"female",59,0,0,0,"alive",NA,NA,NA,0,1,0,0,0,0,0,0,0,0,0,40,4,10,0,0,0,0,4,0,0,0,0,0,0,1,0,0,0,0,1
"TCGA-LL-A8F5",61,"female",150,1,0,0,"alive",NA,NA,NA,1,0,0,0,0,0,0,0,1,0,2,94,6,22,1,8,0,1,7,6,0,0,3,0,0,0,0,0,1,0,0
"TCGA-A8-A07R",80,"female",233,1,0,0,"alive",NA,NA,NA,1,0,0,0,0,1,0,0,1,1,1,145,12,46,1,4,0,0,12,4,4,0,2,1,0,0,0,0,1,1,0
"TCGA-BH-A0BC",60,"female",35,1,0,1,"alive",NA,NA,NA,0,0,0,0,0,0,0,0,1,0,0,18,4,12,0,0,0,0,1,0,0,0,0,0,0,0,0,1,1,0,0
"TCGA-EW-A1OZ",56,"female",59,1,0,0,"alive",NA,NA,NA,0,0,0,0,0,0,0,0,1,0,0,40,3,11,0,0,0,0,3,2,0,0,0,0,0,0,0,0,1,0,0
"TCGA-A7-A3J1",63,"female",0,0,0,0,"alive",NA,NA,NA,0,0,0,0,0,0,0,0,0,0,0,0,0,0,0,0,0,0,0,0,0,0,0,0,0,0,0,0,0,0,0
"TCGA-PL-A8LZ",29,"female",88,1,0,0,"alive",NA,NA,NA,0,0,0,0,0,0,0,0,1,0,0,61,7,15,0,1,0,0,3,0,1,0,0,0,0,0,0,0,1,0,0
"TCGA-EW-A3E8",60,"female",0,0,0,0,"alive",NA,NA,NA,0,0,0,0,0,0,0,0,0,0,0,0,0,0,0,0,0,0,0,0,0,0,0,0,0,0,0,0,0,0,0
"TCGA-E2-A1LS",46,"female",72,1,0,0,"alive",NA,NA,NA,0,0,0,0,0,0,0,0,1,0,1,44,2,14,0,0,0,0,8,1,1,0,1,0,0,0,0,0,1,0,0
"TCGA-A2-A04Q",48,"female",47,0,0,0,"alive",NA,NA,NA,0,0,0,0,0,0,0,0,0,0,0,24,2,15,1,3,0,0,0,1,0,0,0,0,0,1,0,0,0,0,0
"TCGA-A7-A2KD",53,"female",0,0,0,0,"alive",NA,NA,NA,0,0,0,0,0,0,0,0,0,0,0,0,0,0,0,0,0,0,0,0,0,0,0,0,0,0,0,0,0,0,0
"TCGA-AR-A24S",61,"female",47,1,0,1,"alive",NA,NA,NA,0,0,0,0,0,1,0,1,1,0,1,29,1,12,0,2,0,0,2,0,0,0,0,0,0,0,0,1,1,1,0
"TCGA-A8-A0A6",64,"female",32,0,0,1,"alive",NA,NA,NA,0,0,0,0,1,0,0,0,1,1,0,16,4,8,0,1,0,0,1,1,0,0,0,0,0,0,0,1,0,0,0
"TCGA-A8-A07U",66,"female",66,1,0,0,"alive",NA,NA,NA,0,0,0,0,0,0,0,0,1,1,0,40,2,21,0,0,0,0,1,1,0,0,0,0,0,0,0,0,1,0,0
"TCGA-BH-A0BV",78,"female",30,0,0,1,"alive",NA,NA,NA,0,0,0,0,0,0,0,0,1,0,1,20,1,6,0,0,0,0,1,0,1,0,0,0,0,0,0,1,0,0,0
"TCGA-AR-A1AP",80,"female",31,1,0,0,"alive",NA,NA,NA,0,0,1,0,0,0,0,0,1,0,0,22,1,4,0,2,0,1,0,1,0,0,0,0,0,0,0,0,1,0,0
"TCGA-AR-A1AK",70,"female",65,0,0,0,"alive",NA,NA,NA,1,0,0,0,0,0,0,0,0,0,2,40,7,14,0,1,0,0,0,0,1,0,0,0,0,0,0,0,0,0,0
"TCGA-AC-A2BK",78,"female",78,1,0,0,"alive",NA,NA,NA,1,0,0,1,0,0,0,0,1,0,0,46,5,15,0,3,1,0,8,0,0,0,0,0,0,0,0,0,1,0,0
"TCGA-A2-A3KC",55,"female",0,0,0,0,"alive",NA,NA,NA,0,0,0,0,0,0,0,0,0,0,0,0,0,0,0,0,0,0,0,0,0,0,0,0,0,0,0,0,0,0,0
"TCGA-LD-A7W5",52,"female",38,1,0,0,"alive",NA,NA,NA,0,0,0,0,0,0,0,1,1,0,1,24,2,9,1,1,0,0,0,0,0,0,0,0,0,0,0,0,1,0,0
"TCGA-A2-A0T0",59,"female",187,0,0,0,"alive",NA,NA,NA,1,0,0,0,0,0,0,1,0,0,2,118,9,36,2,8,0,0,8,1,0,0,3,0,0,0,0,0,0,0,0
"TCGA-AR-A0TS",46,"female",85,1,0,0,"alive",NA,NA,NA,0,0,0,0,0,0,0,0,1,0,0,52,3,18,0,2,0,0,5,0,2,0,2,0,0,1,0,0,1,0,0
"TCGA-E2-A1IF",74,"female",16,0,1,1,"alive",NA,NA,NA,0,0,0,0,0,0,0,0,1,0,0,12,0,1,0,1,0,0,2,0,0,0,0,0,0,0,0,1,0,0,0
"TCGA-A2-A04V",39,"female",31,0,0,1,"dead",NA,NA,NA,0,0,0,0,0,0,0,0,1,0,2,16,2,8,1,0,0,0,1,0,0,0,1,0,0,0,0,1,0,0,0
"TCGA-AR-A0U4",54,"female",0,0,0,0,"alive",NA,NA,NA,0,0,0,0,0,0,0,0,0,0,0,0,0,0,0,0,0,0,0,0,0,0,0,0,0,0,0,0,0,0,0
"TCGA-A8-A06P",63,"female",36,0,0,1,"alive",NA,NA,NA,0,0,0,0,0,1,1,0,1,0,2,24,1,7,1,0,0,0,1,0,0,0,0,0,0,0,0,1,0,1,0
"TCGA-C8-A9FZ",49,"female",19,0,0,0,"alive",NA,NA,NA,0,0,0,0,0,0,0,0,0,0,0,15,0,2,0,0,0,0,1,0,1,0,0,0,0,0,0,0,0,0,0
"TCGA-AC-A5XU",74,"female",63,1,0,0,"alive",NA,NA,NA,0,0,0,0,0,0,0,0,1,0,1,36,4,18,0,1,0,0,0,1,0,0,1,0,0,1,0,0,1,0,0
"TCGA-EW-A6SC",60,"female",24,0,0,1,"alive",NA,NA,NA,0,0,0,0,1,0,0,0,1,0,0,13,3,5,0,1,0,0,1,0,1,0,0,0,0,0,0,1,0,0,0
"TCGA-A2-A04X",34,"female",35,0,0,0,"alive",NA,NA,NA,0,0,0,0,0,0,0,0,0,0,0,18,2,10,1,1,0,1,1,0,1,0,0,0,0,0,0,0,0,0,0
"TCGA-A2-A0CU",73,"female",41,0,0,0,"dead",NA,NA,NA,0,0,0,0,0,0,0,0,0,1,1,22,1,12,1,1,0,0,2,0,0,0,0,0,0,0,0,0,0,0,0
"TCGA-E2-A15A",45,"female",92,0,0,0,"alive",NA,NA,NA,0,0,0,0,0,0,0,0,0,0,2,68,6,8,0,4,0,0,3,0,0,0,1,0,0,0,0,0,0,0,0
"TCGA-A7-A3RF",79,"female",0,0,0,0,"alive",NA,NA,NA,0,0,0,0,0,0,0,0,0,0,0,0,0,0,0,0,0,0,0,0,0,0,0,0,0,0,0,0,0,0,0
"TCGA-A2-A0ER",63,"female",25,0,0,0,"alive",NA,NA,NA,0,0,0,0,0,0,0,0,0,0,0,16,0,7,0,2,0,0,0,0,0,0,0,0,0,0,0,0,0,0,0
"TCGA-A8-A09T",68,"female",19,0,0,0,"alive",NA,NA,NA,0,0,0,0,1,0,0,0,1,0,1,15,1,1,0,1,0,0,0,0,0,0,0,0,0,0,0,0,0,0,0
"TCGA-BH-A0DT",41,"female",15,0,0,1,"alive",NA,NA,NA,0,0,1,0,0,0,1,0,1,0,1,9,0,1,0,1,0,0,2,0,0,1,0,0,0,0,0,1,0,0,0
"TCGA-E2-A14N",37,"female",89,1,0,0,"alive",NA,NA,NA,0,0,0,0,0,0,0,0,1,0,0,60,4,14,1,5,0,0,2,2,0,0,1,0,0,0,0,0,1,0,0
"TCGA-B6-A408",55,"female",0,0,0,0,"alive",NA,NA,NA,0,0,0,0,0,0,0,0,0,0,0,0,0,0,0,0,0,0,0,0,0,0,0,0,0,0,0,0,0,0,0
"TCGA-AR-A1AU",39,"female",22,0,0,0,"alive",NA,NA,NA,0,0,0,0,0,0,0,0,0,0,1,14,2,5,0,0,0,0,0,0,0,0,0,0,0,0,0,0,0,0,0
"TCGA-AO-A12A",47,"female",18,0,0,1,"alive",NA,NA,NA,0,0,1,0,0,0,0,0,1,0,0,12,1,4,0,1,0,0,0,0,0,0,0,0,0,0,0,1,0,0,0
"TCGA-A2-A0D2",45,"female",92,1,0,0,"alive",NA,NA,NA,0,0,0,0,0,0,0,0,1,0,0,61,1,17,2,2,0,1,6,0,0,0,2,0,0,0,0,0,1,0,0
"TCGA-AO-A0JE",53,"female",47,1,0,1,"alive",NA,NA,NA,1,0,0,0,0,1,0,0,1,1,0,31,5,8,1,0,0,0,0,1,0,0,0,0,0,0,0,1,1,1,0
"TCGA-AR-A2LH",55,"female",58,1,0,0,"dead",NA,NA,NA,1,0,0,0,0,0,0,0,1,0,0,42,6,8,0,1,0,0,1,0,0,0,0,0,0,0,0,0,1,0,0
"TCGA-D8-A1XL",34,"female",93,1,0,1,"alive",NA,NA,NA,0,1,0,0,0,0,0,0,1,0,2,69,1,10,1,4,0,0,4,0,0,0,2,0,0,0,0,1,1,0,0
"TCGA-BH-A18I",53,"female",23,0,0,1,"alive",NA,NA,NA,0,0,0,0,0,0,0,0,1,0,1,16,1,3,0,0,0,0,2,0,0,0,0,0,0,0,0,1,0,0,0
"TCGA-AR-A5QM",62,"female",27,0,0,1,"alive",NA,NA,NA,0,0,0,0,1,0,0,0,1,0,0,19,2,2,1,0,0,0,0,2,1,0,0,0,0,0,0,1,0,0,0
"TCGA-D8-A1Y1",80,"female",236,0,0,1,"dead",NA,NA,NA,0,1,0,0,1,0,0,0,1,0,3,119,11,52,1,3,0,0,41,0,1,0,4,1,0,0,0,1,0,0,0
"TCGA-A2-A0CK",60,"female",0,0,0,0,"alive",NA,NA,NA,0,0,0,0,0,0,0,0,0,0,0,0,0,0,0,0,0,0,0,0,0,0,0,0,0,0,0,0,0,0,0
"TCGA-LD-A66U",44,"female",25,0,0,1,"alive",NA,NA,NA,0,0,0,0,1,0,0,0,1,0,1,18,0,4,0,1,0,0,1,0,0,0,0,0,0,0,0,1,0,0,0
"TCGA-A7-A0CE",57,"female",107,1,0,0,"alive",NA,NA,NA,1,0,0,0,0,0,0,0,1,0,1,69,5,27,1,1,0,0,1,2,0,0,0,0,0,0,0,0,1,0,0
"TCGA-AO-A0J3",67,"female",88,0,0,0,"alive",NA,NA,NA,1,0,1,0,0,0,0,0,1,0,0,54,5,21,0,2,0,2,3,0,0,0,0,0,1,0,0,0,0,0,0
"TCGA-A7-A0CH",79,"female",27,0,0,1,"alive",NA,NA,NA,1,0,0,0,0,0,0,0,1,0,0,19,0,6,0,0,0,0,1,0,0,0,1,0,0,0,0,1,0,0,0
"TCGA-EW-A1OX",43,"female",17,0,0,0,"alive",NA,NA,NA,0,0,1,0,0,0,0,0,1,1,1,6,1,7,0,0,0,0,0,1,0,0,0,0,0,0,0,0,0,0,0
"TCGA-E9-A1RD",67,"female",22,0,0,1,"alive",NA,NA,NA,0,0,0,0,0,0,1,0,1,0,2,14,1,4,0,1,0,0,0,0,0,0,0,0,0,0,0,1,0,0,0
"TCGA-A1-A0SO",67,"female",309,1,0,0,"alive",NA,NA,NA,1,0,0,0,0,0,0,0,1,0,0,201,10,59,4,9,0,0,18,3,1,0,4,0,0,0,0,0,1,0,0
"TCGA-AR-A254",50,"female",37,1,0,0,"alive",NA,NA,NA,0,0,0,0,0,0,0,0,1,0,0,24,3,8,0,1,0,0,1,0,0,0,0,0,0,0,0,0,1,0,0
"TCGA-GM-A2DI",52,"female",65,1,0,1,"alive",NA,NA,NA,0,0,0,0,0,0,0,0,1,0,0,46,3,14,0,1,0,0,1,0,0,0,0,0,0,0,0,1,1,1,1
"TCGA-AR-A24W",55,"female",15,0,0,0,"alive",NA,NA,NA,0,0,0,0,0,0,0,0,1,1,0,11,0,2,0,0,0,0,1,0,0,0,0,0,0,0,0,1,0,0,0
"TCGA-BH-A0E1",52,"female",33,0,0,0,"alive",NA,NA,NA,0,0,0,0,0,0,0,0,0,0,2,20,1,10,0,0,0,0,0,0,0,0,0,0,0,0,0,0,0,0,0
"TCGA-A2-A0ST",62,"female",18,0,0,0,"alive",NA,NA,NA,1,0,0,0,0,0,0,0,0,0,0,7,2,9,0,0,0,0,0,0,0,0,0,0,0,0,0,0,0,0,0
"TCGA-HN-A2OB",45,"female",13,0,0,1,"dead",NA,NA,NA,0,0,0,0,0,0,0,0,1,0,0,12,0,1,0,0,0,0,0,0,0,0,0,0,0,0,0,1,0,0,0
"TCGA-AR-A1AO",47,"female",78,0,0,1,"alive",NA,NA,NA,0,0,0,0,0,0,0,0,1,0,0,57,3,16,0,0,0,0,0,0,2,0,0,0,0,0,0,1,0,0,0
"TCGA-AR-A0TY",54,"female",73,0,0,0,"dead",NA,NA,NA,0,0,1,0,0,0,0,0,1,0,7,42,4,16,0,0,0,1,2,1,0,0,0,0,0,0,0,0,0,0,0
"TCGA-D8-A1J8",77,"female",824,0,0,1,"alive",NA,NA,NA,1,1,1,1,0,1,0,1,1,2,9,506,42,191,2,14,1,3,42,5,2,0,4,0,0,1,0,1,0,1,0
"TCGA-GM-A4E0",67,"female",0,0,0,0,"alive",NA,NA,NA,0,0,0,0,0,0,0,0,0,0,0,0,0,0,0,0,0,0,0,0,0,0,0,0,0,0,0,0,0,0,0
"TCGA-LL-A441",62,"female",0,0,0,0,"alive",NA,NA,NA,0,0,0,0,0,0,0,0,0,0,0,0,0,0,0,0,0,0,0,0,0,0,0,0,0,0,0,0,0,0,0
"TCGA-E2-A573",48,"female",53,1,0,0,"alive",NA,NA,NA,0,0,0,0,0,0,0,0,1,0,0,35,2,9,0,2,0,0,3,0,0,0,2,0,0,0,0,0,1,0,0
"TCGA-AC-A23C",62,"female",122,1,0,1,"alive",NA,NA,NA,0,0,0,0,0,0,0,0,1,0,0,77,5,26,1,2,0,1,7,0,1,0,1,1,0,0,0,1,1,0,0
"TCGA-BH-A0DD",58,"male",22,0,0,0,"alive",NA,NA,NA,0,0,0,0,0,0,0,0,0,0,0,11,1,9,0,0,0,0,0,0,0,1,0,0,0,0,0,0,0,0,0
"TCGA-A7-A3IY",71,"female",0,0,0,0,"alive",NA,NA,NA,0,0,0,0,0,0,0,0,0,0,0,0,0,0,0,0,0,0,0,0,0,0,0,0,0,0,0,0,0,0,0
"TCGA-EW-A1P1",68,"female",2,1,0,0,"alive",NA,NA,NA,0,0,0,0,0,0,0,0,1,0,0,1,0,1,0,0,0,0,0,0,0,0,0,0,0,0,0,0,1,0,0
"TCGA-E2-A10E",64,"female",0,0,0,0,"alive",NA,NA,NA,0,0,0,0,0,0,0,0,0,0,0,0,0,0,0,0,0,0,0,0,0,0,0,0,0,0,0,0,0,0,0
"TCGA-AR-A2LQ",59,"female",8,0,0,0,"alive",NA,NA,NA,0,0,0,0,0,0,0,0,0,0,0,6,0,2,0,0,0,0,0,0,0,0,0,0,0,0,0,0,0,0,0
"TCGA-A8-A07F",65,"female",31,0,0,0,"alive",NA,NA,NA,0,0,0,1,1,0,1,0,1,0,1,16,3,8,0,0,0,0,3,0,0,0,0,0,0,0,0,0,0,0,0
"TCGA-A2-A25F",66,"female",2,0,0,0,"alive",NA,NA,NA,0,0,0,0,0,0,0,0,0,0,0,1,0,1,0,0,0,0,0,0,0,0,0,0,0,0,0,0,0,0,0
"TCGA-E2-A15D",47,"female",32,0,0,0,"alive",NA,NA,NA,0,0,1,0,0,0,0,0,1,0,1,22,2,5,0,1,0,0,1,0,0,0,0,0,0,0,0,0,0,0,0
"TCGA-E2-A1II",51,"female",28,1,0,0,"alive",NA,NA,NA,0,0,0,0,0,0,0,0,1,0,0,19,0,5,0,1,0,0,2,1,0,0,0,0,0,0,0,0,1,0,0
"TCGA-D8-A1XS",48,"male",23,0,0,1,"alive",NA,NA,NA,0,0,0,0,0,0,0,0,1,0,0,14,0,7,0,0,0,0,1,1,0,0,0,0,0,0,0,1,0,0,0
"TCGA-EW-A1P4",43,"female",69,1,0,0,"alive",NA,NA,NA,0,0,0,1,0,0,0,0,1,0,0,47,2,11,1,2,0,0,3,0,1,0,2,0,0,0,0,0,1,0,0
"TCGA-AR-A1AQ",49,"female",38,1,0,0,"alive",NA,NA,NA,0,0,0,0,0,0,0,1,1,0,3,21,4,4,1,0,0,0,4,0,0,1,0,0,0,0,0,0,1,0,0
"TCGA-GM-A2D9",69,"female",503,0,0,1,"dead",NA,NA,NA,1,0,0,0,0,1,1,1,1,0,1,321,33,124,4,8,1,0,1,6,2,0,0,1,1,0,0,1,0,1,0
"TCGA-A2-A0SW",82,"female",58,1,0,0,"dead",NA,NA,NA,1,0,0,0,0,0,0,0,1,1,1,39,0,9,1,2,1,0,1,1,1,0,0,0,0,1,0,0,1,0,0
"TCGA-AO-A03L",34,"female",27,1,0,1,"alive",NA,NA,NA,0,0,0,0,0,0,0,0,1,0,0,21,1,3,0,1,0,0,1,0,0,0,0,0,0,0,0,1,1,0,0
"TCGA-AQ-A04J",45,"female",67,1,0,0,"alive",NA,NA,NA,0,0,0,0,0,0,0,0,1,0,0,39,3,18,0,3,0,0,2,1,1,0,0,0,0,0,0,0,1,0,0
"TCGA-AR-A24O",43,"female",21,0,0,1,"alive",NA,NA,NA,0,0,0,0,0,0,0,0,1,0,0,14,1,4,0,1,0,0,1,0,0,0,0,0,0,0,0,1,0,0,0
"TCGA-AO-A1KR",51,"female",75,0,0,1,"alive",NA,NA,NA,0,0,0,0,0,0,0,0,1,0,1,46,2,19,0,2,0,0,1,1,1,0,2,0,0,0,0,1,0,0,0
"TCGA-A2-A04W",50,"female",149,1,0,1,"alive",NA,NA,NA,0,0,0,1,0,0,0,1,1,0,0,93,14,33,1,3,2,0,1,1,1,0,0,0,0,0,0,1,1,0,0
"TCGA-E9-A22H",42,"female",21,0,0,0,"alive",NA,NA,NA,0,0,0,0,0,0,1,0,1,0,2,18,0,0,0,0,0,0,1,0,0,0,0,0,0,0,0,1,0,0,0
"TCGA-LL-A5YO",50,"female",46,1,0,0,"alive",NA,NA,NA,1,0,0,0,0,0,0,0,1,0,0,34,1,10,0,1,0,0,0,0,0,0,0,0,0,0,0,0,1,1,0
"TCGA-A2-A1FZ",63,"female",26,0,0,1,"alive",NA,NA,NA,0,0,0,0,0,0,0,0,1,0,1,14,2,4,0,1,0,0,3,1,0,0,0,0,0,0,0,1,0,0,0
"TCGA-E9-A3HO",49,"female",0,0,0,0,"alive",NA,NA,NA,0,0,0,0,0,0,0,0,0,0,0,0,0,0,0,0,0,0,0,0,0,0,0,0,0,0,0,0,0,0,0
"TCGA-D8-A1XY",74,"female",50,0,0,1,"alive",NA,NA,NA,0,0,0,0,0,0,0,0,1,0,0,30,2,15,0,0,0,0,2,1,0,0,0,0,0,0,0,1,0,0,0
"TCGA-E9-A1NF",60,"female",52,1,0,0,"dead",NA,NA,NA,0,0,0,0,0,0,0,0,1,0,1,37,1,9,0,1,0,0,2,0,0,0,0,0,0,1,0,0,1,0,0
"TCGA-D8-A1JB",54,"female",45,0,0,0,"alive",NA,NA,NA,1,0,0,1,0,0,0,0,1,0,0,27,0,13,0,0,0,0,3,1,1,0,0,0,0,0,0,1,0,0,0
"TCGA-D8-A27V",62,"female",340,0,0,0,"alive",NA,NA,NA,1,0,0,1,1,0,0,1,1,1,0,107,12,38,4,3,0,2,164,4,3,1,0,0,1,0,0,1,0,0,0
"TCGA-AC-A2FB",65,"female",11,0,0,0,"alive",NA,NA,NA,0,0,0,0,1,0,0,0,1,0,0,6,3,2,0,0,0,0,0,0,0,0,0,0,0,0,0,0,0,0,0
"TCGA-E2-A2P6",77,"female",0,0,0,0,"alive",NA,NA,NA,0,0,0,0,0,0,0,0,0,0,0,0,0,0,0,0,0,0,0,0,0,0,0,0,0,0,0,0,0,0,0
"TCGA-D8-A1JC",59,"female",98,0,0,0,"alive",NA,NA,NA,0,0,0,0,0,0,0,0,0,0,1,62,4,22,1,1,0,0,6,1,0,0,0,0,0,0,0,0,0,0,0
"TCGA-E9-A1N5",45,"female",33,1,0,1,"alive",NA,NA,NA,0,0,0,0,0,0,0,0,1,0,0,20,3,7,1,0,0,0,1,0,0,0,1,0,0,0,0,1,1,0,0
"TCGA-BH-A0HL",56,"female",32,0,0,0,"alive",NA,NA,NA,1,0,1,0,0,0,0,0,1,0,1,18,1,9,0,1,0,0,2,0,0,0,0,0,0,0,0,0,0,0,0
"TCGA-BH-A0DL",64,"female",52,1,0,1,"alive",NA,NA,NA,1,0,0,0,0,0,0,0,1,0,0,40,1,9,0,1,1,0,0,0,0,0,0,0,0,0,0,1,1,0,0
"TCGA-E9-A1N3",70,"female",26,0,0,0,"alive",NA,NA,NA,0,0,1,0,0,0,0,0,1,0,2,18,2,3,0,0,0,0,0,0,0,1,0,0,0,0,0,0,0,0,0
"TCGA-BH-A0DS",71,"female",43,0,0,0,"alive",NA,NA,NA,0,0,1,0,0,0,0,0,1,0,1,24,3,11,0,0,0,1,1,1,1,0,0,0,0,0,0,0,0,0,0
"TCGA-S3-A6ZF",64,"female",31,0,0,0,"alive",NA,NA,NA,0,0,0,0,0,0,0,0,0,0,0,14,3,10,1,1,0,0,1,0,0,0,1,0,0,0,0,0,0,0,0
"TCGA-AC-A3BB",46,"female",0,0,0,0,"alive",NA,NA,NA,0,0,0,0,0,0,0,0,0,0,0,0,0,0,0,0,0,0,0,0,0,0,0,0,0,0,0,0,0,0,0
"TCGA-EW-A1J3",61,"female",23,0,0,0,"alive",NA,NA,NA,0,0,0,0,0,0,0,1,0,0,0,15,0,5,1,2,0,0,0,0,0,0,0,0,0,0,0,0,0,0,0
"TCGA-A8-A09A",40,"female",221,0,0,0,"alive",NA,NA,NA,0,0,0,0,0,0,0,1,1,0,1,137,13,46,2,5,1,0,7,3,1,0,5,0,0,0,0,0,0,1,0
"TCGA-A2-A0CP",60,"female",34,0,0,1,"alive",NA,NA,NA,0,0,0,0,0,0,1,0,1,1,0,24,2,4,0,2,0,0,0,1,0,0,0,0,0,0,0,1,0,0,0
"TCGA-E2-A1IK",71,"female",16,0,0,0,"alive",NA,NA,NA,0,0,0,0,0,0,0,0,0,0,1,10,0,5,0,0,0,0,0,0,0,0,0,0,0,0,0,0,0,0,0
"TCGA-A2-A3XZ",46,"female",0,0,0,0,"alive",NA,NA,NA,0,0,0,0,0,0,0,0,0,0,0,0,0,0,0,0,0,0,0,0,0,0,0,0,0,0,0,0,0,0,0
"TCGA-BH-A0DQ",42,"female",33,0,0,0,"alive",NA,NA,NA,0,0,0,0,0,0,0,0,0,0,2,23,3,3,0,1,0,0,1,0,0,0,0,0,0,0,0,0,0,0,0
"TCGA-GM-A2DM",57,"female",21,0,0,0,"alive",NA,NA,NA,0,0,1,0,0,0,0,0,1,0,1,18,0,2,0,0,0,0,0,0,0,0,0,0,0,0,0,0,0,0,1
"TCGA-A1-A0SP",40,"female",52,1,0,0,"alive",NA,NA,NA,0,0,0,0,0,0,0,0,1,0,1,33,5,11,0,0,0,0,2,0,0,0,0,0,0,0,0,0,1,1,0
"TCGA-A2-A3XU",35,"female",21,0,0,0,"dead",NA,NA,NA,0,0,0,0,0,0,0,0,0,0,2,13,1,4,1,0,0,0,0,0,0,0,0,0,0,0,0,0,0,0,0
"TCGA-E2-A15K",58,"female",95,0,0,1,"alive",NA,NA,NA,0,0,0,0,0,0,0,0,1,0,2,68,3,17,0,0,0,0,2,1,0,0,2,0,0,0,0,1,0,0,0
"TCGA-BH-A0E9",53,"female",29,0,0,0,"alive",NA,NA,NA,0,0,0,0,1,0,0,0,1,0,3,18,1,3,0,1,0,0,2,0,1,0,0,0,0,0,0,1,0,0,0
"TCGA-LL-A73Z",55,"female",34,0,0,0,"dead",NA,NA,NA,0,0,0,0,1,0,0,0,1,0,2,25,1,5,0,0,0,0,0,0,0,0,1,0,0,0,0,1,0,0,0
"TCGA-S3-AA15",51,"female",26,0,0,0,"alive",NA,NA,NA,0,0,0,0,0,0,0,0,0,0,0,19,0,5,0,0,0,0,1,0,0,0,0,0,1,0,0,0,0,0,0
"TCGA-E9-A245",47,"female",20,0,0,0,"dead",NA,NA,NA,0,0,1,0,0,0,0,0,1,0,1,8,2,5,0,2,0,0,1,0,0,0,1,0,0,0,0,0,0,0,0
"TCGA-AQ-A1H3",49,"female",26,0,0,0,"alive",NA,NA,NA,0,0,0,0,0,0,0,0,0,0,3,11,1,9,0,1,0,0,1,0,0,0,0,0,0,0,0,0,0,0,0
"TCGA-AC-A2B8",84,"female",101,0,0,1,"alive",NA,NA,NA,1,0,0,0,1,0,0,0,1,0,0,65,4,26,0,1,0,0,1,0,0,0,3,0,1,0,0,1,0,0,0
"TCGA-AO-A0JF",68,"female",26,0,0,1,"alive",NA,NA,NA,0,0,0,0,0,1,1,0,1,0,1,12,1,7,2,0,0,0,2,0,0,0,0,0,0,1,0,1,0,1,0
"TCGA-GM-A2DB",62,"female",134,1,0,0,"alive",NA,NA,NA,0,0,0,0,0,0,0,0,1,0,4,79,12,19,0,3,0,0,12,1,0,0,4,0,0,0,0,1,1,0,0
"TCGA-A2-A0YJ",39,"female",78,1,0,0,"alive",NA,NA,NA,0,0,0,0,0,1,0,0,1,0,1,55,4,12,0,2,0,1,1,1,0,0,1,0,0,0,0,0,1,1,0
"TCGA-BH-A0HY",60,"female",57,1,0,0,"alive",NA,NA,NA,0,0,0,0,0,0,0,0,1,0,0,37,3,14,0,2,0,0,0,0,0,0,1,0,0,0,0,0,1,0,0
"TCGA-OL-A66I",36,"female",44,1,0,0,"alive",NA,NA,NA,0,0,0,0,0,0,0,0,1,0,1,25,4,12,0,2,0,0,0,0,0,0,0,0,0,0,0,0,1,0,0
"TCGA-E2-A1AZ",63,"female",56,0,0,0,"alive",NA,NA,NA,0,0,0,0,0,0,0,0,0,0,0,33,3,13,1,0,0,0,2,1,2,0,1,0,0,0,0,0,0,0,0
"TCGA-A2-A0T3",37,"female",41,1,0,0,"alive",NA,NA,NA,0,0,0,0,0,0,0,1,1,0,1,22,3,13,0,0,0,0,1,1,0,0,0,0,0,0,0,0,1,0,0
"TCGA-E2-A1B0",50,"female",50,1,0,0,"alive",NA,NA,NA,0,0,0,0,0,0,0,0,1,0,0,33,2,14,0,1,0,0,0,0,0,0,0,0,0,0,0,0,1,0,0
"TCGA-A7-A13H",61,"female",0,0,0,0,"alive",NA,NA,NA,0,0,0,0,0,0,0,0,0,0,0,0,0,0,0,0,0,0,0,0,0,0,0,0,0,0,0,0,0,0,0
"TCGA-A2-A0T5",39,"female",16,0,0,0,"alive",NA,NA,NA,0,0,1,0,0,0,0,0,1,0,2,11,0,1,0,0,0,0,2,0,0,0,0,0,0,0,0,0,0,0,0
"TCGA-A2-A1FW",62,"female",74,0,0,0,"alive",NA,NA,NA,1,0,1,0,0,0,0,0,1,0,1,42,4,22,0,2,0,1,2,0,0,0,0,0,0,0,0,0,0,0,0
"TCGA-A8-A079",69,"female",83,1,0,0,"alive",NA,NA,NA,0,0,1,0,0,0,0,0,1,0,1,56,4,18,0,1,0,0,1,0,1,0,0,0,1,0,0,0,1,0,0
"TCGA-D8-A141",40,"female",19,0,0,0,"alive",NA,NA,NA,0,0,0,0,0,0,0,0,1,0,0,13,0,4,0,1,0,0,1,0,0,0,0,0,0,0,0,1,0,0,0
"TCGA-A7-A0DB",56,"female",159,0,0,1,"alive",NA,NA,NA,0,0,0,0,0,0,1,1,1,0,6,104,2,42,2,1,0,0,1,0,1,0,0,0,0,0,0,1,0,0,0
"TCGA-A1-A0SQ",45,"female",29,0,0,0,"alive",NA,NA,NA,0,0,1,0,0,0,0,0,1,0,2,17,2,8,0,0,0,0,0,0,0,0,0,0,0,0,0,0,0,0,0
"TCGA-BH-A0HN",67,"female",28,0,0,1,"alive",NA,NA,NA,0,0,0,0,0,1,0,0,1,0,0,18,1,6,0,0,0,0,2,0,0,0,1,0,0,0,0,1,0,1,0
"TCGA-LL-A7SZ",49,"female",47,0,0,0,"alive",NA,NA,NA,1,1,0,0,0,0,0,0,0,0,0,37,1,9,0,0,0,0,0,0,0,0,0,0,0,0,0,0,0,0,0
"TCGA-AR-A24K",46,"female",28,1,0,1,"alive",NA,NA,NA,0,0,0,0,0,0,0,0,1,0,1,20,0,5,1,1,0,0,0,0,0,0,0,0,0,0,0,1,1,0,0
"TCGA-BH-AB28",53,"female",29,0,0,0,"alive",NA,NA,NA,0,0,1,0,1,0,0,0,1,0,2,19,0,6,1,0,0,0,0,0,0,0,1,0,0,0,0,0,0,0,0
"TCGA-BH-A0BA",51,"female",42,0,0,1,"alive",NA,NA,NA,0,0,0,0,1,0,0,0,1,1,0,26,2,11,0,1,0,0,1,0,0,0,0,0,0,0,0,1,0,0,0
"TCGA-A2-A0D3",42,"female",28,0,0,1,"alive",NA,NA,NA,0,0,1,0,0,1,0,0,1,0,1,14,4,7,0,0,0,0,2,0,0,0,0,0,0,0,0,1,0,1,0
"TCGA-E9-A24A",69,"female",23,0,0,0,"alive",NA,NA,NA,0,0,0,0,0,0,0,0,0,0,1,19,1,1,0,0,0,0,1,0,0,0,0,0,0,0,0,0,0,0,0
"TCGA-E2-A150",48,"female",80,1,0,0,"alive",NA,NA,NA,0,0,0,0,0,0,0,0,1,0,1,52,5,18,0,1,0,0,2,0,1,0,0,0,0,0,0,0,1,0,0
"TCGA-A2-A0YD",63,"female",64,0,0,0,"alive",NA,NA,NA,0,0,0,0,1,0,1,0,1,0,1,36,2,20,0,2,0,0,2,1,0,0,0,0,0,0,0,0,0,0,0
"TCGA-E9-A1RA",48,"female",24,0,0,1,"alive",NA,NA,NA,0,0,1,0,0,0,0,0,1,0,0,12,1,9,0,0,0,1,1,0,0,0,0,0,0,0,0,1,0,0,0
"TCGA-D8-A27K",47,"female",21,0,0,1,"alive",NA,NA,NA,0,0,1,0,0,0,0,0,1,0,1,12,2,4,0,1,0,0,0,0,0,0,1,0,0,0,0,1,0,0,0
"TCGA-A8-A0A4",73,"female",22,0,0,0,"alive",NA,NA,NA,1,0,0,0,1,0,0,0,1,0,1,11,3,6,0,0,0,0,0,1,0,0,0,0,0,0,0,0,0,0,0
"TCGA-EW-A1PA",59,"female",37,1,0,0,"alive",NA,NA,NA,1,0,0,0,0,0,0,0,1,0,1,23,2,9,1,0,0,0,0,0,1,0,0,0,0,0,0,0,1,0,0
"TCGA-E9-A227",42,"female",17,0,0,1,"alive",NA,NA,NA,0,0,0,0,0,0,0,0,1,0,2,10,1,2,0,0,0,0,1,0,1,0,0,0,0,0,0,1,0,0,0
"TCGA-PE-A5DE",41,"female",452,1,0,1,"alive",NA,NA,NA,1,1,0,0,1,0,0,1,1,1,0,288,22,121,1,5,1,1,1,5,2,1,1,2,0,0,0,1,1,0,0
"TCGA-A7-A26G",50,"female",56,1,0,0,"alive",NA,NA,NA,0,0,0,0,0,0,0,0,1,0,0,37,0,16,0,3,0,0,0,0,0,0,0,0,0,0,0,1,1,0,0
"TCGA-BH-A0E2",49,"female",49,0,0,0,"alive",NA,NA,NA,0,0,1,0,0,0,0,0,1,0,3,26,2,15,2,1,0,0,0,0,0,0,0,0,0,0,0,0,0,0,0
"TCGA-BH-A0B9",44,"female",40,1,0,0,"alive",NA,NA,NA,0,0,0,0,0,0,0,0,1,0,0,28,1,8,0,0,0,0,1,1,0,0,1,0,0,0,0,0,1,0,0
"TCGA-A8-A09B",58,"female",44,0,0,1,"alive",NA,NA,NA,0,0,0,0,0,0,1,0,1,0,0,27,2,10,1,1,0,0,0,1,0,0,1,0,1,0,0,1,0,0,0
"TCGA-E2-A1IH",80,"female",66,0,0,0,"alive",NA,NA,NA,1,0,0,0,1,0,0,0,1,0,1,48,3,9,0,2,0,0,2,0,0,0,0,0,0,1,0,1,0,0,0
"TCGA-A2-A0CR",54,"female",127,0,0,1,"alive",NA,NA,NA,0,0,0,0,1,0,0,1,1,0,0,91,7,24,2,1,0,0,0,1,0,0,1,0,0,0,0,1,0,1,0
"TCGA-A2-A3XV",46,"female",0,0,0,0,"alive",NA,NA,NA,0,0,0,0,0,0,0,0,0,0,0,0,0,0,0,0,0,0,0,0,0,0,0,0,0,0,0,0,0,0,0
"TCGA-E2-A15J",51,"female",24,0,0,0,"alive",NA,NA,NA,0,0,1,0,0,0,0,0,1,0,0,14,2,5,0,2,0,0,0,1,0,0,0,0,0,0,0,0,0,0,0
"TCGA-E9-A3Q9",78,"female",0,0,0,0,"alive",NA,NA,NA,0,0,0,0,0,0,0,0,0,0,0,0,0,0,0,0,0,0,0,0,0,0,0,0,0,0,0,0,0,0,0
"TCGA-E2-A3DX",43,"female",0,0,0,0,"alive",NA,NA,NA,0,0,0,0,0,0,0,0,0,0,0,0,0,0,0,0,0,0,0,0,0,0,0,0,0,0,0,0,0,0,0
"TCGA-A8-A082",58,"female",25,0,0,0,"alive",NA,NA,NA,0,0,0,0,0,0,1,0,1,0,2,10,1,7,2,1,0,0,1,0,0,0,1,0,0,0,0,0,0,0,0
"TCGA-BH-A0B7",42,"female",32,1,0,0,"alive",NA,NA,NA,0,0,0,0,0,0,0,0,1,0,0,23,3,5,0,1,0,0,0,0,0,0,0,0,0,0,0,0,1,0,0
"TCGA-D8-A73X",53,"female",40,0,0,1,"alive",NA,NA,NA,0,0,0,0,0,0,1,0,1,0,0,24,2,11,1,0,0,0,1,0,0,0,1,0,0,0,0,1,0,0,0
"TCGA-E2-A9RU",89,"female",75,1,0,1,"alive",NA,NA,NA,0,0,0,0,0,0,0,0,1,1,0,47,2,18,2,0,0,0,2,1,2,0,0,0,0,0,0,1,1,0,0
"TCGA-A7-A425",70,"female",0,0,0,0,"alive",NA,NA,NA,0,0,0,0,0,0,0,0,0,0,0,0,0,0,0,0,0,0,0,0,0,0,0,0,0,0,0,0,0,0,0
"TCGA-D8-A1XF",45,"female",41,0,0,0,"alive",NA,NA,NA,0,0,0,0,0,0,0,1,0,0,0,28,1,10,0,1,0,0,1,0,0,0,0,0,0,0,0,0,0,0,0
"TCGA-S3-AA10",65,"female",126,1,0,0,"alive",NA,NA,NA,0,0,0,0,0,0,0,0,1,0,3,82,2,23,1,2,1,1,7,1,0,0,3,0,0,0,0,0,1,0,0
"TCGA-A7-A13E",62,"female",143,1,0,0,"dead",NA,NA,NA,0,1,0,0,0,0,0,0,1,0,1,88,0,37,1,0,0,0,12,0,0,0,2,0,1,1,0,0,1,0,0
"TCGA-E2-A15P",61,"female",40,0,0,1,"alive",NA,NA,NA,1,0,0,0,0,1,0,0,1,0,0,16,0,6,0,0,0,0,6,0,0,0,12,0,0,0,0,1,0,1,0
"TCGA-C8-A27B",48,"female",154,1,0,0,"alive",NA,NA,NA,0,0,0,0,0,0,0,1,1,0,0,110,6,24,0,4,2,0,4,1,0,1,2,0,0,0,0,0,1,0,0
"TCGA-AO-A126",39,"female",0,0,0,0,"alive",NA,NA,NA,0,0,0,0,0,0,0,0,0,0,0,0,0,0,0,0,0,0,0,0,0,0,0,0,0,0,0,0,0,0,0
"TCGA-A8-A09V",51,"female",29,0,0,0,"alive",NA,NA,NA,0,0,0,0,0,0,0,1,0,0,0,15,0,7,1,0,0,0,3,1,0,0,2,0,0,0,0,0,0,0,0
"TCGA-BH-A0BT",56,"female",36,1,0,1,"alive",NA,NA,NA,0,0,0,1,0,0,0,0,1,0,0,28,1,5,0,0,0,0,1,0,0,0,0,1,0,0,0,1,1,0,0
"TCGA-AO-A0JA",36,"female",29,0,0,1,"alive",NA,NA,NA,0,0,0,0,0,0,0,0,1,0,1,14,2,9,0,0,0,0,3,0,0,0,0,0,0,0,0,1,0,0,0
"TCGA-BH-A0DI",63,"female",42,1,0,0,"alive",NA,NA,NA,1,1,0,0,0,0,0,0,1,0,0,29,2,9,0,1,0,0,0,0,0,0,1,0,0,0,0,0,1,0,0
"TCGA-B6-A401",47,"female",25,1,0,1,"alive",NA,NA,NA,0,0,0,0,0,0,1,0,1,0,0,16,1,5,0,0,0,0,2,0,1,0,0,0,0,0,0,1,1,0,0
"TCGA-BH-A0AW",56,"female",169,1,0,0,"alive",NA,NA,NA,1,0,0,0,0,0,0,1,1,0,1,101,11,42,0,1,0,1,6,2,2,0,2,0,0,0,0,0,1,0,0
"TCGA-A8-A0A2",66,"female",42,0,0,0,"alive",NA,NA,NA,0,0,0,0,1,0,0,0,1,0,1,18,2,16,0,2,0,0,1,1,0,0,1,0,0,0,0,0,0,0,0
"TCGA-A7-A13D",46,"female",306,1,0,0,"alive",NA,NA,NA,0,0,0,0,0,0,0,0,1,0,0,191,20,61,0,4,0,0,13,5,3,0,9,0,0,0,0,0,1,0,0
"TCGA-E2-A14P",79,"female",83,1,0,0,"alive",NA,NA,NA,1,0,0,0,0,0,0,0,1,0,1,50,2,25,0,1,0,0,3,0,0,0,1,0,0,0,0,0,1,0,0
"TCGA-AO-A1KT",78,"female",48,0,0,0,"alive",NA,NA,NA,0,0,0,0,0,0,0,1,0,0,1,28,4,13,0,1,0,0,1,0,0,0,0,0,0,0,0,0,0,0,0
"TCGA-A1-A0SN",50,"female",64,0,0,0,"alive",NA,NA,NA,1,0,0,0,0,0,0,0,0,0,0,44,3,13,0,0,0,0,3,0,1,0,0,0,0,0,0,0,0,0,0
"TCGA-BH-A202",60,"female",29,1,0,1,"alive",NA,NA,NA,0,0,0,0,0,1,0,0,1,0,1,20,2,4,0,0,0,0,1,0,0,0,1,0,0,0,0,1,1,1,0
"TCGA-WT-AB41",55,"female",44,0,0,1,"alive",NA,NA,NA,0,0,0,0,0,0,0,0,1,1,1,32,1,8,0,1,0,0,0,0,0,0,0,0,0,0,0,1,0,1,0
"TCGA-AO-A0JC",64,"female",154,0,0,1,"alive",NA,NA,NA,0,0,0,0,0,0,1,1,1,2,0,101,10,34,1,2,0,2,1,1,0,0,0,0,0,0,0,1,0,0,0
"TCGA-A8-A086",59,"female",0,0,0,0,"alive",NA,NA,NA,0,0,0,0,0,0,0,0,0,0,0,0,0,0,0,0,0,0,0,0,0,0,0,0,0,0,0,0,0,0,0
"TCGA-AO-A12C",42,"female",0,0,0,0,"alive",NA,NA,NA,0,0,0,0,0,0,0,0,0,0,0,0,0,0,0,0,0,0,0,0,0,0,0,0,0,0,0,0,0,0,0
"TCGA-AR-A5QQ",68,"female",69,1,0,1,"dead",NA,NA,NA,0,0,0,0,0,0,0,0,1,0,1,47,1,12,0,2,0,1,5,0,0,0,0,0,0,0,0,1,1,0,0
"TCGA-D8-A1JD",41,"female",101,0,0,1,"alive",NA,NA,NA,0,0,0,0,0,0,0,0,1,0,0,68,4,16,1,2,0,0,6,2,1,0,0,0,1,0,0,1,0,1,0
"TCGA-C8-A27A",48,"female",26,1,0,0,"alive",NA,NA,NA,0,0,0,0,0,0,0,0,1,0,0,17,1,8,0,0,0,0,0,0,0,0,0,0,0,0,0,0,1,0,0
"TCGA-E9-A248",51,"female",20,1,0,0,"alive",NA,NA,NA,0,0,0,0,0,0,0,0,1,0,0,14,2,1,0,0,0,0,2,0,0,0,1,0,0,0,0,0,1,0,0
"TCGA-E9-A1NC",61,"female",78,1,0,0,"alive",NA,NA,NA,0,0,0,0,0,0,0,0,1,1,4,50,3,13,1,1,0,0,4,0,0,0,1,0,0,0,0,0,1,0,0
"TCGA-A8-A085",44,"male",76,0,0,0,"alive",NA,NA,NA,0,0,0,0,0,0,0,0,0,0,0,49,3,13,1,1,0,0,5,1,1,1,0,0,1,0,0,0,0,0,0
"TCGA-A8-A07Z",85,"female",21,0,0,1,"alive",NA,NA,NA,0,0,0,0,0,1,0,0,1,0,0,11,2,6,0,0,0,0,2,0,0,0,0,0,0,0,0,1,0,1,0
"TCGA-AR-A24V",52,"female",22,0,0,0,"alive",NA,NA,NA,0,0,0,0,0,0,0,0,0,0,0,16,0,6,0,0,0,0,0,0,0,0,0,0,0,0,0,0,0,0,0
"TCGA-S3-AA0Z",63,"female",55,1,0,0,"alive",NA,NA,NA,0,0,0,0,0,0,0,0,1,0,2,34,6,9,2,0,0,0,1,0,1,0,0,0,0,0,0,0,1,0,0
"TCGA-AO-A124",38,"female",143,1,0,0,"alive",NA,NA,NA,0,0,0,1,0,0,0,1,1,0,3,100,5,22,1,3,0,1,4,0,1,0,3,0,0,0,0,0,1,0,0
"TCGA-A8-A06R",69,"female",64,0,0,1,"alive",NA,NA,NA,0,0,0,0,0,0,0,1,1,0,0,36,5,14,0,2,0,0,3,1,0,0,2,0,1,0,0,1,0,0,0
"TCGA-BH-A0HI",78,"female",28,0,0,1,"alive",NA,NA,NA,1,0,0,1,0,0,0,0,1,0,0,21,0,2,0,1,0,0,2,1,0,0,1,0,0,0,0,1,0,0,0
"TCGA-E9-A6HE",45,"female",23,1,0,0,"alive",NA,NA,NA,0,0,0,0,1,0,0,0,1,0,1,14,1,3,0,1,0,0,2,0,0,0,1,0,0,0,0,0,1,0,0
"TCGA-A2-A3Y0",57,"female",175,1,0,0,"alive",NA,NA,NA,1,1,0,1,0,0,1,0,1,1,0,123,9,35,1,2,0,0,2,0,0,0,1,0,1,0,0,0,1,0,0
"TCGA-E9-A1R5",63,"female",49,0,0,0,"alive",NA,NA,NA,0,0,0,0,0,0,0,0,0,0,1,24,5,11,2,2,0,0,3,0,0,0,0,0,0,1,0,0,0,0,0
"TCGA-C8-A3M8",68,"female",0,0,0,0,"alive",NA,NA,NA,0,0,0,0,0,0,0,0,0,0,0,0,0,0,0,0,0,0,0,0,0,0,0,0,0,0,0,0,0,0,0
"TCGA-A7-A0D9",37,"female",21,0,0,1,"alive",NA,NA,NA,0,0,0,0,0,0,0,0,1,0,0,14,2,5,0,0,0,0,0,0,0,0,0,0,0,0,0,1,0,0,0
"TCGA-A2-A1FX",61,"female",27,0,0,0,"alive",NA,NA,NA,0,0,0,0,0,0,0,0,0,0,0,20,1,5,0,1,0,0,0,0,0,0,0,0,0,0,0,0,0,0,0
"TCGA-AR-A2LO",46,"female",15,0,0,1,"alive",NA,NA,NA,0,0,0,1,0,0,0,0,1,0,0,13,0,2,0,0,0,0,0,0,0,0,0,0,0,0,0,1,0,0,0
"TCGA-A2-A25B",39,"female",105,0,0,0,"alive",NA,NA,NA,1,0,1,1,0,0,0,0,1,0,1,65,3,24,0,3,1,0,5,1,1,0,1,0,0,0,0,0,0,0,0
"TCGA-A7-A3J0",62,"female",0,0,0,0,"alive",NA,NA,NA,0,0,0,0,0,0,0,0,0,0,0,0,0,0,0,0,0,0,0,0,0,0,0,0,0,0,0,0,0,0,0
"TCGA-MS-A51U",44,"female",0,0,0,0,"alive",NA,NA,NA,0,0,0,0,0,0,0,0,0,0,0,0,0,0,0,0,0,0,0,0,0,0,0,0,0,0,0,0,0,0,0
"TCGA-A2-A0SY",62,"female",139,0,0,1,"alive",NA,NA,NA,1,0,0,0,1,0,0,0,1,0,2,92,7,34,1,0,0,0,2,1,0,0,0,0,0,0,0,1,0,0,0
"TCGA-AO-A03V",41,"female",54,1,0,0,"alive",NA,NA,NA,1,0,0,0,0,0,0,0,1,0,0,41,1,8,0,1,0,0,1,0,0,0,1,1,0,0,0,0,1,0,0
"TCGA-D8-A1JU",51,"female",17,0,0,1,"alive",NA,NA,NA,0,1,0,0,0,0,1,0,1,0,0,9,0,6,0,1,0,0,1,0,0,0,0,0,0,0,0,1,0,0,0
"TCGA-GM-A3XG",46,"female",5,0,0,0,"alive",NA,NA,NA,0,0,0,0,0,0,0,0,0,0,0,3,1,0,0,0,0,0,0,0,0,0,1,0,0,0,0,0,0,0,0
"TCGA-EW-A2FR",59,"female",0,0,0,0,"alive",NA,NA,NA,0,0,0,0,0,0,0,0,0,0,0,0,0,0,0,0,0,0,0,0,0,0,0,0,0,0,0,0,0,0,0
"TCGA-PE-A5DD",64,"female",55,0,0,1,"alive",NA,NA,NA,0,0,0,0,1,0,0,0,1,0,0,35,1,13,0,1,1,0,2,0,0,0,1,0,0,1,0,1,0,0,0
"TCGA-E2-A105",79,"female",0,0,0,0,"alive",NA,NA,NA,0,0,0,0,0,0,0,0,0,0,0,0,0,0,0,0,0,0,0,0,0,0,0,0,0,0,0,0,0,0,0
"TCGA-A2-A0T4",62,"female",35,0,0,1,"alive",NA,NA,NA,0,0,0,0,1,0,0,0,1,0,1,20,1,8,0,2,0,0,1,0,0,0,2,0,0,0,0,1,0,0,0
"TCGA-E9-A1RF",68,"female",148,0,0,0,"alive",NA,NA,NA,1,1,1,0,0,0,0,0,1,0,1,103,4,28,1,2,1,0,4,3,0,0,1,0,0,0,0,0,0,0,0
"TCGA-AO-A03U",31,"female",0,0,0,0,"dead",NA,NA,NA,0,0,0,0,0,0,0,0,0,0,0,0,0,0,0,0,0,0,0,0,0,0,0,0,0,0,0,0,0,0,0
"TCGA-A2-A0YL",48,"female",34,0,0,1,"alive",NA,NA,NA,0,0,0,0,1,0,0,0,1,0,0,14,6,11,0,0,0,0,1,2,0,0,0,0,0,0,0,1,0,0,0
"TCGA-E9-A1RB",40,"female",34,1,0,0,"dead",NA,NA,NA,0,0,0,0,0,0,0,0,1,0,0,24,0,8,0,1,0,0,1,0,0,0,0,0,0,0,0,0,1,0,0
"TCGA-E9-A1NH",71,"female",32,0,0,1,"alive",NA,NA,NA,0,0,1,0,0,0,0,0,1,0,0,17,2,9,0,1,0,0,2,0,0,0,1,0,0,0,0,1,0,0,0
"TCGA-A7-A26I",65,"female",72,1,0,0,"alive",NA,NA,NA,1,0,0,0,0,0,0,0,1,0,0,58,2,8,0,0,0,0,2,2,0,0,0,0,0,0,0,0,1,0,0
"TCGA-E9-A5FK",60,"female",26,0,0,0,"alive",NA,NA,NA,0,0,0,0,1,0,0,0,1,0,1,14,1,6,0,1,0,0,2,0,0,0,1,0,0,0,0,0,0,0,0
"TCGA-GM-A2DD",53,"female",56,1,0,1,"alive",NA,NA,NA,0,0,0,0,1,0,0,0,1,0,0,40,1,13,0,1,0,0,1,0,0,0,0,0,0,0,0,1,1,0,0
"TCGA-A8-A09M",75,"female",140,0,0,0,"alive",NA,NA,NA,0,0,0,1,0,0,1,0,1,0,1,92,2,35,0,2,0,0,5,0,1,0,2,0,0,0,0,0,0,0,0
"TCGA-A8-A08I",53,"female",0,0,0,0,"alive",NA,NA,NA,0,0,0,0,0,0,0,0,0,0,0,0,0,0,0,0,0,0,0,0,0,0,0,0,0,0,0,0,0,0,0
"TCGA-A8-A08G",41,"female",44,0,0,0,"alive",NA,NA,NA,0,0,1,0,0,0,0,0,1,0,2,28,4,9,0,1,0,0,0,0,0,0,0,0,0,0,0,0,0,0,0
"TCGA-BH-A0DV",54,"female",12,0,0,1,"alive",NA,NA,NA,0,0,0,0,0,1,1,0,1,0,0,8,0,2,0,1,0,0,1,0,0,0,0,0,0,0,0,1,0,1,0
"TCGA-A8-A07C",57,"female",0,0,0,0,"alive",NA,NA,NA,0,0,0,0,0,0,0,0,0,0,0,0,0,0,0,0,0,0,0,0,0,0,0,0,0,0,0,0,0,0,0
"TCGA-D8-A73U",88,"female",131,0,0,1,"alive",NA,NA,NA,0,0,0,0,0,0,0,0,1,0,1,88,12,24,0,4,0,0,1,0,1,0,0,0,0,0,0,1,0,0,0
"TCGA-A2-A0YI",62,"female",16,0,0,1,"alive",NA,NA,NA,0,0,0,0,0,0,0,0,1,0,0,9,0,5,0,2,0,0,0,0,0,0,0,0,0,0,0,1,0,0,0
"TCGA-BH-A0HQ",56,"female",37,0,0,0,"alive",NA,NA,NA,0,0,0,0,0,1,1,0,1,0,1,21,3,9,0,1,0,0,1,0,1,0,0,0,0,0,0,0,0,1,0
"TCGA-A2-A04N",66,"female",47,0,0,1,"alive",NA,NA,NA,1,0,0,0,0,0,1,0,1,0,1,30,1,11,0,1,0,0,2,0,0,0,1,0,0,0,0,1,0,0,0
"TCGA-EW-A1PE",56,"female",30,0,0,1,"alive",NA,NA,NA,0,0,0,0,0,0,0,0,1,0,0,18,3,7,0,0,0,0,1,0,0,0,1,0,0,0,0,1,0,0,0
"TCGA-D8-A1X9",66,"female",93,0,0,0,"alive",NA,NA,NA,0,0,0,0,0,0,0,0,0,0,0,63,6,15,0,3,0,0,3,0,2,0,1,0,0,0,0,0,0,0,0
"TCGA-C8-A134",52,"female",99,1,0,0,"alive",NA,NA,NA,0,1,0,0,0,0,0,0,1,0,1,67,3,21,0,0,0,0,4,1,1,0,1,0,0,0,0,0,1,0,0
"TCGA-E2-A107",54,"female",0,0,0,0,"alive",NA,NA,NA,0,0,0,0,0,0,0,0,0,0,0,0,0,0,0,0,0,0,0,0,0,0,0,0,0,0,0,0,0,0,0
"TCGA-AR-A24Z",57,"female",43,0,0,0,"alive",NA,NA,NA,1,0,0,0,0,0,0,0,0,0,0,31,1,8,0,0,0,0,2,0,0,0,1,0,0,0,0,0,0,0,0
"TCGA-C8-A26V",47,"female",81,1,0,0,"alive",NA,NA,NA,0,0,1,0,0,0,0,0,1,0,0,56,3,20,0,1,0,0,0,0,1,0,0,0,0,0,0,1,1,0,0
"TCGA-A7-A4SD",52,"female",0,0,0,0,"alive",NA,NA,NA,0,0,0,0,0,0,0,0,0,0,0,0,0,0,0,0,0,0,0,0,0,0,0,0,0,0,0,0,0,0,0
"TCGA-AO-A03R",57,"female",47,1,0,0,"alive",NA,NA,NA,0,1,0,0,0,0,0,0,1,0,0,30,1,13,0,1,0,0,1,1,0,0,0,0,0,0,0,0,1,0,0
"TCGA-E9-A1ND",75,"female",81,1,0,0,"alive",NA,NA,NA,0,0,0,1,0,0,0,0,1,0,2,59,2,16,0,0,1,0,1,0,0,0,0,0,0,0,0,0,1,0,0
"TCGA-AR-A0TP",43,"female",63,1,0,0,"alive",NA,NA,NA,0,0,0,0,0,0,0,1,1,0,1,42,0,13,0,1,0,0,4,1,0,0,1,0,0,0,0,0,1,0,0
"TCGA-E9-A22E",56,"female",124,1,0,0,"alive",NA,NA,NA,1,0,0,0,0,0,0,0,1,2,0,83,8,22,0,3,0,1,2,3,0,0,0,0,0,0,0,0,1,0,0
"TCGA-A2-A0CT",71,"female",102,0,0,0,"alive",NA,NA,NA,0,0,0,0,0,0,0,0,0,0,0,70,3,25,1,1,0,0,0,0,0,0,1,0,0,1,0,0,0,0,0
"TCGA-AC-A2QJ",48,"female",0,0,0,0,"dead",NA,NA,NA,0,0,0,0,0,0,0,0,0,0,0,0,0,0,0,0,0,0,0,0,0,0,0,0,0,0,0,0,0,0,0
"TCGA-EW-A1P3",48,"female",23,0,0,0,"alive",NA,NA,NA,0,0,0,0,0,0,0,0,0,0,1,13,3,3,1,0,0,0,0,1,1,0,0,0,0,0,0,0,0,0,0
"TCGA-A2-A04Y",53,"female",40,0,0,0,"alive",NA,NA,NA,0,0,0,0,0,0,0,0,0,0,1,30,1,4,0,1,0,0,2,0,0,0,1,0,0,0,0,0,0,0,0
"TCGA-A8-A092",48,"female",83,1,0,1,"alive",NA,NA,NA,0,0,0,0,0,0,0,1,1,0,1,52,7,16,2,2,0,0,1,1,0,0,1,0,0,0,0,1,1,0,0
"TCGA-EW-A6SD",32,"female",48,1,0,0,"alive",NA,NA,NA,0,0,0,0,0,0,0,0,1,0,1,30,3,11,0,1,0,0,2,0,0,0,0,0,0,0,0,0,1,0,1
"TCGA-A2-A4S2",62,"female",35,0,0,1,"alive",NA,NA,NA,0,0,0,0,1,0,0,0,1,0,1,20,5,7,0,0,0,0,1,0,0,0,1,0,0,0,0,1,0,0,0
"TCGA-AC-A2FE",62,"female",0,0,0,0,"dead",NA,NA,NA,0,0,0,0,0,0,0,0,0,0,0,0,0,0,0,0,0,0,0,0,0,0,0,0,0,0,0,0,0,0,0
"TCGA-AO-A0JM",40,"female",45,0,0,0,"alive",NA,NA,NA,0,0,0,0,0,0,0,0,0,2,1,27,4,9,1,0,0,0,1,0,0,0,0,0,0,0,0,0,0,0,0
"TCGA-E2-A1LI",57,"female",0,0,0,0,"alive",NA,NA,NA,0,0,0,0,0,0,0,0,0,0,0,0,0,0,0,0,0,0,0,0,0,0,0,0,0,0,0,0,0,0,0
"TCGA-D8-A1XR",56,"female",25,0,0,0,"alive",NA,NA,NA,0,0,0,0,0,0,0,0,0,0,1,19,0,3,0,0,0,0,0,0,1,0,1,0,0,0,0,0,0,0,0
"TCGA-A2-A0SV",63,"female",39,1,0,0,"dead",NA,NA,NA,0,0,0,0,0,1,0,0,1,0,1,20,1,13,0,0,0,0,0,0,0,0,4,0,0,0,0,1,1,1,0
"TCGA-LL-A5YM",88,"female",25,0,0,0,"alive",NA,NA,NA,1,0,1,0,0,0,0,0,1,0,1,12,1,8,0,0,0,0,2,1,0,0,0,0,0,0,0,0,0,0,0
"TCGA-LL-A73Y",67,"female",126,1,0,0,"alive",NA,NA,NA,1,0,0,0,0,0,0,0,1,0,1,83,7,28,0,3,1,0,0,1,0,0,1,0,1,0,0,0,1,0,0
"TCGA-E2-A14W",78,"male",101,0,0,0,"alive",NA,NA,NA,1,0,0,0,0,0,0,0,0,0,0,58,2,16,1,4,0,0,13,1,1,0,5,0,0,0,0,0,0,0,0
"TCGA-E2-A15O",89,"female",33,0,0,0,"alive",NA,NA,NA,0,0,0,0,0,0,1,0,1,0,0,19,0,7,0,2,0,0,4,0,0,0,1,0,0,0,0,0,0,0,0
"TCGA-D8-A1X5",81,"female",54,1,0,0,"alive",NA,NA,NA,0,0,0,0,0,0,0,0,1,0,4,29,4,17,0,0,0,0,0,0,0,0,0,0,0,0,0,0,1,0,0
"TCGA-E9-A1N4",41,"female",28,0,0,0,"alive",NA,NA,NA,0,0,0,0,0,0,1,0,1,0,0,16,2,9,0,0,0,0,0,1,0,0,0,0,0,0,0,0,0,0,0
"TCGA-AR-A1AM",52,"female",0,0,0,0,"alive",NA,NA,NA,0,0,0,0,0,0,0,0,0,0,0,0,0,0,0,0,0,0,0,0,0,0,0,0,0,0,0,0,0,0,0
"TCGA-EW-A1J6",70,"female",43,0,0,0,"alive",NA,NA,NA,0,0,0,0,0,0,0,1,0,0,1,24,2,13,1,0,0,0,1,0,0,0,1,0,0,0,0,0,0,0,0
"TCGA-D8-A1XO",56,"female",18,0,0,1,"alive",NA,NA,NA,0,0,0,0,1,0,0,0,1,0,0,8,4,5,0,0,0,0,0,0,1,0,0,0,0,0,0,1,0,0,0
"TCGA-AQ-A1H2",84,"female",32,0,0,1,"alive",NA,NA,NA,0,0,0,0,0,1,0,0,1,0,1,17,3,7,0,0,0,1,1,0,1,0,1,0,0,0,0,1,0,1,0
"TCGA-A2-A0SX",48,"female",30,1,0,0,"alive",NA,NA,NA,0,0,0,0,0,0,0,0,1,0,0,20,2,6,0,1,0,0,0,0,1,0,0,0,0,0,0,0,1,0,0
"TCGA-A7-A0CJ",57,"female",55,1,0,1,"alive",NA,NA,NA,1,0,0,0,0,0,0,1,1,0,1,37,1,12,0,1,0,0,1,0,0,0,1,1,0,0,0,1,1,0,0
"TCGA-AR-A1AR",50,"female",53,1,0,0,"dead",NA,NA,NA,0,0,0,0,0,0,0,0,1,0,0,32,4,11,0,1,1,0,2,1,1,0,0,0,0,0,0,0,1,0,0
"TCGA-A2-A1G4",71,"female",31,0,0,0,"alive",NA,NA,NA,0,0,0,0,0,0,0,0,0,0,0,17,1,9,0,0,0,0,3,0,0,0,1,0,0,0,0,0,0,0,0
"TCGA-A7-A13G",79,"female",62,0,0,1,"alive",NA,NA,NA,0,0,0,0,0,0,0,0,1,0,0,36,0,22,0,0,0,0,4,0,0,0,0,0,0,0,0,1,0,0,0
"TCGA-E9-A228",58,"female",43,0,0,0,"alive",NA,NA,NA,0,0,0,0,0,0,0,1,0,0,1,32,2,8,0,0,0,0,0,0,0,0,0,0,0,0,0,0,0,0,0
"TCGA-AC-A2FF",40,"female",9,0,0,1,"alive",NA,NA,NA,0,0,0,0,1,0,1,0,1,0,1,6,1,0,0,0,0,0,1,0,0,0,0,0,0,0,0,1,0,0,0
"TCGA-AR-A1AI",47,"female",74,1,0,0,"alive",NA,NA,NA,0,0,0,0,0,0,0,0,1,0,0,55,2,14,0,1,0,0,2,0,0,0,0,0,0,0,0,0,1,0,0
"TCGA-E2-A576",69,"female",51,0,0,1,"alive",NA,NA,NA,1,0,0,0,1,0,0,0,1,0,1,34,0,10,0,1,0,0,3,0,1,0,0,0,1,0,0,1,0,0,0
"TCGA-A7-A56D",84,"female",136,1,0,0,"alive",NA,NA,NA,0,1,0,0,0,0,0,0,1,0,2,78,10,39,1,0,0,0,2,0,2,0,2,0,0,0,0,0,1,0,0
"TCGA-AR-A2LE",69,"female",316,0,0,0,"alive",NA,NA,NA,1,0,0,0,1,0,0,1,1,0,1,198,25,80,1,1,1,0,2,2,5,0,0,0,0,0,0,0,0,1,0
"TCGA-AO-A1KO",46,"female",2,0,0,0,"alive",NA,NA,NA,0,0,0,0,0,0,0,0,0,0,0,0,0,2,0,0,0,0,0,0,0,0,0,0,0,0,0,0,0,0,0
"TCGA-E2-A15I",44,"female",30,0,0,0,"alive",NA,NA,NA,0,0,0,0,0,0,0,0,1,0,0,15,3,8,0,1,0,1,2,0,0,0,0,0,0,0,0,1,0,0,0
"TCGA-AR-A24T",46,"female",27,1,0,1,"alive",NA,NA,NA,0,0,0,0,1,0,0,0,1,0,4,12,3,4,0,0,1,0,2,0,1,0,0,0,0,0,0,1,1,0,0
"TCGA-E9-A1NG",62,"female",19,0,1,1,"dead",NA,NA,NA,0,0,0,0,0,0,0,0,1,0,0,11,3,4,0,0,0,0,0,1,0,0,0,0,0,0,0,1,0,0,0
"TCGA-EW-A1P5",77,"female",18,0,0,1,"alive",NA,NA,NA,0,0,0,0,0,0,0,0,1,0,0,10,2,4,1,0,0,0,0,0,0,0,1,0,0,0,0,1,0,0,0
"TCGA-OL-A5RU",63,"female",29,0,0,0,"alive",NA,NA,NA,0,0,0,1,0,0,0,0,1,0,0,22,0,3,0,1,0,0,3,0,0,0,0,0,0,0,0,1,0,0,0
"TCGA-A7-A3IZ",62,"female",0,0,0,0,"alive",NA,NA,NA,0,0,0,0,0,0,0,0,0,0,0,0,0,0,0,0,0,0,0,0,0,0,0,0,0,0,0,0,0,0,0
"TCGA-BH-A0DZ",43,"female",299,1,0,0,"alive",NA,NA,NA,0,0,0,1,0,0,1,0,1,2,3,169,16,91,0,5,0,0,0,7,5,0,0,1,0,0,0,0,1,0,0
"TCGA-A7-A26E",71,"female",122,0,0,1,"alive",NA,NA,NA,0,0,0,0,0,0,0,0,1,0,7,76,3,31,0,0,0,0,5,0,0,0,0,0,0,0,0,1,0,0,0
"TCGA-A8-A07W",76,"female",135,1,0,0,"alive",NA,NA,NA,0,0,0,0,0,0,0,0,1,0,0,97,1,27,0,5,0,0,0,1,1,0,3,0,0,0,0,0,1,0,0
"TCGA-AC-A23G",76,"female",33,0,0,1,"alive",NA,NA,NA,0,0,0,0,1,0,0,0,1,0,0,20,1,7,0,0,0,0,2,2,0,0,1,0,0,0,0,1,0,0,0
"TCGA-E9-A1R3",70,"female",27,0,0,1,"alive",NA,NA,NA,0,0,0,0,0,0,0,1,1,0,1,15,1,4,0,2,0,0,1,0,0,0,1,0,2,0,0,1,0,0,0
"TCGA-A2-A0EW",53,"female",16,0,0,1,"dead",NA,NA,NA,1,0,0,0,1,0,0,0,1,0,0,13,0,1,0,2,0,0,0,0,0,0,0,0,0,0,0,1,0,0,0
"TCGA-E2-A10B",67,"female",0,0,0,0,"alive",NA,NA,NA,0,0,0,0,0,0,0,0,0,0,0,0,0,0,0,0,0,0,0,0,0,0,0,0,0,0,0,0,0,0,0
"TCGA-E2-A15T",65,"female",30,0,0,0,"alive",NA,NA,NA,0,0,0,0,0,0,0,0,0,0,0,18,1,10,0,1,0,0,0,0,0,0,0,0,0,0,0,0,0,0,0
"TCGA-A2-A0T1",55,"female",27,1,0,0,"alive",NA,NA,NA,0,0,0,0,0,0,0,0,1,0,1,19,0,5,1,0,0,0,1,0,0,0,0,0,0,0,0,0,1,0,0
"TCGA-AO-A0J2",41,"female",77,1,0,0,"alive",NA,NA,NA,0,0,0,0,0,0,0,0,1,0,0,35,4,23,0,5,1,0,5,1,0,0,3,0,0,0,0,0,1,0,0
"TCGA-A2-A3XX",49,"female",0,0,0,0,"dead",NA,NA,NA,0,0,0,0,0,0,0,0,0,0,0,0,0,0,0,0,0,0,0,0,0,0,0,0,0,0,0,0,0,0,0
"TCGA-BH-A0EE",68,"female",126,1,0,1,"alive",NA,NA,NA,0,0,0,0,0,0,0,0,1,1,1,86,4,23,0,1,0,1,4,2,0,0,1,2,0,0,0,1,1,1,0
"TCGA-BH-A0DG",30,"female",33,0,0,0,"alive",NA,NA,NA,0,0,1,0,0,0,0,0,1,0,1,27,0,3,0,1,0,0,0,1,0,0,0,0,0,0,0,0,0,0,0
"TCGA-AC-A2FG",79,"female",37,0,0,0,"alive",NA,NA,NA,1,0,0,0,1,0,0,0,1,0,1,23,0,11,0,0,0,0,2,0,0,0,0,0,0,0,0,0,0,0,0
"TCGA-AR-A0TR",68,"female",37,0,0,1,"dead",NA,NA,NA,0,0,0,0,0,0,0,0,1,0,2,22,0,10,0,0,0,0,2,0,0,0,1,0,0,0,0,1,0,0,0
"TCGA-D8-A27N",36,"female",50,1,0,0,"alive",NA,NA,NA,0,0,0,0,0,0,0,0,1,0,0,32,2,12,1,1,0,0,0,0,1,0,1,0,0,0,0,0,1,0,0
"TCGA-AO-A03O",69,"female",82,1,0,1,"dead",NA,NA,NA,0,0,0,0,0,0,0,0,1,1,0,54,6,13,0,1,0,1,2,1,1,0,2,0,0,0,0,1,1,0,0
"TCGA-E2-A1BD",53,"female",41,0,0,1,"alive",NA,NA,NA,0,0,0,0,0,0,1,0,1,0,1,29,3,4,1,0,0,1,2,0,0,0,0,0,0,0,0,1,0,0,0
"TCGA-A2-A3XT",45,"female",0,0,0,0,"alive",NA,NA,NA,0,0,0,0,0,0,0,0,0,0,0,0,0,0,0,0,0,0,0,0,0,0,0,0,0,0,0,0,0,0,0
"TCGA-C8-A278",61,"female",41,1,0,1,"alive",NA,NA,NA,0,0,0,0,0,0,0,0,1,0,0,31,1,9,0,0,0,0,0,0,0,0,0,0,0,0,0,1,1,0,0
"TCGA-BH-A0BJ",41,"female",27,0,0,1,"alive",NA,NA,NA,0,0,0,0,0,0,0,0,1,0,2,17,1,4,0,0,0,0,0,1,0,1,0,0,0,1,0,1,0,0,0
"TCGA-OL-A5RW",40,"female",174,1,0,0,"alive",NA,NA,NA,0,0,0,1,0,0,0,0,1,0,0,120,9,33,1,1,0,0,5,1,2,0,2,0,0,0,0,0,1,0,1
"TCGA-E9-A295",71,"female",85,0,0,1,"alive",NA,NA,NA,1,0,0,0,0,0,0,0,1,0,0,59,6,14,0,2,0,0,3,0,0,0,1,0,0,0,0,1,0,0,0
"TCGA-E2-A14Z",64,"female",68,1,0,0,"dead",NA,NA,NA,0,0,0,0,0,0,0,0,1,0,1,43,2,15,2,1,0,0,2,0,2,0,0,0,0,0,0,1,1,0,0
"TCGA-AO-A0JJ",54,"female",17,0,0,0,"alive",NA,NA,NA,0,0,0,0,1,0,0,0,1,0,1,8,1,4,0,0,0,0,2,1,0,0,0,0,0,0,0,0,0,0,0
"TCGA-E2-A1LH",59,"female",192,1,0,0,"alive",NA,NA,NA,1,0,0,0,0,0,0,0,1,0,1,134,6,32,1,6,0,0,9,0,1,0,2,0,0,0,0,0,1,0,0
"TCGA-AO-A0JD",59,"female",121,1,0,0,"alive",NA,NA,NA,0,0,0,0,0,0,0,0,1,1,0,78,9,24,0,3,0,1,1,2,1,0,0,0,0,1,0,0,1,0,0
"TCGA-E9-A5UP",63,"female",0,0,0,0,"alive",NA,NA,NA,0,0,0,0,0,0,0,0,0,0,0,0,0,0,0,0,0,0,0,0,0,0,0,0,0,0,0,0,0,0,0
"TCGA-D8-A1JM",59,"female",43,1,0,0,"alive",NA,NA,NA,0,0,0,0,0,0,0,0,1,0,0,24,3,14,1,0,0,0,0,0,0,0,1,0,0,0,0,0,1,0,0
"TCGA-GM-A2DF",53,"female",44,1,0,0,"alive",NA,NA,NA,0,0,0,0,0,0,0,0,1,1,0,30,1,9,0,2,0,0,1,0,0,0,0,0,0,0,0,0,1,0,0
"TCGA-AO-A0JB",50,"female",98,1,0,0,"alive",NA,NA,NA,1,0,0,0,0,0,0,0,1,0,0,62,4,19,1,3,0,0,6,2,0,0,1,0,0,0,0,0,1,0,0
"TCGA-A2-A0YK",61,"female",375,0,0,1,"alive",NA,NA,NA,1,1,0,0,1,0,1,1,1,2,0,235,27,97,3,4,1,0,1,2,1,0,0,1,1,0,0,1,0,0,0
"TCGA-A2-A0EM",73,"female",28,0,0,1,"alive",NA,NA,NA,0,0,0,0,0,1,0,0,1,0,1,22,2,1,0,0,0,1,1,0,0,0,0,0,0,0,0,1,0,1,0
"TCGA-AQ-A04H",61,"female",67,1,0,0,"alive",NA,NA,NA,0,0,1,1,0,0,0,0,1,0,1,45,3,16,0,1,0,0,1,0,0,0,0,0,0,0,0,0,1,0,0
"TCGA-E2-A14Q",50,"female",30,0,0,0,"alive",NA,NA,NA,0,0,0,1,0,0,0,0,0,0,0,22,0,5,0,0,0,0,1,0,1,0,1,0,0,0,0,0,0,0,0
"TCGA-A2-A0YE",48,"female",35,1,0,0,"alive",NA,NA,NA,0,0,0,0,0,0,0,0,1,0,1,15,4,11,0,0,0,1,2,1,0,0,0,0,0,0,0,0,1,0,0
"TCGA-E2-A1B4",74,"female",35,0,0,1,"dead",NA,NA,NA,0,0,0,0,0,0,1,0,1,0,1,25,4,4,0,0,0,0,0,1,0,0,0,0,0,0,0,1,0,0,0
"TCGA-A2-A25E",34,"female",62,0,0,0,"alive",NA,NA,NA,0,0,0,0,0,0,0,0,0,1,0,41,4,9,0,1,0,0,3,0,0,0,2,0,0,1,0,0,0,0,0
"TCGA-A7-A6VV",51,"female",50,1,0,0,"alive",NA,NA,NA,0,0,0,0,0,1,0,0,1,0,0,32,2,10,0,1,0,2,2,1,0,0,0,0,0,0,0,0,1,1,0
"TCGA-A8-A07J",35,"female",36,0,0,1,"alive",NA,NA,NA,0,0,0,0,0,0,0,1,1,0,1,19,1,10,0,2,0,0,1,0,0,0,2,0,0,0,0,1,0,1,0
"TCGA-C8-A8HR",49,"female",36,0,0,0,"alive",NA,NA,NA,0,0,0,0,0,0,0,0,0,0,0,24,2,7,0,1,0,0,1,0,0,0,1,0,0,0,0,0,0,0,0
"TCGA-A2-A0T6",50,"female",21,0,0,0,"alive",NA,NA,NA,0,0,0,0,1,0,0,0,1,0,1,11,1,6,1,0,0,0,0,0,0,0,1,0,0,0,0,0,0,0,0
"TCGA-A8-A097",64,"female",104,1,0,0,"alive",NA,NA,NA,1,0,0,0,0,0,0,0,1,0,3,67,4,25,0,0,0,1,4,0,0,0,0,0,0,0,0,0,1,0,0
"TCGA-GM-A2DC",57,"female",23,0,0,0,"alive",NA,NA,NA,0,0,0,0,0,0,0,0,0,0,1,9,0,10,0,0,0,1,2,0,0,0,0,0,0,0,0,0,0,0,0
"TCGA-E2-A10A",41,"female",24,0,0,0,"alive",NA,NA,NA,0,0,1,0,0,0,1,0,1,0,2,10,1,7,0,1,0,0,2,0,0,0,1,0,0,0,0,0,0,0,0
"TCGA-AO-A03T",42,"female",100,0,0,0,"alive",NA,NA,NA,1,0,0,0,0,0,0,1,0,0,2,60,4,20,0,2,0,0,8,2,0,0,1,1,0,0,0,0,0,0,0
"TCGA-AQ-A7U7",55,"female",65,0,0,1,"dead",NA,NA,NA,0,0,0,0,0,0,0,0,1,0,2,39,3,17,1,1,0,0,1,0,0,1,0,0,0,0,0,1,0,0,0
"TCGA-BH-A0C1",61,"female",41,0,0,0,"dead",NA,NA,NA,0,0,0,0,1,0,0,0,1,0,0,21,3,12,0,0,0,0,3,1,1,0,0,0,0,0,0,0,0,0,0
"TCGA-A2-A0CW",67,"female",59,1,0,1,"alive",NA,NA,NA,0,0,0,1,0,0,0,0,1,0,1,41,2,8,2,1,0,0,3,0,1,0,0,0,0,0,0,1,1,0,0
"TCGA-BH-A0HF",77,"female",1171,0,0,1,"alive",NA,NA,NA,1,1,1,0,0,0,0,0,1,1,1,673,43,408,7,24,2,2,0,4,3,1,0,0,2,0,0,1,0,1,1
"TCGA-A7-A4SC",62,"female",29,0,0,0,"alive",NA,NA,NA,0,0,0,0,1,0,0,0,1,0,0,19,0,5,1,1,0,0,3,0,0,0,0,0,0,0,0,1,0,0,0
"TCGA-D8-A1JJ",54,"female",79,1,0,1,"alive",NA,NA,NA,0,0,1,0,0,0,0,0,1,0,0,53,1,24,0,0,0,0,0,1,0,0,0,0,0,0,0,1,1,0,0
"TCGA-BH-A0EB",69,"female",45,0,0,1,"alive",NA,NA,NA,0,0,0,0,0,0,0,0,1,0,2,28,1,12,1,0,0,0,1,0,0,0,0,0,0,0,0,1,0,0,0
"TCGA-E2-A1IG",45,"female",47,0,0,0,"alive",NA,NA,NA,0,0,0,0,0,0,0,0,1,0,2,27,1,11,0,3,0,0,1,0,0,0,2,0,0,0,0,0,0,1,0
"TCGA-A8-A075",42,"female",85,1,0,1,"alive",NA,NA,NA,0,0,0,0,0,0,0,1,1,1,1,52,5,15,2,1,1,0,5,1,0,0,1,0,0,0,0,1,1,0,0
"TCGA-LL-A6FR",50,"female",38,1,0,0,"alive",NA,NA,NA,0,0,0,0,0,0,0,1,1,0,0,23,0,9,0,1,0,0,2,1,0,0,2,0,0,0,0,0,1,0,0
"TCGA-D8-A1XZ",81,"female",81,1,0,0,"alive",NA,NA,NA,1,0,0,0,0,0,0,0,1,0,0,55,5,15,0,2,0,1,1,0,1,0,1,0,0,0,0,0,1,0,0
"TCGA-AC-A3W5",65,"female",0,0,0,0,"alive",NA,NA,NA,0,0,0,0,0,0,0,0,0,0,0,0,0,0,0,0,0,0,0,0,0,0,0,0,0,0,0,0,0,0,0
"TCGA-S3-A6ZG",71,"female",40,0,0,0,"alive",NA,NA,NA,0,0,0,0,1,0,0,0,1,0,2,23,3,9,1,1,0,0,1,0,0,0,0,0,0,0,0,0,0,0,0
"TCGA-D8-A27W",55,"female",34,0,0,0,"alive",NA,NA,NA,0,0,0,0,0,0,0,0,1,0,0,26,2,4,0,1,0,0,0,1,0,0,0,0,0,0,0,0,0,1,0
"TCGA-A7-A13F",44,"female",39,0,0,0,"alive",NA,NA,NA,0,0,0,0,0,0,0,0,0,0,0,30,1,5,0,1,0,0,1,0,0,0,1,0,0,0,0,0,0,0,0
"TCGA-E2-A1IN",60,"female",199,1,0,1,"alive",NA,NA,NA,0,0,0,0,0,0,0,0,1,0,0,127,10,56,0,2,0,1,2,1,0,0,0,0,0,0,0,1,1,0,0
"TCGA-AQ-A54O",51,"male",22,0,0,1,"alive",NA,NA,NA,0,0,0,0,0,0,0,0,1,0,0,15,2,4,0,0,0,0,1,0,0,0,0,0,0,0,0,1,0,0,0
"TCGA-E2-A1BC",63,"female",35,0,0,1,"alive",NA,NA,NA,0,0,0,0,0,0,0,0,1,0,0,19,3,9,0,1,0,0,2,1,0,0,0,0,0,0,0,1,0,0,0
"TCGA-BH-A0HX",54,"female",67,1,0,0,"alive",NA,NA,NA,0,1,0,0,0,0,0,0,1,0,0,42,1,19,0,3,0,0,2,0,0,0,0,0,0,0,0,0,1,0,0
"TCGA-BH-A0B0",56,"female",71,1,0,1,"alive",NA,NA,NA,0,0,0,0,0,0,0,1,1,1,0,43,3,22,0,0,0,0,0,0,1,0,0,1,0,0,0,1,1,0,0
"TCGA-AR-A24L",26,"female",46,0,0,0,"dead",NA,NA,NA,0,0,0,0,0,0,0,0,0,1,0,27,1,10,0,1,0,0,3,0,1,0,1,1,0,0,0,0,0,0,0
"TCGA-E2-A10C",54,"female",396,0,0,1,"alive",NA,NA,NA,1,0,0,1,0,0,0,1,1,0,0,252,27,100,0,4,0,1,3,4,0,1,0,2,2,0,0,1,0,0,0
"TCGA-D8-A1JE",62,"female",33,0,0,1,"alive",NA,NA,NA,0,0,0,0,0,0,0,0,1,0,0,23,2,5,0,1,0,0,1,1,0,0,0,0,0,0,0,1,0,0,0
"TCGA-AR-A5QP",54,"female",22,0,0,1,"alive",NA,NA,NA,1,0,0,0,0,0,0,0,1,0,0,18,0,2,0,0,0,0,2,0,0,0,0,0,0,0,0,1,0,0,0
"TCGA-EW-A1PG",53,"female",11,0,0,0,"alive",NA,NA,NA,0,0,0,0,0,0,0,0,0,0,0,5,2,3,0,0,0,0,1,0,0,0,0,0,0,0,0,0,0,0,0
"TCGA-AR-A252",50,"female",10,0,0,0,"alive",NA,NA,NA,0,0,1,0,0,0,0,0,1,0,1,7,0,2,0,0,0,0,0,0,0,0,0,0,0,0,0,0,0,0,0
"TCGA-BH-A0DK",49,"female",97,0,0,1,"alive",NA,NA,NA,0,0,1,0,0,0,0,1,1,2,2,63,5,17,0,0,0,0,6,1,1,0,0,0,0,0,0,1,0,0,0
"TCGA-E2-A15R",64,"female",40,0,0,0,"alive",NA,NA,NA,0,0,0,0,0,0,0,0,0,0,1,26,2,10,0,0,0,0,1,0,0,0,0,0,0,0,0,0,0,0,0
"TCGA-E2-A15H",38,"female",34,0,0,0,"alive",NA,NA,NA,0,0,1,0,0,0,0,0,1,0,2,22,1,6,0,0,0,0,2,1,0,0,0,0,0,0,0,0,0,0,0
"TCGA-E2-A158",43,"female",88,1,0,0,"alive",NA,NA,NA,1,0,0,0,0,0,0,0,1,0,0,62,2,12,1,3,0,0,2,1,1,0,4,0,0,0,0,0,1,0,0
"TCGA-AO-A1KP",77,"female",19,0,0,0,"alive",NA,NA,NA,0,0,0,0,0,0,0,0,0,0,0,12,0,5,0,1,0,0,0,1,0,0,0,0,0,0,0,0,0,0,0
"TCGA-GM-A2DL",50,"female",43,1,0,0,"alive",NA,NA,NA,0,0,0,0,0,0,0,0,1,0,0,31,4,5,0,1,0,0,2,0,0,0,0,0,0,0,0,1,1,0,0
"TCGA-C8-A26Z",59,"female",42,0,0,0,"alive",NA,NA,NA,0,0,0,0,0,1,0,0,0,0,0,30,3,5,0,0,0,0,3,1,0,0,0,0,0,0,0,0,0,1,0
"TCGA-E2-A152",56,"female",131,1,0,1,"alive",NA,NA,NA,0,0,0,0,0,0,0,0,1,1,0,88,12,24,2,1,0,0,0,1,1,0,1,0,0,0,0,1,1,0,0
"TCGA-EW-A1PD",61,"male",80,0,0,0,"alive",NA,NA,NA,0,0,0,0,0,0,0,0,0,0,0,49,4,15,2,2,0,1,4,1,0,1,1,0,0,0,0,0,0,0,0
"TCGA-S3-AA11",67,"female",69,0,0,1,"alive",NA,NA,NA,1,0,0,0,0,0,1,0,1,0,2,43,7,12,1,0,0,0,1,2,0,0,1,0,0,0,0,1,0,0,0
"TCGA-AO-A03P",54,"female",47,0,0,0,"dead",NA,NA,NA,0,0,1,0,0,0,0,0,1,0,2,25,2,14,0,2,0,0,2,0,0,0,0,0,0,0,0,0,0,0,0
"TCGA-EW-A2FS",41,"female",33,0,0,0,"alive",NA,NA,NA,0,0,0,0,0,0,0,0,1,0,2,16,3,9,0,1,0,0,1,0,0,0,0,0,0,1,0,0,0,1,0
"TCGA-A2-A0T2",66,"female",30,1,0,0,"dead",NA,NA,NA,0,0,0,0,0,0,0,0,1,0,2,16,0,7,1,2,0,0,2,0,0,0,0,0,0,0,0,0,1,0,0
"TCGA-C8-A26X",58,"female",69,1,0,1,"alive",NA,NA,NA,1,0,0,0,0,0,0,0,1,0,3,45,1,12,0,2,0,0,5,0,0,0,1,0,0,0,0,1,1,0,0
"TCGA-OL-A66O",39,"female",26,0,0,0,"alive",NA,NA,NA,0,0,1,0,0,0,0,0,1,1,2,13,3,5,0,1,0,0,1,0,0,0,0,0,0,0,0,0,0,0,0
"TCGA-AR-A256",45,"female",196,1,0,0,"dead",NA,NA,NA,1,0,0,0,0,0,0,1,1,0,3,120,6,42,0,7,0,0,11,1,1,0,5,0,0,0,0,0,1,0,0
"TCGA-A7-A426",50,"female",0,0,0,0,"alive",NA,NA,NA,0,0,0,0,0,0,0,0,0,0,0,0,0,0,0,0,0,0,0,0,0,0,0,0,0,0,0,0,0,0,0
"TCGA-A2-A3XW",42,"female",6,0,0,0,"alive",NA,NA,NA,0,0,0,0,0,0,0,0,0,0,0,3,0,3,0,0,0,0,0,0,0,0,0,0,0,0,0,0,0,0,0
"TCGA-E9-A1RG",62,"female",37,0,0,0,"alive",NA,NA,NA,0,0,0,0,0,0,0,0,0,0,2,23,3,6,0,2,0,0,0,0,0,1,0,0,0,0,0,0,0,0,0
"TCGA-AO-A0JL",59,"female",0,0,0,0,"alive",NA,NA,NA,0,0,0,0,0,0,0,0,0,0,0,0,0,0,0,0,0,0,0,0,0,0,0,0,0,0,0,0,0,0,0
"TCGA-D8-A1Y0",65,"female",68,0,0,0,"alive",NA,NA,NA,0,0,0,0,0,0,0,0,0,0,0,42,2,17,1,1,0,0,1,2,0,0,2,0,0,0,0,0,0,0,0
"TCGA-E9-A22D",38,"female",23,0,0,0,"alive",NA,NA,NA,0,0,1,0,0,0,0,0,1,0,1,15,0,5,0,0,0,0,2,0,0,0,0,0,0,0,0,0,0,0,0
"TCGA-A8-A08B",52,"female",45,0,0,1,"alive",NA,NA,NA,0,0,0,0,0,0,0,0,1,0,1,25,3,14,0,0,0,0,1,0,0,0,1,0,0,0,0,1,0,0,0
"TCGA-BH-A0EA",72,"female",28,0,0,1,"dead",NA,NA,NA,0,0,1,0,0,0,0,0,1,0,0,19,2,6,0,1,0,0,0,0,0,0,0,0,0,0,0,1,0,0,0
"TCGA-E2-A106",34,"female",0,0,0,0,"alive",NA,NA,NA,0,0,0,0,0,0,0,0,0,0,0,0,0,0,0,0,0,0,0,0,0,0,0,0,0,0,0,0,0,0,0
"TCGA-BH-A0RX",59,"female",40,1,0,0,"alive",NA,NA,NA,0,1,0,0,0,0,0,0,1,2,0,25,1,8,0,0,0,0,3,0,0,0,1,0,0,0,0,0,1,0,0
"TCGA-E2-A1L9",40,"female",30,0,0,0,"alive",NA,NA,NA,0,0,1,0,0,1,0,0,1,0,1,18,1,6,0,0,0,0,2,2,0,0,0,0,0,0,0,1,0,1,0
"TCGA-E2-A1B6",44,"female",38,1,0,0,"alive",NA,NA,NA,0,0,0,0,0,0,0,0,1,0,0,25,2,6,0,1,0,0,0,2,1,0,0,0,1,0,0,0,1,0,0
"TCGA-D8-A140",62,"female",112,0,0,0,"alive",NA,NA,NA,0,0,1,0,0,0,0,1,1,0,6,66,8,26,1,1,0,0,2,1,0,0,0,0,1,0,0,0,0,0,0
"TCGA-D8-A1Y3",61,"female",53,1,0,0,"alive",NA,NA,NA,0,0,0,0,0,0,0,0,1,0,0,34,2,14,1,0,0,0,0,0,1,0,1,0,0,0,0,0,1,0,0
"TCGA-EW-A1IZ",53,"female",421,0,0,1,"alive",NA,NA,NA,1,0,0,0,1,0,0,0,1,0,9,205,15,88,3,9,0,0,85,3,1,0,2,0,1,0,0,1,0,0,0
"TCGA-AR-A251",51,"female",177,1,0,0,"alive",NA,NA,NA,0,0,0,1,0,0,0,0,1,0,2,124,3,31,1,3,0,0,9,0,1,0,2,1,0,0,0,0,1,0,0
"TCGA-A7-A6VW",48,"female",68,1,0,0,"alive",NA,NA,NA,0,0,0,1,0,0,0,0,1,0,0,44,4,14,0,1,0,0,2,1,0,1,1,0,0,0,0,0,1,0,0
"TCGA-BH-A0HO",48,"female",21,0,0,0,"alive",NA,NA,NA,0,0,0,0,0,0,0,0,0,0,0,10,2,6,1,0,0,0,1,1,0,0,0,0,0,0,0,0,0,0,0
"TCGA-A2-A3XY",49,"female",0,0,0,0,"dead",NA,NA,NA,0,0,0,0,0,0,0,0,0,0,0,0,0,0,0,0,0,0,0,0,0,0,0,0,0,0,0,0,0,0,0
"TCGA-A2-A1G0",49,"female",22,0,0,1,"alive",NA,NA,NA,0,0,0,0,1,0,0,0,1,0,0,13,1,3,0,1,0,0,3,1,0,0,0,0,0,0,0,1,0,0,0
"TCGA-AO-A128",61,"female",1038,1,0,0,"alive",NA,NA,NA,0,1,0,1,1,0,0,1,1,2,4,645,24,273,8,20,2,6,40,5,4,1,2,2,0,0,0,1,1,0,0
"TCGA-E9-A1NE",28,"female",53,0,0,0,"alive",NA,NA,NA,0,0,0,0,0,0,0,0,0,0,0,41,1,6,0,3,0,0,1,0,1,0,0,0,0,0,0,0,0,0,0
"TCGA-A2-A0EX",46,"female",26,0,0,1,"alive",NA,NA,NA,0,0,0,0,1,0,0,0,1,0,0,18,3,4,0,0,0,0,1,0,0,0,0,0,0,0,0,1,0,0,0
"TCGA-AO-A125",72,"female",0,0,0,0,"alive",NA,NA,NA,0,0,0,0,0,0,0,0,0,0,0,0,0,0,0,0,0,0,0,0,0,0,0,0,0,0,0,0,0,0,0
"TCGA-E9-A1N8",48,"female",28,1,0,0,"alive",NA,NA,NA,0,0,0,0,0,1,0,0,1,0,1,20,1,4,0,0,0,0,2,0,0,0,0,0,0,0,0,0,1,1,0
"TCGA-BH-A0AY",62,"female",50,0,0,0,"alive",NA,NA,NA,0,1,0,0,0,0,1,0,1,0,0,32,3,13,0,1,0,0,1,0,0,0,0,0,0,0,0,0,0,0,0
"TCGA-AC-A3TN",75,"female",0,0,0,0,"alive",NA,NA,NA,0,0,0,0,0,0,0,0,0,0,0,0,0,0,0,0,0,0,0,0,0,0,0,0,0,0,0,0,0,0,0
"TCGA-BH-A0HU",52,"female",37,0,0,1,"alive",NA,NA,NA,0,0,0,0,0,0,0,0,1,0,0,24,1,7,0,1,0,0,0,0,1,0,3,0,0,0,0,1,0,0,0
"TCGA-AO-A12F",36,"female",37,0,0,0,"alive",NA,NA,NA,0,0,0,0,0,0,0,0,0,0,0,26,2,6,0,1,0,0,2,0,0,0,0,0,0,0,0,0,0,0,0
"TCGA-D8-A142",74,"female",132,1,0,0,"alive",NA,NA,NA,1,0,0,0,0,0,0,0,1,0,0,80,6,39,0,3,0,0,2,1,0,0,1,0,0,0,0,0,1,0,0
"TCGA-A2-A04P",36,"female",142,1,0,1,"dead",NA,NA,NA,1,0,0,1,0,0,0,0,1,0,0,95,3,23,3,4,0,0,7,3,1,0,3,0,0,0,0,1,1,0,0
"TCGA-AO-A0JG",49,"female",15,0,0,0,"alive",NA,NA,NA,0,0,0,0,0,1,0,0,0,0,0,14,0,1,0,0,0,0,0,0,0,0,0,0,0,0,0,0,0,1,0
"TCGA-AO-A12G",75,"female",0,0,0,0,"alive",NA,NA,NA,0,0,0,0,0,0,0,0,0,0,0,0,0,0,0,0,0,0,0,0,0,0,0,0,0,0,0,0,0,0,0
"TCGA-B6-A402",47,"female",0,0,0,0,"alive",NA,NA,NA,0,0,0,0,0,0,0,0,0,0,0,0,0,0,0,0,0,0,0,0,0,0,0,0,0,0,0,0,0,0,0
"TCGA-D8-A1X6",80,"female",36,0,0,0,"alive",NA,NA,NA,0,0,1,0,0,1,1,0,1,0,3,24,1,5,1,1,0,0,0,1,0,0,0,0,0,0,0,0,0,1,0
"TCGA-E2-A14V",53,"female",106,0,0,1,"alive",NA,NA,NA,0,0,0,1,0,0,0,0,1,0,2,75,2,20,0,4,0,0,1,0,2,0,0,0,0,0,0,1,0,0,0
"TCGA-E2-A570",47,"female",21,0,0,0,"alive",NA,NA,NA,0,0,1,0,0,0,0,0,1,0,2,10,3,3,1,1,0,0,1,0,0,0,0,0,0,0,0,1,0,0,0
"TCGA-A8-A08P",70,"female",70,1,0,1,"alive",NA,NA,NA,0,0,0,0,0,1,0,0,1,0,1,43,5,15,0,2,0,2,1,0,0,0,1,0,0,0,0,1,1,1,0
"TCGA-D8-A27H",72,"female",138,0,0,0,"alive",NA,NA,NA,1,0,0,0,0,0,0,1,0,0,0,103,1,25,1,3,0,0,4,0,1,0,0,0,0,0,0,0,0,0,0
"TCGA-S3-AA12",82,"female",38,0,0,0,"alive",NA,NA,NA,0,0,1,0,0,0,0,0,1,0,2,20,1,10,1,1,0,0,0,0,0,0,2,0,0,1,0,0,0,1,0
"TCGA-D8-A1XK",55,"female",1145,1,0,0,"alive",NA,NA,NA,1,1,0,1,0,0,0,1,1,3,18,706,17,235,11,53,0,3,85,5,5,0,2,2,0,0,0,1,1,0,1
"TCGA-LL-A5YL",64,"female",67,0,0,0,"alive",NA,NA,NA,0,0,0,0,0,0,0,0,1,0,2,40,3,16,0,3,0,0,0,2,1,0,0,0,0,0,0,0,0,1,0
"TCGA-C8-A135",64,"female",67,1,0,0,"alive",NA,NA,NA,0,0,0,0,0,0,0,0,1,0,2,40,2,17,2,1,0,0,2,1,0,0,0,0,0,0,0,0,1,0,0
"TCGA-E9-A1N6",52,"female",0,0,0,0,"dead",NA,NA,NA,0,0,0,0,0,0,0,0,0,0,0,0,0,0,0,0,0,0,0,0,0,0,0,0,0,0,0,0,0,0,0
"TCGA-D8-A1Y2",71,"female",17,0,0,1,"alive",NA,NA,NA,0,0,0,0,0,0,0,0,1,0,0,12,0,4,0,0,0,0,0,0,1,0,0,0,0,0,0,1,0,0,0
"TCGA-C8-A1HM",74,"female",353,1,0,0,"alive",NA,NA,NA,1,0,0,0,0,0,0,1,1,1,0,245,18,77,1,6,0,0,0,3,0,1,1,0,0,0,0,0,1,0,0
"TCGA-BH-A18F",50,"female",52,0,0,1,"alive",NA,NA,NA,0,0,0,0,1,0,0,0,1,0,1,31,2,14,0,0,0,0,2,1,0,1,0,0,0,0,0,1,0,0,0
"TCGA-BH-A0B5",40,"female",62,0,0,1,"alive",NA,NA,NA,0,0,0,0,0,0,0,0,1,0,0,43,4,10,0,1,0,0,3,0,0,0,1,0,0,0,0,1,0,0,0
"TCGA-A2-A0YH",53,"female",83,1,0,1,"alive",NA,NA,NA,1,0,0,0,0,0,0,0,1,0,0,58,5,18,0,1,0,0,0,0,0,0,0,1,0,0,0,1,1,0,0
"TCGA-E2-A10F",47,"female",0,0,0,0,"alive",NA,NA,NA,0,0,0,0,0,0,0,0,0,0,0,0,0,0,0,0,0,0,0,0,0,0,0,0,0,0,0,0,0,0,0
"TCGA-A8-A0A9",80,"female",56,0,0,1,"alive",NA,NA,NA,1,0,0,0,1,0,0,1,1,0,0,43,4,7,0,0,0,0,0,1,0,0,1,0,0,0,0,1,0,0,0
"TCGA-BH-A0H0",69,"female",22,0,0,0,"alive",NA,NA,NA,0,0,0,0,0,0,0,0,0,0,0,13,0,7,0,1,0,1,0,0,0,0,0,0,0,0,0,0,0,0,0
"TCGA-BH-A0HK",81,"female",113,0,0,0,"alive",NA,NA,NA,0,0,0,0,0,0,0,0,0,0,1,66,6,32,0,3,0,0,2,2,1,0,0,0,0,0,0,0,0,0,0
"TCGA-HN-A2NL",56,"female",82,1,0,0,"alive",NA,NA,NA,1,0,0,0,0,0,0,0,1,0,2,52,3,17,3,1,0,0,2,0,0,0,1,0,0,1,0,0,1,0,0
"TCGA-AR-A1AH",51,"female",99,1,0,0,"alive",NA,NA,NA,0,0,0,0,0,0,0,1,1,0,1,57,2,26,3,3,0,0,4,1,0,0,2,0,0,0,0,0,1,0,0
"TCGA-BH-A0E0",38,"female",39,1,0,0,"alive",NA,NA,NA,0,0,0,0,0,0,0,0,1,0,0,23,3,9,0,0,0,1,0,1,0,0,1,0,0,1,0,0,1,0,0
"TCGA-E2-A1IU",60,"female",28,0,0,0,"alive",NA,NA,NA,0,0,0,0,0,0,0,0,0,0,0,14,2,10,0,0,0,0,0,1,0,0,0,0,0,1,0,0,0,0,0
"TCGA-AR-A0U3",59,"female",38,1,0,0,"alive",NA,NA,NA,0,0,0,0,0,0,0,0,1,0,1,19,4,8,0,1,0,1,3,1,0,0,0,0,0,0,0,0,1,0,0
"TCGA-BH-A2L8",45,"female",492,0,0,1,"alive",NA,NA,NA,1,1,1,0,1,0,0,1,1,0,0,318,34,123,1,3,1,2,2,5,2,0,0,1,0,0,0,1,0,0,0
"TCGA-E9-A244",54,"female",99,1,0,0,"alive",NA,NA,NA,0,1,0,0,0,0,0,1,1,0,2,59,4,24,1,3,0,0,3,0,0,0,2,0,1,0,0,0,1,0,0
"TCGA-E2-A14S",65,"female",0,0,0,0,"alive",NA,NA,NA,0,0,0,0,0,0,0,0,0,0,0,0,0,0,0,0,0,0,0,0,0,0,0,0,0,0,0,0,0,0,0
"TCGA-E2-A1LA",59,"female",95,0,0,0,"alive",NA,NA,NA,1,0,0,0,0,0,0,0,1,0,0,57,2,25,2,0,0,0,7,0,1,0,1,0,0,0,0,0,0,1,0
"TCGA-A2-A0CL",37,"female",147,1,0,0,"alive",NA,NA,NA,0,0,0,1,0,0,0,0,1,0,0,84,22,36,1,1,0,1,0,1,1,0,0,0,0,0,0,0,1,0,0
"TCGA-E9-A1RC",56,"female",51,0,0,1,"alive",NA,NA,NA,1,0,1,0,0,0,0,0,1,0,0,31,3,11,0,1,0,0,2,0,2,1,0,0,0,0,0,1,0,0,0
"TCGA-E2-A108",64,"female",0,0,0,0,"alive",NA,NA,NA,0,0,0,0,0,0,0,0,0,0,0,0,0,0,0,0,0,0,0,0,0,0,0,0,0,0,0,0,0,0,0
"TCGA-E9-A3X8",48,"female",33,0,0,1,"alive",NA,NA,NA,0,0,0,0,1,0,0,0,1,0,1,21,2,7,0,0,1,0,1,0,0,0,0,0,0,0,0,1,0,0,0
"TCGA-AC-A3TM",50,"female",0,0,0,0,"alive",NA,NA,NA,0,0,0,0,0,0,0,0,0,0,0,0,0,0,0,0,0,0,0,0,0,0,0,0,0,0,0,0,0,0,0
"TCGA-XX-A899",46,"female",34,0,0,1,"alive",NA,NA,NA,0,0,0,0,1,0,0,0,1,0,0,22,2,9,0,0,0,0,1,0,0,0,0,0,0,0,0,1,0,0,0
"TCGA-AO-A1KS",69,"female",44,0,0,0,"alive",NA,NA,NA,0,0,0,0,0,0,0,0,0,0,0,24,3,14,0,2,0,0,1,0,0,0,0,0,0,0,0,0,0,0,0
"TCGA-D8-A1X8",62,"female",29,0,0,0,"alive",NA,NA,NA,0,0,0,0,1,0,0,0,1,0,1,14,2,7,1,1,0,0,2,0,0,0,1,0,0,0,0,1,0,0,0
"TCGA-A8-A09Q",83,"female",155,1,0,1,"alive",NA,NA,NA,1,0,0,0,0,0,0,0,1,0,0,109,7,35,0,2,0,0,0,1,1,0,0,0,0,0,0,1,1,0,0
"TCGA-S3-AA17",64,"female",103,0,0,0,"alive",NA,NA,NA,0,0,0,1,0,0,0,0,0,0,0,62,5,17,1,3,0,0,9,1,3,0,2,0,0,0,0,0,0,0,0
"TCGA-A8-A0AB",54,"female",28,0,0,0,"alive",NA,NA,NA,0,0,0,0,1,0,0,0,1,0,1,16,1,5,0,0,1,0,2,0,2,0,0,0,0,0,0,0,0,0,0
"TCGA-E2-A1B5",46,"female",40,0,0,0,"alive",NA,NA,NA,0,0,1,0,0,0,0,1,1,0,2,21,2,11,0,0,0,0,0,0,2,0,1,0,1,0,0,0,0,0,0
"TCGA-B6-A409",44,"female",40,1,0,0,"dead",NA,NA,NA,0,0,0,0,0,0,0,0,1,0,1,17,2,14,1,0,0,0,3,2,0,0,0,0,0,0,0,0,1,0,0
"TCGA-OL-A5RV",43,"female",10,0,0,0,"alive",NA,NA,NA,0,0,0,0,1,0,0,0,1,0,0,8,1,1,0,0,0,0,0,0,0,0,0,0,0,0,0,0,0,0,0
"TCGA-A2-A25D",89,"female",57,0,0,1,"alive",NA,NA,NA,0,0,0,0,0,0,0,1,1,0,2,32,2,16,0,1,0,0,3,0,0,0,1,0,0,0,0,1,0,0,0
"TCGA-D8-A27L",49,"female",46,0,0,1,"alive",NA,NA,NA,0,0,0,0,0,1,1,0,1,0,2,28,3,11,0,1,0,0,0,0,0,0,1,0,0,0,0,1,0,1,0
"TCGA-BH-A0B4",65,"male",71,0,0,0,"alive",NA,NA,NA,1,0,0,0,0,0,0,1,0,0,0,54,3,8,0,2,0,0,3,1,0,0,0,0,0,0,0,0,0,0,0
"TCGA-AO-A12E",51,"female",0,0,0,0,"alive",NA,NA,NA,0,0,0,0,0,0,0,0,0,0,0,0,0,0,0,0,0,0,0,0,0,0,0,0,0,0,0,0,0,0,0
"TCGA-E2-A1IE",61,"female",20,0,0,0,"alive",NA,NA,NA,1,0,0,0,0,0,0,1,0,0,0,17,0,3,0,0,0,0,0,0,0,0,0,0,0,0,0,0,0,0,0
"TCGA-BH-A0AZ",47,"female",64,0,0,0,"alive",NA,NA,NA,0,0,1,0,0,0,0,1,1,0,1,34,2,14,3,3,0,1,3,0,1,0,1,0,1,0,0,0,0,0,0
"TCGA-LL-A440",61,"female",0,0,0,0,"alive",NA,NA,NA,0,0,0,0,0,0,0,0,0,0,0,0,0,0,0,0,0,0,0,0,0,0,0,0,0,0,0,0,0,0,0
"TCGA-5L-AAT0",42,"female",173,0,0,1,"alive",NA,NA,NA,1,1,0,0,1,0,1,1,1,0,0,104,11,52,0,0,0,2,0,2,0,0,1,1,0,0,0,1,0,1,0
"TCGA-C8-A131",82,"female",64,1,1,1,"alive",NA,NA,NA,0,0,0,0,0,0,0,0,1,0,1,41,1,15,0,0,0,0,4,0,1,0,0,0,0,1,0,1,1,0,0
"TCGA-E2-A15E",40,"female",71,1,0,1,"alive",NA,NA,NA,0,0,0,0,0,0,0,0,1,0,0,51,0,16,0,2,0,0,2,0,0,0,0,0,0,0,0,1,1,0,0
"TCGA-4H-AAAK",50,"female",21,0,0,0,"alive",NA,NA,NA,0,0,0,0,1,0,0,0,1,0,0,14,1,4,0,1,0,0,0,1,0,0,0,0,0,0,0,0,0,0,0
"TCGA-GM-A2DN",58,"female",23,0,0,0,"alive",NA,NA,NA,0,0,1,0,0,0,0,0,1,0,0,18,1,3,0,1,0,0,0,0,0,0,0,0,0,0,0,1,0,0,0
"TCGA-AR-A5QN",68,"female",37,0,0,0,"alive",NA,NA,NA,0,0,0,0,0,0,0,0,0,0,2,20,2,8,0,0,0,0,2,2,0,1,0,0,0,0,0,0,0,0,0
"TCGA-AR-A0U2",47,"female",52,1,0,0,"dead",NA,NA,NA,0,0,1,0,0,0,0,0,1,0,3,36,1,8,0,1,0,1,0,0,0,0,1,0,1,0,0,0,1,0,0
"TCGA-EW-A424",51,"female",0,0,0,0,"alive",NA,NA,NA,0,0,0,0,0,0,0,0,0,0,0,0,0,0,0,0,0,0,0,0,0,0,0,0,0,0,0,0,0,0,0
"TCGA-D8-A27E",66,"female",14,0,0,0,"alive",NA,NA,NA,0,0,0,0,0,0,0,0,0,0,0,8,0,1,0,0,0,0,2,1,1,0,0,0,0,1,0,0,0,0,0
"TCGA-OL-A6VO",43,"female",22,1,0,0,"alive",NA,NA,NA,0,0,0,1,0,0,0,0,1,0,0,14,1,4,2,1,0,0,0,0,0,0,0,0,0,0,0,0,1,0,0
"TCGA-A7-A4SA",40,"female",0,0,0,0,"alive",NA,NA,NA,0,0,0,0,0,0,0,0,0,0,0,0,0,0,0,0,0,0,0,0,0,0,0,0,0,0,0,0,0,0,0
"TCGA-S3-AA14",47,"female",15,0,0,1,"alive",NA,NA,NA,0,0,0,0,0,0,1,0,1,0,2,8,0,3,0,1,0,0,0,0,1,0,0,0,0,0,0,1,0,0,0
"TCGA-E9-A249",45,"female",0,0,0,0,"alive",NA,NA,NA,0,0,0,0,0,0,0,0,0,0,0,0,0,0,0,0,0,0,0,0,0,0,0,0,0,0,0,0,0,0,0
"TCGA-A7-A5ZW",47,"female",24,0,0,1,"alive",NA,NA,NA,0,0,0,0,0,1,1,0,1,0,1,16,1,5,0,0,0,0,1,0,0,0,0,0,0,0,0,1,0,1,0
"TCGA-E2-A1LL",73,"female",41,0,0,0,"alive",NA,NA,NA,0,0,0,0,0,0,0,0,0,0,0,26,2,8,1,1,0,0,1,1,1,0,0,0,0,0,0,0,0,0,0
"TCGA-E9-A2JS",72,"female",71,0,0,0,"dead",NA,NA,NA,1,0,0,0,0,0,0,0,0,0,2,38,2,22,0,2,0,0,1,2,1,0,1,0,0,0,0,0,0,0,0
"TCGA-LQ-A4E4",73,"female",0,0,0,0,"alive",NA,NA,NA,0,0,0,0,0,0,0,0,0,0,0,0,0,0,0,0,0,0,0,0,0,0,0,0,0,0,0,0,0,0,0
"TCGA-GM-A3XL",49,"female",106,1,0,0,"alive",NA,NA,NA,0,0,0,1,0,0,0,0,1,1,0,66,7,14,0,4,0,1,5,1,0,1,5,1,0,0,0,0,1,0,0
"TCGA-AR-A24U",47,"female",41,1,0,0,"alive",NA,NA,NA,1,0,0,0,0,0,0,0,1,0,0,27,5,8,0,0,0,0,1,0,0,0,0,0,0,0,0,0,1,0,0
"TCGA-AR-A0TT",53,"female",60,0,0,0,"alive",NA,NA,NA,0,1,0,1,0,0,0,0,0,0,0,38,1,14,1,3,0,0,3,0,0,0,0,0,0,0,0,0,0,0,0
"TCGA-E2-A14X",55,"female",33,1,0,0,"alive",NA,NA,NA,1,0,0,0,0,0,0,0,1,0,1,16,2,13,0,0,0,0,1,0,0,0,0,0,0,0,0,0,1,0,0
"TCGA-A2-A04U",47,"female",56,1,0,0,"alive",NA,NA,NA,0,0,0,0,0,0,0,0,1,0,0,41,0,10,0,0,0,0,3,2,0,0,0,0,0,0,0,0,1,0,0
"TCGA-GM-A3XN",44,"female",0,0,0,0,"alive",NA,NA,NA,0,0,0,0,0,0,0,0,0,0,0,0,0,0,0,0,0,0,0,0,0,0,0,0,0,0,0,0,0,0,0
"TCGA-BH-A5IZ",51,"female",75,1,0,0,"alive",NA,NA,NA,0,0,0,0,0,0,0,0,1,0,0,43,4,18,0,3,0,0,4,0,2,0,1,0,0,0,0,0,1,0,0
"TCGA-D8-A27F",40,"female",65,1,0,0,"alive",NA,NA,NA,0,1,0,0,0,0,0,0,1,1,0,41,2,13,0,2,0,0,3,0,0,0,3,0,0,0,0,0,1,0,0
"TCGA-D8-A147",45,"female",163,1,0,0,"alive",NA,NA,NA,1,0,0,0,0,0,0,0,1,0,0,117,7,30,0,1,0,0,5,0,0,0,2,0,0,1,0,0,1,0,0
"TCGA-BH-A0H5",45,"female",0,0,0,0,"alive",NA,NA,NA,0,0,0,0,0,0,0,0,0,0,0,0,0,0,0,0,0,0,0,0,0,0,0,0,0,0,0,0,0,0,0
"TCGA-EW-A1IY",38,"female",27,0,0,0,"alive",NA,NA,NA,0,0,1,0,0,0,0,0,1,0,1,14,2,8,1,0,0,0,1,0,0,0,0,0,0,0,0,1,0,0,0
"TCGA-EW-A1OV",56,"female",106,0,0,1,"alive",NA,NA,NA,1,0,0,0,0,0,0,0,1,0,0,68,10,24,0,1,0,0,2,0,0,0,0,0,1,0,0,1,0,0,0
"TCGA-E2-A14R",62,"female",115,1,0,0,"alive",NA,NA,NA,0,1,0,0,0,0,0,0,1,0,0,83,4,15,0,6,0,1,4,0,0,0,2,0,0,0,0,0,1,0,0
"TCGA-AR-A1AY",65,"female",57,0,0,0,"alive",NA,NA,NA,0,0,0,0,0,0,0,0,0,0,0,39,4,13,0,0,0,0,1,0,0,0,0,0,0,0,0,0,0,0,0
"TCGA-A2-A0D1",76,"female",58,1,0,1,"alive",NA,NA,NA,0,0,0,0,0,0,0,1,1,0,2,28,4,18,0,0,0,0,3,2,0,0,1,0,0,0,0,1,1,0,0
"TCGA-E9-A1N9",58,"female",60,1,0,0,"alive",NA,NA,NA,0,0,0,1,0,0,1,0,1,0,0,39,1,15,0,1,0,0,1,2,1,0,0,0,0,0,0,0,1,0,0
"TCGA-BH-A18H",63,"female",48,1,0,1,"alive",NA,NA,NA,0,0,0,0,0,0,0,0,1,0,0,31,3,10,0,1,0,0,1,0,2,0,0,0,0,0,0,1,1,0,0
"TCGA-AR-A2LK",62,"female",42,0,0,1,"dead",NA,NA,NA,0,0,0,0,1,0,0,0,1,0,0,27,1,12,0,0,0,0,2,0,0,0,0,0,0,0,0,1,0,0,0
"TCGA-A8-A06O",60,"female",70,1,0,0,"alive",NA,NA,NA,0,0,0,0,0,0,0,0,1,0,0,46,4,8,0,1,0,0,6,0,3,0,2,0,0,0,0,1,1,0,0
"TCGA-A8-A076",66,"female",75,0,0,0,"alive",NA,NA,NA,0,0,0,0,0,0,0,0,0,0,2,53,4,10,3,0,0,1,0,2,0,0,0,0,0,0,0,0,0,0,0
"TCGA-A8-A09R",82,"female",0,0,0,0,"alive",NA,NA,NA,0,0,0,0,0,0,0,0,0,0,0,0,0,0,0,0,0,0,0,0,0,0,0,0,0,0,0,0,0,0,0
"TCGA-A1-A0SJ",39,"female",31,0,0,0,"alive",NA,NA,NA,0,0,0,0,0,0,0,0,0,0,1,22,1,5,0,0,0,0,2,0,0,0,0,0,0,0,0,0,0,0,0
"TCGA-A8-A08Z",76,"female",37,0,0,1,"alive",NA,NA,NA,0,0,0,0,0,0,1,0,1,0,1,20,2,11,0,1,0,0,1,0,0,0,1,0,0,0,0,1,0,0,0
"TCGA-BH-A1F0",80,"female",68,1,0,0,"dead",NA,NA,NA,0,0,0,0,0,1,0,0,1,0,0,37,3,26,0,0,0,0,1,1,0,0,0,0,0,0,0,0,1,1,0
"TCGA-BH-A209",77,"female",98,0,0,0,"dead",NA,NA,NA,0,0,0,0,1,0,0,1,1,0,1,58,2,29,2,2,0,0,2,0,2,0,0,0,0,0,0,0,0,0,0
"TCGA-BH-A18U",72,"female",147,1,0,0,"dead",NA,NA,NA,0,0,0,0,0,0,0,0,1,2,1,85,8,41,0,3,0,1,4,1,0,0,1,0,0,0,0,0,1,0,0
"TCGA-A8-A09X",62,"female",61,1,0,0,"dead",NA,NA,NA,0,0,0,0,1,0,0,0,1,0,0,39,2,16,0,0,0,0,2,1,1,0,0,0,0,0,0,0,1,0,0
"TCGA-A1-A0SH",39,"female",109,0,0,0,"alive",NA,NA,NA,0,0,0,1,0,0,0,0,0,0,0,72,7,25,1,1,0,0,2,0,0,0,1,0,0,0,0,0,0,0,0
"TCGA-BH-A1EU",83,"female",20,0,0,1,"dead",NA,NA,NA,0,0,0,0,0,0,0,0,1,0,0,15,0,2,0,1,0,0,1,0,0,0,1,0,0,0,0,1,0,0,0
"TCGA-A2-A0CY",63,"female",0,0,0,0,"alive",NA,NA,NA,0,0,0,0,0,0,0,0,0,0,0,0,0,0,0,0,0,0,0,0,0,0,0,0,0,0,0,0,0,0,0
"TCGA-C8-A275",56,"female",126,1,0,0,"alive",NA,NA,NA,0,0,0,0,0,0,0,0,1,0,0,85,4,33,1,0,0,0,2,0,0,0,1,0,0,0,0,0,1,0,0
"TCGA-BH-A208",48,"female",65,1,0,1,"dead",NA,NA,NA,0,0,0,0,0,0,0,0,1,0,0,41,5,12,1,1,1,1,1,0,1,0,1,0,0,0,0,1,1,0,0
"TCGA-BH-A18J",56,"female",79,0,0,1,"dead",NA,NA,NA,0,0,0,0,0,0,0,0,1,0,0,47,9,18,1,1,0,0,1,1,1,0,0,0,0,0,0,1,0,0,0
"TCGA-BH-A1FG",88,"female",22,0,0,0,"dead",NA,NA,NA,0,0,0,0,0,0,1,0,1,0,0,12,0,5,0,1,0,0,4,0,0,0,0,0,0,0,0,0,0,1,0
"TCGA-BH-A18S",79,"female",31,0,1,0,"dead",NA,NA,NA,0,0,0,0,0,0,1,0,1,0,0,18,2,9,1,0,0,1,0,0,0,0,0,0,0,0,0,0,0,0,0
"TCGA-A1-A0SE",56,"female",30,0,0,0,"alive",NA,NA,NA,0,0,0,0,1,0,0,1,1,0,0,18,3,8,0,0,0,0,0,0,0,0,1,0,0,0,0,0,0,0,0
"TCGA-BH-A18Q",56,"female",93,1,0,0,"dead",NA,NA,NA,0,1,0,0,0,1,0,0,1,0,2,49,5,28,0,1,0,1,6,0,0,0,0,1,0,0,0,0,1,1,1
"TCGA-A8-A083",67,"female",32,0,0,0,"alive",NA,NA,NA,0,0,1,0,0,0,0,1,1,0,2,27,0,1,0,1,0,1,0,0,0,0,0,0,0,0,0,0,0,0,0
"TCGA-BH-A18P",60,"female",332,0,0,0,"dead",NA,NA,NA,1,0,0,0,1,1,1,1,1,0,1,201,27,88,0,4,0,0,4,2,2,2,0,0,1,0,0,0,0,1,0
"TCGA-A8-A09C",69,"female",29,0,0,1,"alive",NA,NA,NA,0,0,0,0,0,0,0,0,1,0,0,16,1,11,0,0,0,0,0,0,0,0,0,0,1,0,0,1,0,0,0
"TCGA-BH-A1F5",62,"female",32,0,0,0,"dead",NA,NA,NA,0,0,0,0,0,0,1,0,1,0,0,20,3,8,0,0,0,0,1,0,0,0,0,0,0,0,0,0,0,0,0
"TCGA-BH-A18V",48,"female",438,1,0,0,"dead",NA,NA,NA,0,0,0,0,0,0,0,0,1,0,0,292,15,88,2,13,2,2,9,6,4,0,4,0,0,0,1,0,1,0,0
"TCGA-BH-A0B2",NA,NA,0,0,0,0,NA,NA,NA,NA,0,0,0,0,0,0,0,0,0,0,0,0,0,0,0,0,0,0,0,0,0,0,0,0,0,0,0,0,0,0,0
"TCGA-A1-A0SD",59,"female",32,0,0,0,"alive",NA,NA,NA,0,0,1,0,0,0,0,0,1,0,2,22,1,5,0,0,0,0,0,0,0,0,2,0,0,0,0,1,0,0,0
"TCGA-A1-A0SM",77,"male",25,0,0,0,"alive",NA,NA,NA,0,0,0,0,0,0,0,0,0,0,0,12,2,9,1,0,0,0,1,0,0,0,0,0,0,0,0,0,0,0,0
"TCGA-C8-A133",65,"female",29,0,0,1,"alive",NA,NA,NA,0,0,1,0,0,0,0,0,1,0,0,19,2,6,0,0,0,0,2,0,0,0,0,0,0,0,0,1,0,0,0
"TCGA-A8-A06N",66,"female",0,0,0,0,"alive",NA,NA,NA,0,0,0,0,0,0,0,0,0,0,0,0,0,0,0,0,0,0,0,0,0,0,0,0,0,0,0,0,0,0,0
"TCGA-AO-A03N",59,"female",0,0,0,0,"alive",NA,NA,NA,0,0,0,0,0,0,0,0,0,0,0,0,0,0,0,0,0,0,0,0,0,0,0,0,0,0,0,0,0,0,0
"TCGA-BH-A1FC",78,"female",101,1,0,0,"dead",NA,NA,NA,0,0,0,0,0,0,0,0,1,0,2,76,1,15,1,4,0,0,2,0,0,0,0,0,0,0,0,0,1,0,0
"TCGA-BH-A203",78,"female",76,1,0,1,"dead",NA,NA,NA,1,0,0,0,0,0,0,0,1,0,0,41,3,26,0,1,0,1,4,0,0,0,0,0,0,0,0,1,1,0,0
"TCGA-BH-A18L",50,"female",52,0,0,0,"dead",NA,NA,NA,0,0,0,0,0,0,0,1,0,0,1,29,4,16,0,1,0,0,0,1,0,0,0,0,0,0,0,0,0,0,0
"TCGA-BH-A1FU",44,"female",70,1,0,0,"dead",NA,NA,NA,0,0,0,0,0,0,0,0,1,0,1,48,4,13,1,0,0,0,1,1,1,0,0,0,0,0,0,0,1,0,0
"TCGA-BH-A18M",39,"female",14,0,0,0,"dead",NA,NA,NA,0,0,1,0,0,0,1,0,1,1,0,10,1,2,0,0,0,0,0,0,0,0,0,0,0,0,0,0,0,0,0
"TCGA-A7-A0CD",66,"female",26,0,0,0,"alive",NA,NA,NA,0,0,0,0,0,0,0,0,0,0,0,17,1,8,0,0,0,0,0,0,0,0,0,0,0,0,0,0,0,0,0
"TCGA-BH-A18R",50,"female",28,0,0,0,"dead",NA,NA,NA,0,0,0,0,0,0,0,1,0,0,1,16,1,8,0,0,0,0,2,0,0,0,0,0,0,0,0,0,0,0,0
"TCGA-C8-A12T",43,"female",164,0,0,1,"alive",NA,NA,NA,1,0,0,0,0,0,0,0,1,0,0,114,12,34,1,2,0,1,0,0,0,0,0,0,0,0,0,1,0,1,0
"TCGA-A8-A06Z",84,"female",81,1,0,0,"alive",NA,NA,NA,1,0,0,0,0,0,0,0,1,0,0,54,1,22,0,0,0,0,3,1,0,0,0,0,0,0,0,0,1,0,0
"TCGA-BH-A1F8",89,"female",155,0,0,1,"dead",NA,NA,NA,1,0,0,0,0,0,0,1,1,0,4,95,12,36,2,0,0,1,1,2,1,0,0,1,0,0,0,1,0,0,0
"TCGA-A8-A08H",66,"female",83,0,0,0,"alive",NA,NA,NA,0,1,0,0,0,0,1,0,1,0,1,42,9,28,0,1,0,0,2,0,0,0,0,0,0,0,0,0,0,0,0
"TCGA-A8-A0A7",57,"female",230,0,0,1,"alive",NA,NA,NA,1,0,0,0,1,0,0,0,1,1,0,150,10,60,2,3,0,2,0,1,1,0,0,0,0,0,0,1,0,0,0
"TCGA-BH-A1F6",51,"female",42,1,0,0,"dead",NA,NA,NA,0,0,0,0,0,0,0,0,1,0,0,19,0,18,0,0,0,0,4,0,0,0,1,0,0,0,0,0,1,0,0
"TCGA-BH-A1FN",34,"female",117,1,0,0,"dead",NA,NA,NA,1,1,0,0,0,0,0,0,1,0,1,71,4,29,0,5,0,0,3,2,0,0,2,0,0,0,0,1,1,0,0
"TCGA-BH-A18K",46,"female",54,0,0,0,"dead",NA,NA,NA,0,0,0,0,0,1,0,0,0,0,0,31,5,14,0,1,0,0,1,0,0,0,1,0,0,1,0,0,0,1,0
"TCGA-A1-A0SK",54,"female",70,1,0,0,"dead",NA,NA,NA,0,0,0,0,0,0,0,0,1,0,0,49,2,16,0,0,0,0,2,0,0,0,1,0,0,0,0,0,1,0,0
"TCGA-A8-A08A",89,"female",0,0,0,0,"alive",NA,NA,NA,0,0,0,0,0,0,0,0,0,0,0,0,0,0,0,0,0,0,0,0,0,0,0,0,0,0,0,0,0,0,0
"TCGA-BH-A1FH",47,"female",20,0,0,0,"dead",NA,NA,NA,0,0,1,0,0,0,0,1,1,0,1,11,0,6,1,0,0,0,1,0,0,0,0,0,0,0,0,0,0,0,0
"TCGA-BH-A18T",70,"female",89,1,0,0,"dead",NA,NA,NA,1,0,0,0,0,0,0,0,1,0,0,61,1,20,1,0,0,0,2,1,1,0,0,0,2,0,0,0,1,0,0
"TCGA-BH-A1ES",35,"female",22,0,0,0,"dead",NA,NA,NA,1,0,0,0,0,1,0,0,0,0,0,15,2,4,0,0,0,0,1,0,0,0,0,0,0,0,0,0,0,1,0
"TCGA-A8-A08R",52,"female",256,1,0,1,"alive",NA,NA,NA,1,1,0,0,0,1,0,0,1,1,1,160,15,63,2,2,1,1,6,0,2,0,2,0,0,0,0,1,1,1,0
"TCGA-A2-A0YC",59,"female",23,0,0,1,"alive",NA,NA,NA,0,0,0,0,0,0,0,0,1,0,1,18,0,3,0,0,0,0,0,0,0,0,1,0,0,0,0,1,0,0,0
"TCGA-BH-A1EW",38,"female",13,0,0,0,"dead",NA,NA,NA,0,0,0,0,0,0,0,0,0,0,0,7,1,2,0,2,0,0,0,1,0,0,0,0,0,0,0,0,0,0,0
"TCGA-BH-A1FM",44,"female",57,0,0,0,"dead",NA,NA,NA,0,0,1,0,0,0,0,0,1,0,2,36,3,10,1,2,0,0,2,0,0,0,1,0,0,0,0,0,0,0,0
"TCGA-A8-A090",74,"female",37,0,0,0,"alive",NA,NA,NA,0,0,0,0,0,0,1,0,1,0,2,18,2,10,1,1,0,1,0,0,1,0,1,0,0,0,0,0,0,0,0
"TCGA-BH-A1FE",31,"female",20,1,0,1,"dead",NA,NA,NA,0,0,0,0,0,0,0,0,1,0,0,13,0,5,0,2,0,0,0,0,0,0,0,0,0,0,0,1,1,0,0
"TCGA-A8-A09Z",83,"female",1380,0,0,0,"alive",NA,NA,NA,0,0,1,1,1,1,0,0,1,1,46,770,38,309,9,27,3,3,123,12,17,2,14,3,2,1,0,1,0,1,0
"TCGA-BH-A1FD",68,"female",33,1,0,0,"dead",NA,NA,NA,1,0,0,0,0,0,0,0,1,0,1,19,1,9,0,0,0,0,0,1,0,0,1,1,0,0,0,0,1,0,0
"TCGA-A8-A09W",70,"female",84,0,0,0,"alive",NA,NA,NA,1,1,0,1,1,0,0,0,1,0,0,56,6,15,1,2,0,0,3,1,0,0,0,0,0,0,0,0,0,0,0
"TCGA-BH-A1FB",60,"female",0,0,0,0,"dead",NA,NA,NA,0,0,0,0,0,0,0,0,0,0,0,0,0,0,0,0,0,0,0,0,0,0,0,0,0,0,0,0,0,0,0
"TCGA-BH-A1F2",53,"female",53,1,0,0,"dead",NA,NA,NA,1,0,0,0,0,0,0,0,1,1,1,31,2,15,1,1,0,0,1,0,0,0,0,0,0,0,0,0,1,0,0
"TCGA-A1-A0SB",70,"female",15,0,0,0,"alive",NA,NA,NA,0,0,0,0,0,0,0,0,0,0,2,10,0,3,0,0,0,0,0,0,0,0,0,0,0,0,0,0,0,0,0
"TCGA-A1-A0SI",52,"female",221,1,0,1,"alive",NA,NA,NA,0,0,0,0,0,0,0,0,1,1,0,133,17,60,1,6,0,0,0,0,0,1,0,0,2,0,0,1,1,0,0
"TCGA-BH-A1ET",55,"female",25,0,0,1,"dead",NA,NA,NA,0,0,0,0,0,0,0,0,1,0,0,17,1,5,0,1,0,1,0,0,0,0,0,0,0,0,0,1,0,0,0
"TCGA-A8-A06Q",63,"female",242,1,0,1,"alive",NA,NA,NA,0,0,0,0,0,0,0,0,1,1,2,153,16,58,1,2,1,1,2,4,0,0,1,0,0,0,0,1,1,0,0
"TCGA-BH-A1EO",68,"female",36,0,0,0,"dead",NA,NA,NA,0,0,0,0,0,0,0,0,1,0,1,23,6,4,0,1,0,0,1,0,0,0,0,0,0,0,0,0,0,1,0
"TCGA-BH-A1FL",69,"female",22,0,0,0,"dead",NA,NA,NA,0,0,0,0,0,0,0,0,0,0,3,12,1,5,0,0,0,0,1,0,0,0,0,0,0,0,0,0,0,0,0
"TCGA-C8-A1HJ",53,"female",114,1,0,0,"alive",NA,NA,NA,0,0,0,0,0,0,0,0,1,0,0,75,4,23,1,2,0,0,3,1,0,0,5,0,0,0,0,0,1,0,0
"TCGA-BH-A1EN",78,"female",65,0,0,0,"dead",NA,NA,NA,0,1,0,0,0,0,0,0,0,0,1,43,2,15,0,1,1,0,2,0,0,0,0,0,0,0,0,0,0,0,0
"TCGA-BH-A1FR",73,"female",13,0,0,0,"dead",NA,NA,NA,0,0,0,0,0,0,0,0,0,0,0,11,1,1,0,0,0,0,0,0,0,0,0,0,0,0,0,0,0,0,0
"TCGA-A1-A0SG",61,"female",29,0,0,0,"alive",NA,NA,NA,0,0,0,0,0,0,1,0,1,0,1,20,1,6,0,0,0,0,0,0,1,0,0,0,0,0,0,0,0,0,0
"TCGA-A8-A096",73,"female",32,0,0,1,"alive",NA,NA,NA,0,0,0,0,0,0,0,0,1,0,3,21,0,5,0,2,0,0,1,0,0,0,0,0,0,0,0,1,0,0,0
"TCGA-C8-A12K",80,"female",141,1,0,0,"alive",NA,NA,NA,0,0,0,0,0,0,0,0,1,0,0,91,5,31,1,3,0,0,4,1,3,0,1,0,1,0,0,0,1,0,1
"TCGA-A8-A09N",57,"female",79,1,0,0,"alive",NA,NA,NA,0,0,0,0,0,0,0,1,1,0,3,47,0,25,1,1,0,0,1,0,0,0,1,0,0,0,0,0,1,0,0
"TCGA-A8-A094",75,"female",208,1,0,0,"alive",NA,NA,NA,0,0,0,0,0,1,0,0,1,0,0,134,9,40,1,6,0,2,8,3,1,1,2,1,0,0,0,1,1,1,0
"TCGA-AR-A24P",47,"female",20,1,0,0,"alive",NA,NA,NA,0,0,1,0,0,0,0,0,1,0,1,14,1,2,0,1,0,0,1,0,0,0,0,0,0,0,0,0,1,0,0
"TCGA-A8-A0A1",84,"female",46,0,0,1,"alive",NA,NA,NA,0,0,0,0,1,0,0,0,1,0,0,31,2,10,0,0,0,0,3,0,0,0,0,0,0,0,0,1,0,0,0
"TCGA-BH-A1EX",67,"female",19,0,0,0,"dead",NA,NA,NA,0,0,0,0,0,0,0,0,0,0,0,14,1,2,0,0,1,1,0,0,0,0,0,0,0,0,0,0,0,0,0
"TCGA-BH-A204",80,"female",38,0,0,0,"dead",NA,NA,NA,0,0,0,0,0,0,0,0,0,0,1,25,2,7,0,0,0,0,1,1,0,0,0,0,1,0,0,0,0,0,0
"TCGA-BH-A1FJ",66,"female",30,0,0,0,"dead",NA,NA,NA,0,0,0,0,0,0,0,1,0,0,1,15,1,10,0,2,0,0,0,0,0,0,1,0,0,0,0,0,0,0,0
"TCGA-A8-A081",80,"female",117,1,0,1,"alive",NA,NA,NA,0,0,0,0,0,0,0,0,1,0,2,82,2,19,1,2,1,1,2,1,3,0,1,0,0,0,0,1,1,0,0
"TCGA-A8-A09G",79,"female",285,0,0,0,"alive",NA,NA,NA,1,0,0,1,0,0,0,1,0,0,2,191,18,59,2,0,0,1,4,3,2,0,0,2,1,0,0,0,0,0,0
"TCGA-A1-A0SF",54,"female",53,0,0,0,"alive",NA,"Treatment Ongoing",NA,0,0,0,0,0,1,0,1,0,0,0,36,3,10,1,1,1,0,1,0,0,0,0,0,0,0,0,0,0,1,0
